<?xml version='1.0' encoding='utf-8'?>
<stringtable>
    <info version="1.0" modified="Fri Apr 11 17:34:24 2025" modifiedby="John" rgon_sta_version="0" />
    <languages>
        <language id="21" index="0" name="Key" />
        <language id="0" index="1" name="English" />
        <language id="2" index="2" name="Japanese" />
        <language id="11" index="3" name="Korean" />
        <language id="13" index="4" name="Chinese (Simple)" />
        <language id="10" index="5" name="Russian" />
        <language id="5" index="6" name="German" />
        <language id="4" index="7" name="Spanish" />
        <language id="3" index="8" name="French" />
    </languages>
    <category name="Default">
        <key name="CONTROLLER_DISCONNECTED_HEADER">
            <string />
            <string />
            <string>컨트롤러와의 연결이 끊겼습니다!</string>
            <string />
            <string />
            <string />
            <string />
            <string />
        </key>
        <key name="CONTROLLER_DISCONNECTED_MESSAGE">
            <string />
            <string />
            <string>컨트롤러와 다시 연결한 후\n아무 버튼이나 눌러주세요.</string>
            <string />
            <string />
            <string />
            <string />
            <string />
        </key>
        <key name="INPUT_WALK_UP">
            <string />
            <string />
            <string>걷기 상:</string>
            <string />
            <string />
            <string />
            <string />
            <string />
        </key>
        <key name="INPUT_WALK_DOWN">
            <string />
            <string />
            <string>걷기 하:</string>
            <string />
            <string />
            <string />
            <string />
            <string />
        </key>
        <key name="INPUT_WALK_LEFT">
            <string />
            <string />
            <string>걷기 좌:</string>
            <string />
            <string />
            <string />
            <string />
            <string />
        </key>
        <key name="INPUT_WALK_RIGHT">
            <string />
            <string />
            <string>걷기 우:</string>
            <string />
            <string />
            <string />
            <string />
            <string />
        </key>
        <key name="INPUT_WALK_MENU_UP">
            <string />
            <string />
            <string>걷기 / 메뉴 상:</string>
            <string />
            <string />
            <string />
            <string />
            <string />
        </key>
        <key name="INPUT_WALK_MENU_DOWN">
            <string />
            <string />
            <string>걷기 / 메뉴 하:</string>
            <string />
            <string />
            <string />
            <string />
            <string />
        </key>
        <key name="INPUT_WALK_MENU_LEFT">
            <string />
            <string />
            <string>걷기 / 메뉴 좌:</string>
            <string />
            <string />
            <string />
            <string />
            <string />
        </key>
        <key name="INPUT_WALK_MENU_RIGHT">
            <string />
            <string />
            <string>걷기 / 메뉴 우:</string>
            <string />
            <string />
            <string />
            <string />
            <string />
        </key>
        <key name="INPUT_SHOOT_UP">
            <string />
            <string />
            <string>발사 상:</string>
            <string />
            <string />
            <string />
            <string />
            <string />
        </key>
        <key name="INPUT_SHOOT_DOWN">
            <string />
            <string />
            <string>발사 하:</string>
            <string />
            <string />
            <string />
            <string />
            <string />
        </key>
        <key name="INPUT_SHOOT_LEFT">
            <string />
            <string />
            <string>발사 좌:</string>
            <string />
            <string />
            <string />
            <string />
            <string />
        </key>
        <key name="INPUT_SHOOT_RIGHT">
            <string />
            <string />
            <string>발사 우:</string>
            <string />
            <string />
            <string />
            <string />
            <string />
        </key>
        <key name="INPUT_BOMB">
            <string />
            <string />
            <string>폭탄:</string>
            <string />
            <string />
            <string />
            <string />
            <string />
        </key>
        <key name="INPUT_ITEM">
            <string />
            <string />
            <string>아이템:</string>
            <string />
            <string />
            <string />
            <string />
            <string />
        </key>
        <key name="INPUT_PILL_CARD">
            <string />
            <string />
            <string>알약/카드:</string>
            <string />
            <string />
            <string />
            <string />
            <string />
        </key>
        <key name="INPUT_DROP">
            <string />
            <string />
            <string>내려놓기:</string>
            <string />
            <string />
            <string />
            <string />
            <string />
        </key>
        <key name="INPUT_MAP">
            <string />
            <string />
            <string>맵:</string>
            <string />
            <string />
            <string />
            <string />
            <string />
        </key>
        <key name="INPUT_EMOTE">
            <string />
            <string />
            <string>감정표현:</string>
            <string />
            <string />
            <string />
            <string />
            <string />
        </key>
        <key name="INPUT_DESCRIPTIONS">
            <string />
            <string />
            <string>아이템 설명:</string>
            <string />
            <string />
            <string />
            <string />
            <string />
        </key>
        <key name="INPUT_FULLSCREEN">
            <string />
            <string />
            <string>전체화면:</string>
            <string />
            <string />
            <string />
            <string />
            <string />
        </key>
        <key name="INPUT_RESTART">
            <string />
            <string />
            <string>재시작:</string>
            <string />
            <string />
            <string />
            <string />
            <string />
        </key>
        <key name="INPUT_MUTE">
            <string />
            <string />
            <string>음소거:</string>
            <string />
            <string />
            <string />
            <string />
            <string />
        </key>
        <key name="INPUT_PAUSE">
            <string />
            <string />
            <string>일시정지:</string>
            <string />
            <string />
            <string />
            <string />
            <string />
        </key>
        <key name="INPUT_PAUSE_JOIN">
            <string />
            <string />
            <string>일시정지/참가:</string>
            <string />
            <string />
            <string />
            <string />
            <string />
        </key>
        <key name="INPUT_MENU_CONFIRM">
            <string />
            <string />
            <string>메뉴 확인:</string>
            <string />
            <string />
            <string />
            <string />
            <string />
        </key>
        <key name="INPUT_MENU_BACK">
            <string />
            <string />
            <string>메뉴 뒤로:</string>
            <string />
            <string />
            <string />
            <string />
            <string />
        </key>
        <key name="INPUT_MENU_TOUCHSCREEN">
            <string />
            <string />
            <string>터치스크린</string>
            <string />
            <string />
            <string />
            <string />
            <string />
        </key>
        <key name="INPUT_MENU_TOUCHSCREEN2">
            <string />
            <string />
            <string>터치 스크린</string>
            <string />
            <string />
            <string />
            <string />
            <string />
        </key>
        <key name="INPUT_MENU_TOUCHPAD">
            <string />
            <string />
            <string>터치 패드</string>
            <string />
            <string />
            <string />
            <string />
            <string />
        </key>
        <key name="BESTIARY_NONE">
            <string />
            <string />
            <string>없음</string>
            <string />
            <string />
            <string />
            <string />
            <string />
        </key>
        <key name="BESTIARY_UNKNOWN">
            <string />
            <string />
            <string>알 수 없음</string>
            <string />
            <string />
            <string />
            <string />
            <string />
        </key>
        <key name="BESTIARY_HP">
            <string />
            <string />
            <string>체력</string>
            <string />
            <string />
            <string />
            <string />
            <string />
        </key>
        <key name="BESTIARY_HITS">
            <string />
            <string />
            <string>피격 횟수</string>
            <string />
            <string />
            <string />
            <string />
            <string />
        </key>
        <key name="BESTIARY_DEATHS">
            <string />
            <string />
            <string>사망 횟수</string>
            <string />
            <string />
            <string />
            <string />
            <string />
        </key>
        <key name="BESTIARY_KILLS">
            <string />
            <string />
            <string>처치 횟수</string>
            <string />
            <string />
            <string />
            <string />
            <string />
        </key>
        <key name="BESTIARY_ENCOUNTERS">
            <string />
            <string />
            <string>조우 횟수</string>
            <string />
            <string />
            <string />
            <string />
            <string />
        </key>
        <key name="TRANSFORMATION_GUPPY">
            <string />
            <string />
            <string>구피!</string>
            <string />
            <string />
            <string />
            <string />
            <string />
        </key>
        <key name="TRANSFORMATION_BEELZEBUB">
            <string />
            <string />
            <string>벨제붑!</string>
            <string />
            <string />
            <string />
            <string />
            <string />
        </key>
        <key name="TRANSFORMATION_BOB">
            <string />
            <string />
            <string>밥!</string>
            <string />
            <string />
            <string />
            <string />
            <string />
        </key>
        <key name="TRANSFORMATION_SPUN">
            <string />
            <string />
            <string>약쟁이!</string>
            <string />
            <string />
            <string />
            <string />
            <string />
        </key>
        <key name="TRANSFORMATION_YES_MOTHER">
            <string />
            <string />
            <string>엄마?!</string>
            <string />
            <string />
            <string />
            <string />
            <string />
        </key>
        <key name="TRANSFORMATION_FUN_GUY">
            <string />
            <string />
            <string>버섯!</string>
            <string />
            <string />
            <string />
            <string />
            <string />
        </key>
        <key name="TRANSFORMATION_CONJOINED">
            <string />
            <string />
            <string>샴쌍둥이!</string>
            <string />
            <string />
            <string />
            <string />
            <string />
        </key>
        <key name="TRANSFORMATION_LEVIATHAN">
            <string />
            <string />
            <string>레비아탄!</string>
            <string />
            <string />
            <string />
            <string />
            <string />
        </key>
        <key name="TRANSFORMATION_SERAPHIM">
            <string />
            <string />
            <string>세라핌!</string>
            <string />
            <string />
            <string />
            <string />
            <string />
        </key>
        <key name="TRANSFORMATION_OH_CRAP">
            <string />
            <string />
            <string>똥!</string>
            <string />
            <string />
            <string />
            <string />
            <string />
        </key>
        <key name="TRANSFORMATION_BOOK_WORM">
            <string />
            <string />
            <string>책벌레!</string>
            <string />
            <string />
            <string />
            <string />
            <string />
        </key>
        <key name="TRANSFORMATION_SPIDER_BABY">
            <string />
            <string />
            <string>거미!</string>
            <string />
            <string />
            <string />
            <string />
            <string />
        </key>
        <key name="TRANSFORMATION_ADULT">
            <string />
            <string />
            <string>성인!</string>
            <string />
            <string />
            <string />
            <string />
            <string />
        </key>
        <key name="TRANSFORMATION_NECROMANCER">
            <string />
            <string />
            <string>강령술사!</string>
            <string />
            <string />
            <string />
            <string />
            <string />
        </key>
        <key name="MINIMAP_TIME_LABEL">
            <string />
            <string />
            <string>시간:</string>
            <string />
            <string />
            <string />
            <string />
            <string />
        </key>
        <key name="MINIMAP_SCORE_LABEL">
            <string />
            <string />
            <string>점수:</string>
            <string />
            <string />
            <string />
            <string />
            <string />
        </key>
        <key name="TRANSFORMATION_STOMPY">
            <string />
            <string />
            <string>쿵쿵이!</string>
            <string />
            <string />
            <string />
            <string />
            <string />
        </key>
        <key name="YOU_FEEL_BLESSED">
            <string />
            <string />
            <string>축복받은 느낌!</string>
            <string />
            <string />
            <string />
            <string />
            <string />
        </key>
        <key name="LUCKY_PENNY_NAME">
            <string />
            <string />
            <string>행운의 동전</string>
            <string />
            <string />
            <string />
            <string />
            <string />
        </key>
        <key name="LUCKY_PENNY_DESCRIPTION">
            <string />
            <string />
            <string>행운 증가</string>
            <string />
            <string />
            <string />
            <string />
            <string />
        </key>
        <key name="POKE_GO_APPEAR_NOTIFY">
            <string />
            <string />
            <string>%s가 튀어나왔다!</string>
            <string />
            <string />
            <string />
            <string />
            <string />
        </key>
        <key name="STAT_UP_DOWN_FORMAT">
            <string />
            <string />
            <string>%s, %s</string>
            <string />
            <string />
            <string />
            <string />
            <string />
        </key>
        <key name="STAT_UP_TEARS_1">
            <string />
            <string />
            <string>공격 속도 증가</string>
            <string />
            <string />
            <string />
            <string />
            <string />
        </key>
        <key name="STAT_UP_TEARS_2">
            <string />
            <string />
            <string>공격 속도 증가</string>
            <string />
            <string />
            <string />
            <string />
            <string />
        </key>
        <key name="STAT_DOWN_TEARS_1">
            <string />
            <string />
            <string>공격 속도 감소</string>
            <string />
            <string />
            <string />
            <string />
            <string />
        </key>
        <key name="STAT_DOWN_TEARS_2">
            <string />
            <string />
            <string>공격 속도 감소</string>
            <string />
            <string />
            <string />
            <string />
            <string />
        </key>
        <key name="STAT_UP_SPEED_1">
            <string />
            <string />
            <string>이동 속도 증가</string>
            <string />
            <string />
            <string />
            <string />
            <string />
        </key>
        <key name="STAT_UP_SPEED_2">
            <string />
            <string />
            <string>이동 속도 증가</string>
            <string />
            <string />
            <string />
            <string />
            <string />
        </key>
        <key name="STAT_DOWN_SPEED_1">
            <string />
            <string />
            <string>이동 속도 감소</string>
            <string />
            <string />
            <string />
            <string />
            <string />
        </key>
        <key name="STAT_DOWN_SPEED_2">
            <string />
            <string />
            <string>이동 속도 감소</string>
            <string />
            <string />
            <string />
            <string />
            <string />
        </key>
        <key name="STAT_UP_RANGE_1">
            <string />
            <string />
            <string>사거리 증가</string>
            <string />
            <string />
            <string />
            <string />
            <string />
        </key>
        <key name="STAT_UP_RANGE_2">
            <string />
            <string />
            <string>사거리 증가</string>
            <string />
            <string />
            <string />
            <string />
            <string />
        </key>
        <key name="STAT_DOWN_RANGE_1">
            <string />
            <string />
            <string>사거리 감소</string>
            <string />
            <string />
            <string />
            <string />
            <string />
        </key>
        <key name="STAT_DOWN_RANGE_2">
            <string />
            <string />
            <string>사거리 감소</string>
            <string />
            <string />
            <string />
            <string />
            <string />
        </key>
        <key name="STAT_UP_SHOT_SPEED_1">
            <string />
            <string />
            <string>투사체 속도 증가</string>
            <string />
            <string />
            <string />
            <string />
            <string />
        </key>
        <key name="STAT_UP_SHOT_SPEED_2">
            <string />
            <string />
            <string>투사체 속도 증가</string>
            <string />
            <string />
            <string />
            <string />
            <string />
        </key>
        <key name="STAT_DOWN_SHOT_SPEED_1">
            <string />
            <string />
            <string>투사체 속도 감소</string>
            <string />
            <string />
            <string />
            <string />
            <string />
        </key>
        <key name="STAT_DOWN_SHOT_SPEED_2">
            <string />
            <string />
            <string>투사체 속도 감소</string>
            <string />
            <string />
            <string />
            <string />
            <string />
        </key>
        <key name="STAT_UP_LUCK_1">
            <string />
            <string />
            <string>행운 증가</string>
            <string />
            <string />
            <string />
            <string />
            <string />
        </key>
        <key name="STAT_UP_LUCK_2">
            <string />
            <string />
            <string>행운 증가</string>
            <string />
            <string />
            <string />
            <string />
            <string />
        </key>
        <key name="STAT_DOWN_LUCK_1">
            <string />
            <string />
            <string>행운 감소</string>
            <string />
            <string />
            <string />
            <string />
            <string />
        </key>
        <key name="STAT_DOWN_LUCK_2">
            <string />
            <string />
            <string>행운 감소</string>
            <string />
            <string />
            <string />
            <string />
            <string />
        </key>
        <key name="STAT_UP_HP_1">
            <string />
            <string />
            <string>체력 증가</string>
            <string />
            <string />
            <string />
            <string />
            <string />
        </key>
        <key name="STAT_UP_HP_2">
            <string />
            <string />
            <string>체력 증가</string>
            <string />
            <string />
            <string />
            <string />
            <string />
        </key>
        <key name="STAT_DOWN_HP_1">
            <string />
            <string />
            <string>체력 감소</string>
            <string />
            <string />
            <string />
            <string />
            <string />
        </key>
        <key name="STAT_DOWN_HP_2">
            <string />
            <string />
            <string>체력 감소</string>
            <string />
            <string />
            <string />
            <string />
            <string />
        </key>
        <key name="INPUT_MENU_L">
            <string />
            <string />
            <string>메뉴 1:</string>
            <string />
            <string />
            <string />
            <string />
            <string />
        </key>
        <key name="INPUT_MENU_R">
            <string />
            <string />
            <string>메뉴 2:</string>
            <string />
            <string />
            <string />
            <string />
            <string />
        </key>
        <key name="DAILY_RUN_STAGE_BONUS">
            <string />
            <string />
            <string>스테이지 보너스:</string>
            <string />
            <string />
            <string />
            <string />
            <string />
        </key>
        <key name="DAILY_RUN_EXPLORATION_BONUS">
            <string />
            <string />
            <string>탐사 보너스:</string>
            <string />
            <string />
            <string />
            <string />
            <string />
        </key>
        <key name="DAILY_RUN_SCHWAG_BONUS">
            <string />
            <string />
            <string>아이템 보너스:</string>
            <string />
            <string />
            <string />
            <string />
            <string />
        </key>
        <key name="DAILY_RUN_???_BONUS">
            <string />
            <string />
            <string>??? 보너스:</string>
            <string />
            <string />
            <string />
            <string />
            <string />
        </key>
        <key name="DAILY_RUN_LAMB_BONUS">
            <string />
            <string />
            <string>양 보너스:</string>
            <string />
            <string />
            <string />
            <string />
            <string />
        </key>
        <key name="DAILY_RUN_MOTHER_BONUS">
            <string />
            <string />
            <string>어머니 보너스:</string>
            <string />
            <string />
            <string />
            <string />
            <string />
        </key>
        <key name="DAILY_RUN_DELIRIUM_BONUS">
            <string />
            <string />
            <string>섬망 보너스:</string>
            <string />
            <string />
            <string />
            <string />
            <string />
        </key>
        <key name="DAILY_RUN_BEAST_BONUS">
            <string />
            <string />
            <string>짐승 보너스:</string>
            <string />
            <string />
            <string />
            <string />
            <string />
        </key>
        <key name="DAILY_RUN_RUSH_BONUS">
            <string />
            <string />
            <string>러시 보너스:</string>
            <string />
            <string />
            <string />
            <string />
            <string />
        </key>
        <key name="DAILY_RUN_MEGA_SATAN_BONUS">
            <string />
            <string />
            <string>메가 사탄 보너스:</string>
            <string />
            <string />
            <string />
            <string />
            <string />
        </key>
        <key name="DAILY_RUN_DAMAGE_PENALTY">
            <string />
            <string />
            <string>피해 페널티:</string>
            <string />
            <string />
            <string />
            <string />
            <string />
        </key>
        <key name="DAILY_RUN_TIME_PENALTY">
            <string />
            <string />
            <string>시간 페널티:</string>
            <string />
            <string />
            <string />
            <string />
            <string />
        </key>
        <key name="DAILY_RUN_ITEM_PENALTY">
            <string />
            <string />
            <string>아이템 페널티:</string>
            <string />
            <string />
            <string />
            <string />
            <string />
        </key>
        <key name="DAILY_RUN_TOTAL">
            <string />
            <string />
            <string>총합</string>
            <string />
            <string />
            <string />
            <string />
            <string />
        </key>
        <key name="DAILY_RUN_FINISH_TIME">
            <string />
            <string />
            <string>시간 (Lv %d)</string>
            <string />
            <string />
            <string />
            <string />
            <string />
        </key>
        <key name="LEADERBOARD_SELF_NO_EXIST">
            <string />
            <string />
            <string>아직 입장하지 않았습니다.</string>
            <string />
            <string />
            <string />
            <string />
            <string />
        </key>
        <key name="LEADERBOARD_NO_ENTRIES">
            <string />
            <string />
            <string>항목이 없습니다.</string>
            <string />
            <string />
            <string />
            <string />
            <string />
        </key>
        <key name="SAVE_DATA_CORRUPTED_HAS_BACKUP_LINE_1">
            <string />
            <string />
            <string>이 슬롯에 있는 세이브 데이터는 손상되었습니다.</string>
            <string />
            <string />
            <string />
            <string />
            <string />
        </key>
        <key name="SAVE_DATA_CORRUPTED_HAS_BACKUP_LINE_2">
            <string />
            <string />
            <string />
            <string />
            <string />
            <string />
            <string />
            <string />
        </key>
        <key name="SAVE_DATA_CORRUPTED_HAS_BACKUP_LINE_3">
            <string />
            <string />
            <string>%02d/%02d/%4d에 백업이 있습니다.</string>
            <string />
            <string />
            <string />
            <string />
            <string />
        </key>
        <key name="SAVE_DATA_CORRUPTED_HAS_BACKUP_LINE_4">
            <string />
            <string />
            <string>백업을 사용하여</string>
            <string />
            <string />
            <string />
            <string />
            <string />
        </key>
        <key name="SAVE_DATA_CORRUPTED_HAS_BACKUP_LINE_5">
            <string />
            <string />
            <string>슬롯을 복구하시겠습니까?</string>
            <string />
            <string />
            <string />
            <string />
            <string />
        </key>
        <key name="SAVE_DATA_CORRUPTED_NO_BACKUP_LINE_1">
            <string />
            <string />
            <string>이 슬롯에 있는 세이브 데이터는 손상되었습니다.</string>
            <string />
            <string />
            <string />
            <string />
            <string />
        </key>
        <key name="SAVE_DATA_CORRUPTED_NO_BACKUP_LINE_2">
            <string />
            <string />
            <string />
            <string />
            <string />
            <string />
            <string />
            <string />
        </key>
        <key name="SAVE_DATA_CORRUPTED_NO_BACKUP_LINE_3">
            <string />
            <string />
            <string>이 슬롯의 백업이 존재하지 않습니다.</string>
            <string />
            <string />
            <string />
            <string />
            <string />
        </key>
        <key name="SAVE_DATA_CORRUPTED_NO_BACKUP_LINE_4">
            <string />
            <string />
            <string>초기화하시겠습니까?</string>
            <string />
            <string />
            <string />
            <string />
            <string />
        </key>
        <key name="SAVE_DATA_CORRUPTED_NO_BACKUP_LINE_5">
            <string />
            <string />
            <string />
            <string />
            <string />
            <string />
            <string />
            <string />
        </key>
        <key name="SAVE_IMPORT_SUCCESS">
            <string />
            <string />
            <string>세이브 %d: 성공적으로 불러왔습니다!</string>
            <string />
            <string />
            <string />
            <string />
            <string />
        </key>
        <key name="SAVE_IMPORT_FAIL">
            <string />
            <string />
            <string>세이브 %d: 불러오기를 실패하였습니다!</string>
            <string />
            <string />
            <string />
            <string />
            <string />
        </key>
        <key name="QUIT_DAILY_RUN_1">
            <string />
            <string />
            <string>정말 일일 도전에서</string>
            <string />
            <string />
            <string />
            <string />
            <string />
        </key>
        <key name="QUIT_DAILY_RUN_2">
            <string />
            <string />
            <string>나가시게요?</string>
            <string />
            <string />
            <string />
            <string />
            <string />
        </key>
        <key name="QUIT_DAILY_RUN_3">
            <string />
            <string />
            <string>계속 진행하실 수</string>
            <string />
            <string />
            <string />
            <string />
            <string />
        </key>
        <key name="QUIT_DAILY_RUN_4">
            <string />
            <string />
            <string>없게 됩니다.</string>
            <string />
            <string />
            <string />
            <string />
            <string />
        </key>
        <key name="EDEN_TOKENS_COUNT">
            <string />
            <string />
            <string>에덴 토큰: %u</string>
            <string />
            <string />
            <string />
            <string />
            <string />
        </key>
        <key name="ZZAZZ_PATTERN">
            <string />
            <string />
            <string>ZZ.</string>
            <string />
            <string />
            <string />
            <string />
            <string />
        </key>
        <key name="LOADING">
            <string />
            <string />
            <string>불러오는 중...</string>
            <string />
            <string />
            <string />
            <string />
            <string />
        </key>
        <key name="VS">
            <string />
            <string />
            <string>VS</string>
            <string />
            <string />
            <string />
            <string />
            <string />
        </key>
        <key name="PROMPT_OK">
            <string />
            <string />
            <string>확인</string>
            <string />
            <string />
            <string />
            <string />
            <string />
        </key>
        <key name="PROMPT_YES">
            <string />
            <string />
            <string>네</string>
            <string />
            <string />
            <string />
            <string />
            <string />
        </key>
        <key name="PROMPT_NO">
            <string />
            <string />
            <string>아니오</string>
            <string />
            <string />
            <string />
            <string />
            <string />
        </key>
        <key name="RESELECT_CONTROLLER_HEADER">
            <string />
            <string />
            <string>컨트롤러를 선택해주세요!</string>
            <string />
            <string />
            <string />
            <string />
            <string />
        </key>
        <key name="RESELECT_CONTROLLER_MESSAGE">
            <string />
            <string />
            <string>사용할 컨트롤러의 아무 버튼을 눌러주세요</string>
            <string />
            <string />
            <string />
            <string />
            <string />
        </key>
        <key name="PROMPT_CONTINUE">
            <string />
            <string />
            <string>계속하기</string>
            <string />
            <string />
            <string />
            <string />
            <string />
        </key>
        <key name="PROMPT_EXIT">
            <string />
            <string />
            <string>나가기</string>
            <string />
            <string />
            <string />
            <string />
            <string />
        </key>
        <key name="ITEM_INFO_UNIDENTIFIED">
            <string />
            <string />
            <string>아이템을 한 번 얻어야 확인할 수 있습니다</string>
            <string />
            <string />
            <string />
            <string />
            <string />
        </key>
        <key name="ITEM_INFO_UNIDENTIFIED_PILL">
            <string />
            <string />
            <string>확인하지 않은 알약</string>
            <string />
            <string />
            <string />
            <string />
            <string />
        </key>
        <key name="ITEM_INFO_UNIDENTIFIED_TAROT_CARD">
            <string />
            <string />
            <string>타로 카드</string>
            <string />
            <string />
            <string />
            <string />
            <string />
        </key>
        <key name="ITEM_INFO_UNIDENTIFIED_PLAYING_CARD">
            <string />
            <string />
            <string>플레잉 카드</string>
            <string />
            <string />
            <string />
            <string />
            <string />
        </key>
        <key name="ITEM_INFO_UNIDENTIFIED_RUNE">
            <string />
            <string />
            <string>룬</string>
            <string />
            <string />
            <string />
            <string />
            <string />
        </key>
        <key name="ITEM_INFO_UNIDENTIFIED_Card">
            <string />
            <string />
            <string>카드</string>
            <string />
            <string />
            <string />
            <string />
            <string />
        </key>
    </category>
    <category name="Items">
        <key name="THE_SAD_ONION_NAME">
            <string />
            <string />
            <string>눈물나는 양파</string>
            <string />
            <string />
            <string />
            <string />
            <string />
        </key>
        <key name="THE_SAD_ONION_DESCRIPTION">
            <string />
            <string />
            <string>공격 속도 증가</string>
            <string />
            <string />
            <string />
            <string />
            <string />
        </key>
        <key name="THE_INNER_EYE_NAME">
            <string />
            <string />
            <string>내면의 눈</string>
            <string />
            <string />
            <string />
            <string />
            <string />
        </key>
        <key name="THE_INNER_EYE_DESCRIPTION">
            <string />
            <string />
            <string>트리플 샷</string>
            <string />
            <string />
            <string />
            <string />
            <string />
        </key>
        <key name="SPOON_BENDER_NAME">
            <string />
            <string />
            <string>초능력자</string>
            <string />
            <string />
            <string />
            <string />
            <string />
        </key>
        <key name="SPOON_BENDER_DESCRIPTION">
            <string />
            <string />
            <string>유도 공격</string>
            <string />
            <string />
            <string />
            <string />
            <string />
        </key>
        <key name="CRICKETS_HEAD_NAME">
            <string />
            <string />
            <string>크리켓의 머리</string>
            <string />
            <string />
            <string />
            <string />
            <string />
        </key>
        <key name="CRICKETS_HEAD_DESCRIPTION">
            <string />
            <string />
            <string>공격력 증가</string>
            <string />
            <string />
            <string />
            <string />
            <string />
        </key>
        <key name="MY_REFLECTION_NAME">
            <string />
            <string />
            <string>거울상</string>
            <string />
            <string />
            <string />
            <string />
            <string />
        </key>
        <key name="MY_REFLECTION_DESCRIPTION">
            <string />
            <string />
            <string>부메랑 눈물 + 공격력 증가 + 행운 감소</string>
            <string />
            <string />
            <string />
            <string />
            <string />
        </key>
        <key name="NUMBER_ONE_NAME">
            <string />
            <string />
            <string>오줌싸개</string>
            <string />
            <string />
            <string />
            <string />
            <string />
        </key>
        <key name="NUMBER_ONE_DESCRIPTION">
            <string />
            <string />
            <string>공격 속도 증가 + 사거리 감소</string>
            <string />
            <string />
            <string />
            <string />
            <string />
        </key>
        <key name="BLOOD_OF_THE_MARTYR_NAME">
            <string />
            <string />
            <string>순교자의 피</string>
            <string />
            <string />
            <string />
            <string />
            <string />
        </key>
        <key name="BLOOD_OF_THE_MARTYR_DESCRIPTION">
            <string />
            <string />
            <string>공격력 증가</string>
            <string />
            <string />
            <string />
            <string />
            <string />
        </key>
        <key name="BROTHER_BOBBY_NAME">
            <string />
            <string />
            <string>보비 형</string>
            <string />
            <string />
            <string />
            <string />
            <string />
        </key>
        <key name="BROTHER_BOBBY_DESCRIPTION">
            <string />
            <string />
            <string>영원한 친구</string>
            <string />
            <string />
            <string />
            <string />
            <string />
        </key>
        <key name="SKATOLE_NAME">
            <string />
            <string />
            <string>스카톨</string>
            <string />
            <string />
            <string />
            <string />
            <string />
        </key>
        <key name="SKATOLE_DESCRIPTION">
            <string />
            <string />
            <string>파리 사랑</string>
            <string />
            <string />
            <string />
            <string />
            <string />
        </key>
        <key name="HALO_OF_FLIES_NAME">
            <string />
            <string />
            <string>파리떼</string>
            <string />
            <string />
            <string />
            <string />
            <string />
        </key>
        <key name="HALO_OF_FLIES_DESCRIPTION">
            <string />
            <string />
            <string>투사체 방어</string>
            <string />
            <string />
            <string />
            <string />
            <string />
        </key>
        <key name="1UP_NAME">
            <string />
            <string />
            <string>1up!</string>
            <string />
            <string />
            <string />
            <string />
            <string />
        </key>
        <key name="1UP_DESCRIPTION">
            <string />
            <string />
            <string>추가 목숨</string>
            <string />
            <string />
            <string />
            <string />
            <string />
        </key>
        <key name="MAGIC_MUSHROOM_NAME">
            <string />
            <string />
            <string>마법의 버섯</string>
            <string />
            <string />
            <string />
            <string />
            <string />
        </key>
        <key name="MAGIC_MUSHROOM_DESCRIPTION">
            <string />
            <string />
            <string>모든 능력치 증가!</string>
            <string />
            <string />
            <string />
            <string />
            <string />
        </key>
        <key name="THE_VIRUS_NAME">
            <string />
            <string />
            <string>바이러스</string>
            <string />
            <string />
            <string />
            <string />
            <string />
        </key>
        <key name="THE_VIRUS_DESCRIPTION">
            <string />
            <string />
            <string>맹독 묻히기 + 이동 속도 증가</string>
            <string />
            <string />
            <string />
            <string />
            <string />
        </key>
        <key name="ROID_RAGE_NAME">
            <string />
            <string />
            <string>불량 스테로이드</string>
            <string />
            <string />
            <string />
            <string />
            <string />
        </key>
        <key name="ROID_RAGE_DESCRIPTION">
            <string />
            <string />
            <string>이동 속도와 사거리 증가</string>
            <string />
            <string />
            <string />
            <string />
            <string />
        </key>
        <key name="HEART_NAME">
            <string />
            <string />
            <string>&lt;3</string>
            <string />
            <string />
            <string />
            <string />
            <string />
        </key>
        <key name="HEART_DESCRIPTION">
            <string />
            <string />
            <string>체력 증가</string>
            <string />
            <string />
            <string />
            <string />
            <string />
        </key>
        <key name="RAW_LIVER_NAME">
            <string />
            <string />
            <string>생간</string>
            <string />
            <string />
            <string />
            <string />
            <string />
        </key>
        <key name="RAW_LIVER_DESCRIPTION">
            <string />
            <string />
            <string>체력 증가</string>
            <string />
            <string />
            <string />
            <string />
            <string />
        </key>
        <key name="SKELETON_KEY_NAME">
            <string />
            <string />
            <string>해골 열쇠</string>
            <string />
            <string />
            <string />
            <string />
            <string />
        </key>
        <key name="SKELETON_KEY_DESCRIPTION">
            <string />
            <string />
            <string>열쇠 99개</string>
            <string />
            <string />
            <string />
            <string />
            <string />
        </key>
        <key name="A_DOLLAR_NAME">
            <string />
            <string />
            <string>1달러</string>
            <string />
            <string />
            <string />
            <string />
            <string />
        </key>
        <key name="A_DOLLAR_DESCRIPTION">
            <string />
            <string />
            <string>$$$</string>
            <string />
            <string />
            <string />
            <string />
            <string />
        </key>
        <key name="BOOM_NAME">
            <string />
            <string />
            <string>꽈광!</string>
            <string />
            <string />
            <string />
            <string />
            <string />
        </key>
        <key name="BOOM_DESCRIPTION">
            <string />
            <string />
            <string>폭탄 10개</string>
            <string />
            <string />
            <string />
            <string />
            <string />
        </key>
        <key name="TRANSCENDENCE_NAME">
            <string />
            <string />
            <string>초월</string>
            <string />
            <string />
            <string />
            <string />
            <string />
        </key>
        <key name="TRANSCENDENCE_DESCRIPTION">
            <string />
            <string />
            <string>여기선 모두가 떠다녀...</string>
            <string />
            <string />
            <string />
            <string />
            <string />
        </key>
        <key name="THE_COMPASS_NAME">
            <string />
            <string />
            <string>나침반</string>
            <string />
            <string />
            <string />
            <string />
            <string />
        </key>
        <key name="THE_COMPASS_DESCRIPTION">
            <string />
            <string />
            <string>끝이 멀지 않았다</string>
            <string />
            <string />
            <string />
            <string />
            <string />
        </key>
        <key name="LUNCH_NAME">
            <string />
            <string />
            <string>점심밥</string>
            <string />
            <string />
            <string />
            <string />
            <string />
        </key>
        <key name="LUNCH_DESCRIPTION">
            <string />
            <string />
            <string>체력 증가</string>
            <string />
            <string />
            <string />
            <string />
            <string />
        </key>
        <key name="DINNER_NAME">
            <string />
            <string />
            <string>저녁밥</string>
            <string />
            <string />
            <string />
            <string />
            <string />
        </key>
        <key name="DINNER_DESCRIPTION">
            <string />
            <string />
            <string>체력 증가</string>
            <string />
            <string />
            <string />
            <string />
            <string />
        </key>
        <key name="DESSERT_NAME">
            <string />
            <string />
            <string>간식</string>
            <string />
            <string />
            <string />
            <string />
            <string />
        </key>
        <key name="DESSERT_DESCRIPTION">
            <string />
            <string />
            <string>체력 증가</string>
            <string />
            <string />
            <string />
            <string />
            <string />
        </key>
        <key name="BREAKFAST_NAME">
            <string />
            <string />
            <string>아침밥</string>
            <string />
            <string />
            <string />
            <string />
            <string />
        </key>
        <key name="BREAKFAST_DESCRIPTION">
            <string />
            <string />
            <string>체력 증가</string>
            <string />
            <string />
            <string />
            <string />
            <string />
        </key>
        <key name="ROTTEN_MEAT_NAME">
            <string />
            <string />
            <string>썩은 고기</string>
            <string />
            <string />
            <string />
            <string />
            <string />
        </key>
        <key name="ROTTEN_MEAT_DESCRIPTION">
            <string />
            <string />
            <string>체력 증가</string>
            <string />
            <string />
            <string />
            <string />
            <string />
        </key>
        <key name="WOODEN_SPOON_NAME">
            <string />
            <string />
            <string>나무 숟가락</string>
            <string />
            <string />
            <string />
            <string />
            <string />
        </key>
        <key name="WOODEN_SPOON_DESCRIPTION">
            <string />
            <string />
            <string>이동 속도 증가</string>
            <string />
            <string />
            <string />
            <string />
            <string />
        </key>
        <key name="THE_BELT_NAME">
            <string />
            <string />
            <string>벨트</string>
            <string />
            <string />
            <string />
            <string />
            <string />
        </key>
        <key name="THE_BELT_DESCRIPTION">
            <string />
            <string />
            <string>이동 속도 증가</string>
            <string />
            <string />
            <string />
            <string />
            <string />
        </key>
        <key name="MOMS_UNDERWEAR_NAME">
            <string />
            <string />
            <string>엄마의 속옷</string>
            <string />
            <string />
            <string />
            <string />
            <string />
        </key>
        <key name="MOMS_UNDERWEAR_DESCRIPTION">
            <string />
            <string />
            <string>사거리 증가</string>
            <string />
            <string />
            <string />
            <string />
            <string />
        </key>
        <key name="MOMS_HEELS_NAME">
            <string />
            <string />
            <string>엄마의 하이힐</string>
            <string />
            <string />
            <string />
            <string />
            <string />
        </key>
        <key name="MOMS_HEELS_DESCRIPTION">
            <string />
            <string />
            <string>사거리 증가</string>
            <string />
            <string />
            <string />
            <string />
            <string />
        </key>
        <key name="MOMS_LIPSTICK_NAME">
            <string />
            <string />
            <string>엄마의 립스틱</string>
            <string />
            <string />
            <string />
            <string />
            <string />
        </key>
        <key name="MOMS_LIPSTICK_DESCRIPTION">
            <string />
            <string />
            <string>사거리 증가</string>
            <string />
            <string />
            <string />
            <string />
            <string />
        </key>
        <key name="WIRE_COAT_HANGER_NAME">
            <string />
            <string />
            <string>철제 옷걸이</string>
            <string />
            <string />
            <string />
            <string />
            <string />
        </key>
        <key name="WIRE_COAT_HANGER_DESCRIPTION">
            <string />
            <string />
            <string>공격 속도 증가</string>
            <string />
            <string />
            <string />
            <string />
            <string />
        </key>
        <key name="THE_BIBLE_NAME">
            <string />
            <string />
            <string>성경</string>
            <string />
            <string />
            <string />
            <string />
            <string />
        </key>
        <key name="THE_BIBLE_DESCRIPTION">
            <string />
            <string />
            <string>일시적 비행 능력</string>
            <string />
            <string />
            <string />
            <string />
            <string />
        </key>
        <key name="THE_BOOK_OF_BELIAL_NAME">
            <string />
            <string />
            <string>벨리알의 서</string>
            <string />
            <string />
            <string />
            <string />
            <string />
        </key>
        <key name="THE_BOOK_OF_BELIAL_DESCRIPTION">
            <string />
            <string />
            <string>일시적 공격력 증가</string>
            <string />
            <string />
            <string />
            <string />
            <string />
        </key>
        <key name="THE_NECRONOMICON_NAME">
            <string />
            <string />
            <string>네크로노미콘</string>
            <string />
            <string />
            <string />
            <string />
            <string />
        </key>
        <key name="THE_NECRONOMICON_DESCRIPTION">
            <string />
            <string />
            <string>방 전체 공격</string>
            <string />
            <string />
            <string />
            <string />
            <string />
        </key>
        <key name="THE_POOP_NAME">
            <string />
            <string />
            <string>응아</string>
            <string />
            <string />
            <string />
            <string />
            <string />
        </key>
        <key name="THE_POOP_DESCRIPTION">
            <string />
            <string />
            <string>푸직!</string>
            <string />
            <string />
            <string />
            <string />
            <string />
        </key>
        <key name="MR_BOOM_NAME">
            <string />
            <string />
            <string>미스터 붐</string>
            <string />
            <string />
            <string />
            <string />
            <string />
        </key>
        <key name="MR_BOOM_DESCRIPTION">
            <string />
            <string />
            <string>충전식 폭탄 친구</string>
            <string />
            <string />
            <string />
            <string />
            <string />
        </key>
        <key name="TAMMYS_HEAD_NAME">
            <string />
            <string />
            <string>태미의 머리</string>
            <string />
            <string />
            <string />
            <string />
            <string />
        </key>
        <key name="TAMMYS_HEAD_DESCRIPTION">
            <string />
            <string />
            <string>충전식 눈물 다발</string>
            <string />
            <string />
            <string />
            <string />
            <string />
        </key>
        <key name="MOMS_BRA_NAME">
            <string />
            <string />
            <string>엄마의 브래지어</string>
            <string />
            <string />
            <string />
            <string />
            <string />
        </key>
        <key name="MOMS_BRA_DESCRIPTION">
            <string />
            <string />
            <string>방 전체 마비 효과</string>
            <string />
            <string />
            <string />
            <string />
            <string />
        </key>
        <key name="KAMIKAZE_NAME">
            <string />
            <string />
            <string>가미카제!</string>
            <string />
            <string />
            <string />
            <string />
            <string />
        </key>
        <key name="KAMIKAZE_DESCRIPTION">
            <string />
            <string />
            <string>폭탄이 되어라!</string>
            <string />
            <string />
            <string />
            <string />
            <string />
        </key>
        <key name="MOMS_PAD_NAME">
            <string />
            <string />
            <string>엄마의 생리대</string>
            <string />
            <string />
            <string />
            <string />
            <string />
        </key>
        <key name="MOMS_PAD_DESCRIPTION">
            <string />
            <string />
            <string>방 전체 공포 효과</string>
            <string />
            <string />
            <string />
            <string />
            <string />
        </key>
        <key name="BOBS_ROTTEN_HEAD_NAME">
            <string />
            <string />
            <string>밥의 썩은 머리통</string>
            <string />
            <string />
            <string />
            <string />
            <string />
        </key>
        <key name="BOBS_ROTTEN_HEAD_DESCRIPTION">
            <string />
            <string />
            <string>충전식 투척 폭탄</string>
            <string />
            <string />
            <string />
            <string />
            <string />
        </key>
        <key name="TELEPORT_NAME">
            <string />
            <string />
            <string>순간이동!</string>
            <string />
            <string />
            <string />
            <string />
            <string />
        </key>
        <key name="TELEPORT_DESCRIPTION">
            <string />
            <string />
            <string>텔레포트!</string>
            <string />
            <string />
            <string />
            <string />
            <string />
        </key>
        <key name="YUM_HEART_NAME">
            <string />
            <string />
            <string>맛있는 심장</string>
            <string />
            <string />
            <string />
            <string />
            <string />
        </key>
        <key name="YUM_HEART_DESCRIPTION">
            <string />
            <string />
            <string>충전식 체력 회복</string>
            <string />
            <string />
            <string />
            <string />
            <string />
        </key>
        <key name="LUCKY_FOOT_NAME">
            <string />
            <string />
            <string>행운의 발목</string>
            <string />
            <string />
            <string />
            <string />
            <string />
        </key>
        <key name="LUCKY_FOOT_DESCRIPTION">
            <string />
            <string />
            <string>행운 증가</string>
            <string />
            <string />
            <string />
            <string />
            <string />
        </key>
        <key name="DOCTORS_REMOTE_NAME">
            <string />
            <string />
            <string>박사의 원격 조종기</string>
            <string />
            <string />
            <string />
            <string />
            <string />
        </key>
        <key name="DOCTORS_REMOTE_DESCRIPTION">
            <string />
            <string />
            <string>충전식 미사일 공격</string>
            <string />
            <string />
            <string />
            <string />
            <string />
        </key>
        <key name="CUPIDS_ARROW_NAME">
            <string />
            <string />
            <string>큐피드의 화살</string>
            <string />
            <string />
            <string />
            <string />
            <string />
        </key>
        <key name="CUPIDS_ARROW_DESCRIPTION">
            <string />
            <string />
            <string>관통 공격</string>
            <string />
            <string />
            <string />
            <string />
            <string />
        </key>
        <key name="SHOOP_DA_WHOOP_NAME">
            <string />
            <string />
            <string>모두 다 사라져빔!!</string>
            <string />
            <string />
            <string />
            <string />
            <string />
        </key>
        <key name="SHOOP_DA_WHOOP_DESCRIPTION">
            <string />
            <string />
            <string>뿌아아아아아!</string>
            <string />
            <string />
            <string />
            <string />
            <string />
        </key>
        <key name="STEVEN_NAME">
            <string />
            <string />
            <string>스티븐</string>
            <string />
            <string />
            <string />
            <string />
            <string />
        </key>
        <key name="STEVEN_DESCRIPTION">
            <string />
            <string />
            <string>공격력 증가</string>
            <string />
            <string />
            <string />
            <string />
            <string />
        </key>
        <key name="PENTAGRAM_NAME">
            <string />
            <string />
            <string>오망성</string>
            <string />
            <string />
            <string />
            <string />
            <string />
        </key>
        <key name="PENTAGRAM_DESCRIPTION">
            <string />
            <string />
            <string>공격력 증가</string>
            <string />
            <string />
            <string />
            <string />
            <string />
        </key>
        <key name="DR_FETUS_NAME">
            <string />
            <string />
            <string>태아 박사</string>
            <string />
            <string />
            <string />
            <string />
            <string />
        </key>
        <key name="DR_FETUS_DESCRIPTION">
            <string />
            <string />
            <string>???</string>
            <string />
            <string />
            <string />
            <string />
            <string />
        </key>
        <key name="MAGNETO_NAME">
            <string />
            <string />
            <string>자석</string>
            <string />
            <string />
            <string />
            <string />
            <string />
        </key>
        <key name="MAGNETO_DESCRIPTION">
            <string />
            <string />
            <string>아이템 끌어오기</string>
            <string />
            <string />
            <string />
            <string />
            <string />
        </key>
        <key name="TREASURE_MAP_NAME">
            <string />
            <string />
            <string>보물 지도</string>
            <string />
            <string />
            <string />
            <string />
            <string />
        </key>
        <key name="TREASURE_MAP_DESCRIPTION">
            <string />
            <string />
            <string>맵 전체 밝히기</string>
            <string />
            <string />
            <string />
            <string />
            <string />
        </key>
        <key name="MOMS_EYE_NAME">
            <string />
            <string />
            <string>엄마의 눈알</string>
            <string />
            <string />
            <string />
            <string />
            <string />
        </key>
        <key name="MOMS_EYE_DESCRIPTION">
            <string />
            <string />
            <string>뒤통수에 달린 눈알</string>
            <string />
            <string />
            <string />
            <string />
            <string />
        </key>
        <key name="LEMON_MISHAP_NAME">
            <string />
            <string />
            <string>레몬빛 사고</string>
            <string />
            <string />
            <string />
            <string />
            <string />
        </key>
        <key name="LEMON_MISHAP_DESCRIPTION">
            <string />
            <string />
            <string>앗...</string>
            <string />
            <string />
            <string />
            <string />
            <string />
        </key>
        <key name="DISTANT_ADMIRATION_NAME">
            <string />
            <string />
            <string>짝사랑</string>
            <string />
            <string />
            <string />
            <string />
            <string />
        </key>
        <key name="DISTANT_ADMIRATION_DESCRIPTION">
            <string />
            <string />
            <string>공격하는 파리</string>
            <string />
            <string />
            <string />
            <string />
            <string />
        </key>
        <key name="BOOK_OF_SHADOWS_NAME">
            <string />
            <string />
            <string>그림자의 서</string>
            <string />
            <string />
            <string />
            <string />
            <string />
        </key>
        <key name="BOOK_OF_SHADOWS_DESCRIPTION">
            <string />
            <string />
            <string>일시적 무적 상태</string>
            <string />
            <string />
            <string />
            <string />
            <string />
        </key>
        <key name="THE_LADDER_NAME">
            <string />
            <string />
            <string>사다리</string>
            <string />
            <string />
            <string />
            <string />
            <string />
        </key>
        <key name="THE_LADDER_DESCRIPTION">
            <string />
            <string />
            <string>다리 만들기</string>
            <string />
            <string />
            <string />
            <string />
            <string />
        </key>
        <key name="CHARM_OF_THE_VAMPIRE_NAME">
            <string />
            <string />
            <string>흡혈귀의 부적</string>
            <string />
            <string />
            <string />
            <string />
            <string />
        </key>
        <key name="CHARM_OF_THE_VAMPIRE_DESCRIPTION">
            <string />
            <string />
            <string>공격력 증가 + 체력 흡수</string>
            <string />
            <string />
            <string />
            <string />
            <string />
        </key>
        <key name="THE_BATTERY_NAME">
            <string />
            <string />
            <string>배터리</string>
            <string />
            <string />
            <string />
            <string />
            <string />
        </key>
        <key name="THE_BATTERY_DESCRIPTION">
            <string />
            <string />
            <string>에너지 저장</string>
            <string />
            <string />
            <string />
            <string />
            <string />
        </key>
        <key name="STEAM_SALE_NAME">
            <string />
            <string />
            <string>스팀 세일</string>
            <string />
            <string />
            <string />
            <string />
            <string />
        </key>
        <key name="STEAM_SALE_DESCRIPTION">
            <string />
            <string />
            <string>반값 할인</string>
            <string />
            <string />
            <string />
            <string />
            <string />
        </key>
        <key name="ANARCHIST_COOKBOOK_NAME">
            <string />
            <string />
            <string>무정부주의자의 요리책</string>
            <string />
            <string />
            <string />
            <string />
            <string />
        </key>
        <key name="ANARCHIST_COOKBOOK_DESCRIPTION">
            <string />
            <string />
            <string>폭탄 소환</string>
            <string />
            <string />
            <string />
            <string />
            <string />
        </key>
        <key name="THE_HOURGLASS_NAME">
            <string />
            <string />
            <string>모래시계</string>
            <string />
            <string />
            <string />
            <string />
            <string />
        </key>
        <key name="THE_HOURGLASS_DESCRIPTION">
            <string />
            <string />
            <string>일시적 적 둔화 효과</string>
            <string />
            <string />
            <string />
            <string />
            <string />
        </key>
        <key name="SISTER_MAGGY_NAME">
            <string />
            <string />
            <string>매기 누나</string>
            <string />
            <string />
            <string />
            <string />
            <string />
        </key>
        <key name="SISTER_MAGGY_DESCRIPTION">
            <string />
            <string />
            <string>영원한 친구</string>
            <string />
            <string />
            <string />
            <string />
            <string />
        </key>
        <key name="TECHNOLOGY_NAME">
            <string />
            <string />
            <string>기계 장치</string>
            <string />
            <string />
            <string />
            <string />
            <string />
        </key>
        <key name="TECHNOLOGY_DESCRIPTION">
            <string />
            <string />
            <string>레이저 공격</string>
            <string />
            <string />
            <string />
            <string />
            <string />
        </key>
        <key name="CHOCOLATE_MILK_NAME">
            <string />
            <string />
            <string>초코 우유</string>
            <string />
            <string />
            <string />
            <string />
            <string />
        </key>
        <key name="CHOCOLATE_MILK_DESCRIPTION">
            <string />
            <string />
            <string>모아 쏘기</string>
            <string />
            <string />
            <string />
            <string />
            <string />
        </key>
        <key name="GROWTH_HORMONES_NAME">
            <string />
            <string />
            <string>성장 호르몬</string>
            <string />
            <string />
            <string />
            <string />
            <string />
        </key>
        <key name="GROWTH_HORMONES_DESCRIPTION">
            <string />
            <string />
            <string>이동 속도 + 공격력 증가</string>
            <string />
            <string />
            <string />
            <string />
            <string />
        </key>
        <key name="MINI_MUSH_NAME">
            <string />
            <string />
            <string>미니 버섯</string>
            <string />
            <string />
            <string />
            <string />
            <string />
        </key>
        <key name="MINI_MUSH_DESCRIPTION">
            <string />
            <string />
            <string>이동 속도 + 사거리 증가</string>
            <string />
            <string />
            <string />
            <string />
            <string />
        </key>
        <key name="ROSARY_NAME">
            <string />
            <string />
            <string>묵주</string>
            <string />
            <string />
            <string />
            <string />
            <string />
        </key>
        <key name="ROSARY_DESCRIPTION">
            <string />
            <string />
            <string>공격 속도 + 신앙심 증가</string>
            <string />
            <string />
            <string />
            <string />
            <string />
        </key>
        <key name="CUBE_OF_MEAT_NAME">
            <string />
            <string />
            <string>고기조각</string>
            <string />
            <string />
            <string />
            <string />
            <string />
        </key>
        <key name="CUBE_OF_MEAT_DESCRIPTION">
            <string />
            <string />
            <string>넌 내 고기야!</string>
            <string />
            <string />
            <string />
            <string />
            <string />
        </key>
        <key name="A_QUARTER_NAME">
            <string />
            <string />
            <string>쿼터</string>
            <string />
            <string />
            <string />
            <string />
            <string />
        </key>
        <key name="A_QUARTER_DESCRIPTION">
            <string />
            <string />
            <string>동전 25개</string>
            <string />
            <string />
            <string />
            <string />
            <string />
        </key>
        <key name="PHD_NAME">
            <string />
            <string />
            <string>박사학위</string>
            <string />
            <string />
            <string />
            <string />
            <string />
        </key>
        <key name="PHD_DESCRIPTION">
            <string />
            <string />
            <string>더 좋은 알약들</string>
            <string />
            <string />
            <string />
            <string />
            <string />
        </key>
        <key name="XRAY_VISION_NAME">
            <string />
            <string />
            <string>투시 안경</string>
            <string />
            <string />
            <string />
            <string />
            <string />
        </key>
        <key name="XRAY_VISION_DESCRIPTION">
            <string />
            <string />
            <string>다 보인다</string>
            <string />
            <string />
            <string />
            <string />
            <string />
        </key>
        <key name="MY_LITTLE_UNICORN_NAME">
            <string />
            <string />
            <string>나의 작은 유니콘</string>
            <string />
            <string />
            <string />
            <string />
            <string />
        </key>
        <key name="MY_LITTLE_UNICORN_DESCRIPTION">
            <string />
            <string />
            <string>일시적 간지폭풍</string>
            <string />
            <string />
            <string />
            <string />
            <string />
        </key>
        <key name="BOOK_OF_REVELATIONS_NAME">
            <string />
            <string />
            <string>요한묵시록</string>
            <string />
            <string />
            <string />
            <string />
            <string />
        </key>
        <key name="BOOK_OF_REVELATIONS_DESCRIPTION">
            <string />
            <string />
            <string>충전식 영혼 보호막</string>
            <string />
            <string />
            <string />
            <string />
            <string />
        </key>
        <key name="THE_MARK_NAME">
            <string />
            <string />
            <string>낙인</string>
            <string />
            <string />
            <string />
            <string />
            <string />
        </key>
        <key name="THE_MARK_DESCRIPTION">
            <string />
            <string />
            <string>공격력 + 이동 속도 증가</string>
            <string />
            <string />
            <string />
            <string />
            <string />
        </key>
        <key name="THE_PACT_NAME">
            <string />
            <string />
            <string>계약</string>
            <string />
            <string />
            <string />
            <string />
            <string />
        </key>
        <key name="THE_PACT_DESCRIPTION">
            <string />
            <string />
            <string>공격력 + 공격 속도 증가</string>
            <string />
            <string />
            <string />
            <string />
            <string />
        </key>
        <key name="DEAD_CAT_NAME">
            <string />
            <string />
            <string>죽은 고양이</string>
            <string />
            <string />
            <string />
            <string />
            <string />
        </key>
        <key name="DEAD_CAT_DESCRIPTION">
            <string />
            <string />
            <string>목숨 9개</string>
            <string />
            <string />
            <string />
            <string />
            <string />
        </key>
        <key name="LORD_OF_THE_PIT_NAME">
            <string />
            <string />
            <string>구덩이의 제왕</string>
            <string />
            <string />
            <string />
            <string />
            <string />
        </key>
        <key name="LORD_OF_THE_PIT_DESCRIPTION">
            <string />
            <string />
            <string>악마의 날개</string>
            <string />
            <string />
            <string />
            <string />
            <string />
        </key>
        <key name="THE_NAIL_NAME">
            <string />
            <string />
            <string>대못</string>
            <string />
            <string />
            <string />
            <string />
            <string />
        </key>
        <key name="THE_NAIL_DESCRIPTION">
            <string />
            <string />
            <string>일시적 악마 변신</string>
            <string />
            <string />
            <string />
            <string />
            <string />
        </key>
        <key name="WE_NEED_TO_GO_DEEPER_NAME">
            <string />
            <string />
            <string>더 깊은 곳으로!</string>
            <string />
            <string />
            <string />
            <string />
            <string />
        </key>
        <key name="WE_NEED_TO_GO_DEEPER_DESCRIPTION">
            <string />
            <string />
            <string>충전식 다락문</string>
            <string />
            <string />
            <string />
            <string />
            <string />
        </key>
        <key name="DECK_OF_CARDS_NAME">
            <string />
            <string />
            <string>카드 덱</string>
            <string />
            <string />
            <string />
            <string />
            <string />
        </key>
        <key name="DECK_OF_CARDS_DESCRIPTION">
            <string />
            <string />
            <string>충전식 카드 생성기</string>
            <string />
            <string />
            <string />
            <string />
            <string />
        </key>
        <key name="MONSTROS_TOOTH_NAME">
            <string />
            <string />
            <string>몬스트로의 이빨</string>
            <string />
            <string />
            <string />
            <string />
            <string />
        </key>
        <key name="MONSTROS_TOOTH_DESCRIPTION">
            <string />
            <string />
            <string>몬스트로 소환</string>
            <string />
            <string />
            <string />
            <string />
            <string />
        </key>
        <key name="LOKIS_HORNS_NAME">
            <string />
            <string />
            <string>로키의 뿔</string>
            <string />
            <string />
            <string />
            <string />
            <string />
        </key>
        <key name="LOKIS_HORNS_DESCRIPTION">
            <string />
            <string />
            <string>십자 눈물</string>
            <string />
            <string />
            <string />
            <string />
            <string />
        </key>
        <key name="LITTLE_CHUBBY_NAME">
            <string />
            <string />
            <string>리틀 처비</string>
            <string />
            <string />
            <string />
            <string />
            <string />
        </key>
        <key name="LITTLE_CHUBBY_DESCRIPTION">
            <string />
            <string />
            <string>공격적인 친구</string>
            <string />
            <string />
            <string />
            <string />
            <string />
        </key>
        <key name="SPIDER_BITE_NAME">
            <string />
            <string />
            <string>물어버리는 거미</string>
            <string />
            <string />
            <string />
            <string />
            <string />
        </key>
        <key name="SPIDER_BITE_DESCRIPTION">
            <string />
            <string />
            <string>둔화 효과</string>
            <string />
            <string />
            <string />
            <string />
            <string />
        </key>
        <key name="THE_SMALL_ROCK_NAME">
            <string />
            <string />
            <string>돌멩이</string>
            <string />
            <string />
            <string />
            <string />
            <string />
        </key>
        <key name="THE_SMALL_ROCK_DESCRIPTION">
            <string />
            <string />
            <string>공격력 증가 + 이동 속도 감소</string>
            <string />
            <string />
            <string />
            <string />
            <string />
        </key>
        <key name="SPELUNKER_HAT_NAME">
            <string />
            <string />
            <string>탐험가 모자</string>
            <string />
            <string />
            <string />
            <string />
            <string />
        </key>
        <key name="SPELUNKER_HAT_DESCRIPTION">
            <string />
            <string />
            <string>문 너머가 보인다</string>
            <string />
            <string />
            <string />
            <string />
            <string />
        </key>
        <key name="SUPER_BANDAGE_NAME">
            <string />
            <string />
            <string>슈퍼 밴디지</string>
            <string />
            <string />
            <string />
            <string />
            <string />
        </key>
        <key name="SUPER_BANDAGE_DESCRIPTION">
            <string />
            <string />
            <string>심장 2개</string>
            <string />
            <string />
            <string />
            <string />
            <string />
        </key>
        <key name="THE_GAMEKID_NAME">
            <string />
            <string />
            <string>게임키드</string>
            <string />
            <string />
            <string />
            <string />
            <string />
        </key>
        <key name="THE_GAMEKID_DESCRIPTION">
            <string />
            <string />
            <string>일시적 맨팩 변신</string>
            <string />
            <string />
            <string />
            <string />
            <string />
        </key>
        <key name="SACK_OF_PENNIES_NAME">
            <string />
            <string />
            <string>동전 주머니</string>
            <string />
            <string />
            <string />
            <string />
            <string />
        </key>
        <key name="SACK_OF_PENNIES_DESCRIPTION">
            <string />
            <string />
            <string>돈이다!</string>
            <string />
            <string />
            <string />
            <string />
            <string />
        </key>
        <key name="ROBOBABY_NAME">
            <string />
            <string />
            <string>로보베이비</string>
            <string />
            <string />
            <string />
            <string />
            <string />
        </key>
        <key name="ROBOBABY_DESCRIPTION">
            <string />
            <string />
            <string>삐비빅 친구</string>
            <string />
            <string />
            <string />
            <string />
            <string />
        </key>
        <key name="LITTLE_CHAD_NAME">
            <string />
            <string />
            <string>리틀 차드</string>
            <string />
            <string />
            <string />
            <string />
            <string />
        </key>
        <key name="LITTLE_CHAD_DESCRIPTION">
            <string />
            <string />
            <string>키스를 해줄 테야</string>
            <string />
            <string />
            <string />
            <string />
            <string />
        </key>
        <key name="THE_BOOK_OF_SIN_NAME">
            <string />
            <string />
            <string>죄악의 서</string>
            <string />
            <string />
            <string />
            <string />
            <string />
        </key>
        <key name="THE_BOOK_OF_SIN_DESCRIPTION">
            <string />
            <string />
            <string>충전식 아이템 생성기</string>
            <string />
            <string />
            <string />
            <string />
            <string />
        </key>
        <key name="THE_RELIC_NAME">
            <string />
            <string />
            <string>성유물</string>
            <string />
            <string />
            <string />
            <string />
            <string />
        </key>
        <key name="THE_RELIC_DESCRIPTION">
            <string />
            <string />
            <string>영혼 생성기</string>
            <string />
            <string />
            <string />
            <string />
            <string />
        </key>
        <key name="LITTLE_GISH_NAME">
            <string />
            <string />
            <string>리틀 기쉬</string>
            <string />
            <string />
            <string />
            <string />
            <string />
        </key>
        <key name="LITTLE_GISH_DESCRIPTION">
            <string />
            <string />
            <string>끈적끈적한 친구</string>
            <string />
            <string />
            <string />
            <string />
            <string />
        </key>
        <key name="LITTLE_STEVEN_NAME">
            <string />
            <string />
            <string>리틀 스티븐</string>
            <string />
            <string />
            <string />
            <string />
            <string />
        </key>
        <key name="LITTLE_STEVEN_DESCRIPTION">
            <string />
            <string />
            <string>초능력자 친구</string>
            <string />
            <string />
            <string />
            <string />
            <string />
        </key>
        <key name="THE_HALO_NAME">
            <string />
            <string />
            <string>광륜</string>
            <string />
            <string />
            <string />
            <string />
            <string />
        </key>
        <key name="THE_HALO_DESCRIPTION">
            <string />
            <string />
            <string>모든 능력치 증가</string>
            <string />
            <string />
            <string />
            <string />
            <string />
        </key>
        <key name="MOMS_BOTTLE_OF_PILLS_NAME">
            <string />
            <string />
            <string>엄마의 약병</string>
            <string />
            <string />
            <string />
            <string />
            <string />
        </key>
        <key name="MOMS_BOTTLE_OF_PILLS_DESCRIPTION">
            <string />
            <string />
            <string>충전식 알약 생성기</string>
            <string />
            <string />
            <string />
            <string />
            <string />
        </key>
        <key name="THE_COMMON_COLD_NAME">
            <string />
            <string />
            <string>감기</string>
            <string />
            <string />
            <string />
            <string />
            <string />
        </key>
        <key name="THE_COMMON_COLD_DESCRIPTION">
            <string />
            <string />
            <string>독 공격</string>
            <string />
            <string />
            <string />
            <string />
            <string />
        </key>
        <key name="THE_PARASITE_NAME">
            <string />
            <string />
            <string>기생충</string>
            <string />
            <string />
            <string />
            <string />
            <string />
        </key>
        <key name="THE_PARASITE_DESCRIPTION">
            <string />
            <string />
            <string>분열 공격</string>
            <string />
            <string />
            <string />
            <string />
            <string />
        </key>
        <key name="THE_D6_NAME">
            <string />
            <string />
            <string>주사위</string>
            <string />
            <string />
            <string />
            <string />
            <string />
        </key>
        <key name="THE_D6_DESCRIPTION">
            <string />
            <string />
            <string>운명을 굴려라</string>
            <string />
            <string />
            <string />
            <string />
            <string />
        </key>
        <key name="MR_MEGA_NAME">
            <string />
            <string />
            <string>미스터 메가</string>
            <string />
            <string />
            <string />
            <string />
            <string />
        </key>
        <key name="MR_MEGA_DESCRIPTION">
            <string />
            <string />
            <string>강력한 폭탄</string>
            <string />
            <string />
            <string />
            <string />
            <string />
        </key>
        <key name="THE_PINKING_SHEARS_NAME">
            <string />
            <string />
            <string>핑킹 가위</string>
            <string />
            <string />
            <string />
            <string />
            <string />
        </key>
        <key name="THE_PINKING_SHEARS_DESCRIPTION">
            <string />
            <string />
            <string>도망가</string>
            <string />
            <string />
            <string />
            <string />
            <string />
        </key>
        <key name="THE_WAFER_NAME">
            <string />
            <string />
            <string>제병</string>
            <string />
            <string />
            <string />
            <string />
            <string />
        </key>
        <key name="THE_WAFER_DESCRIPTION">
            <string />
            <string />
            <string>받는 피해 감소</string>
            <string />
            <string />
            <string />
            <string />
            <string />
        </key>
        <key name="MONEY__POWER_NAME">
            <string />
            <string />
            <string>돈 = 힘</string>
            <string />
            <string />
            <string />
            <string />
            <string />
        </key>
        <key name="MONEY__POWER_DESCRIPTION">
            <string />
            <string />
            <string>$$$ = 공격력</string>
            <string />
            <string />
            <string />
            <string />
            <string />
        </key>
        <key name="MOMS_CONTACTS_NAME">
            <string />
            <string />
            <string>엄마의 렌즈</string>
            <string />
            <string />
            <string />
            <string />
            <string />
        </key>
        <key name="MOMS_CONTACTS_DESCRIPTION">
            <string />
            <string />
            <string>마비 효과</string>
            <string />
            <string />
            <string />
            <string />
            <string />
        </key>
        <key name="THE_BEAN_NAME">
            <string />
            <string />
            <string>콩</string>
            <string />
            <string />
            <string />
            <string />
            <string />
        </key>
        <key name="THE_BEAN_DESCRIPTION">
            <string />
            <string />
            <string>누르면 방귀를 뿡</string>
            <string />
            <string />
            <string />
            <string />
            <string />
        </key>
        <key name="GUARDIAN_ANGEL_NAME">
            <string />
            <string />
            <string>수호천사</string>
            <string />
            <string />
            <string />
            <string />
            <string />
        </key>
        <key name="GUARDIAN_ANGEL_DESCRIPTION">
            <string />
            <string />
            <string>추가 보호</string>
            <string />
            <string />
            <string />
            <string />
            <string />
        </key>
        <key name="DEMON_BABY_NAME">
            <string />
            <string />
            <string>악마 아기</string>
            <string />
            <string />
            <string />
            <string />
            <string />
        </key>
        <key name="DEMON_BABY_DESCRIPTION">
            <string />
            <string />
            <string>알아서 싸우는 친구</string>
            <string />
            <string />
            <string />
            <string />
            <string />
        </key>
        <key name="MOMS_KNIFE_NAME">
            <string />
            <string />
            <string>엄마의 식칼</string>
            <string />
            <string />
            <string />
            <string />
            <string />
        </key>
        <key name="MOMS_KNIFE_DESCRIPTION">
            <string />
            <string />
            <string>찌르자 찌르자 찌르자</string>
            <string />
            <string />
            <string />
            <string />
            <string />
        </key>
        <key name="OUIJA_BOARD_NAME">
            <string />
            <string />
            <string>분신사바</string>
            <string />
            <string />
            <string />
            <string />
            <string />
        </key>
        <key name="OUIJA_BOARD_DESCRIPTION">
            <string />
            <string />
            <string>유령 눈물 + 공격 속도 증가</string>
            <string />
            <string />
            <string />
            <string />
            <string />
        </key>
        <key name="9_VOLT_NAME">
            <string />
            <string />
            <string>9볼트 배터리</string>
            <string />
            <string />
            <string />
            <string />
            <string />
        </key>
        <key name="9_VOLT_DESCRIPTION">
            <string />
            <string />
            <string>충전을 빠르게</string>
            <string />
            <string />
            <string />
            <string />
            <string />
        </key>
        <key name="DEAD_BIRD_NAME">
            <string />
            <string />
            <string>죽은 새</string>
            <string />
            <string />
            <string />
            <string />
            <string />
        </key>
        <key name="DEAD_BIRD_DESCRIPTION">
            <string />
            <string />
            <string>지켜주는 친구</string>
            <string />
            <string />
            <string />
            <string />
            <string />
        </key>
        <key name="BRIMSTONE_NAME">
            <string />
            <string />
            <string>유황</string>
            <string />
            <string />
            <string />
            <string />
            <string />
        </key>
        <key name="BRIMSTONE_DESCRIPTION">
            <string />
            <string />
            <string>혈사포</string>
            <string />
            <string />
            <string />
            <string />
            <string />
        </key>
        <key name="BLOOD_BAG_NAME">
            <string />
            <string />
            <string>혈액 주머니</string>
            <string />
            <string />
            <string />
            <string />
            <string />
        </key>
        <key name="BLOOD_BAG_DESCRIPTION">
            <string />
            <string />
            <string>체력 + 이동 속도 증가</string>
            <string />
            <string />
            <string />
            <string />
            <string />
        </key>
        <key name="ODD_MUSHROOM_THIN_NAME">
            <string />
            <string />
            <string>수상한 버섯</string>
            <string />
            <string />
            <string />
            <string />
            <string />
        </key>
        <key name="ODD_MUSHROOM_THIN_DESCRIPTION">
            <string />
            <string />
            <string>공격 속도 증가 + 공격력 감소</string>
            <string />
            <string />
            <string />
            <string />
            <string />
        </key>
        <key name="ODD_MUSHROOM_LARGE_NAME">
            <string />
            <string />
            <string>수상한 버섯</string>
            <string />
            <string />
            <string />
            <string />
            <string />
        </key>
        <key name="ODD_MUSHROOM_LARGE_DESCRIPTION">
            <string />
            <string />
            <string>체력 + 공격력 증가, 이동 속도 감소</string>
            <string />
            <string />
            <string />
            <string />
            <string />
        </key>
        <key name="WHORE_OF_BABYLON_NAME">
            <string />
            <string />
            <string>바빌론의 창녀</string>
            <string />
            <string />
            <string />
            <string />
            <string />
        </key>
        <key name="WHORE_OF_BABYLON_DESCRIPTION">
            <string />
            <string />
            <string>저주 증가</string>
            <string />
            <string />
            <string />
            <string />
            <string />
        </key>
        <key name="MONSTER_MANUAL_NAME">
            <string />
            <string />
            <string>몬스터 도감</string>
            <string />
            <string />
            <string />
            <string />
            <string />
        </key>
        <key name="MONSTER_MANUAL_DESCRIPTION">
            <string />
            <string />
            <string>일시적 친구 소환</string>
            <string />
            <string />
            <string />
            <string />
            <string />
        </key>
        <key name="DEAD_SEA_SCROLLS_NAME">
            <string />
            <string />
            <string>사해사본</string>
            <string />
            <string />
            <string />
            <string />
            <string />
        </key>
        <key name="DEAD_SEA_SCROLLS_DESCRIPTION">
            <string />
            <string />
            <string>불가사의한 것</string>
            <string />
            <string />
            <string />
            <string />
            <string />
        </key>
        <key name="BOBBYBOMB_NAME">
            <string />
            <string />
            <string>보비 폭탄</string>
            <string />
            <string />
            <string />
            <string />
            <string />
        </key>
        <key name="BOBBYBOMB_DESCRIPTION">
            <string />
            <string />
            <string>유도 폭탄</string>
            <string />
            <string />
            <string />
            <string />
            <string />
        </key>
        <key name="RAZOR_BLADE_NAME">
            <string />
            <string />
            <string>면도날</string>
            <string />
            <string />
            <string />
            <string />
            <string />
        </key>
        <key name="RAZOR_BLADE_DESCRIPTION">
            <string />
            <string />
            <string>나의 고통을 느껴라</string>
            <string />
            <string />
            <string />
            <string />
            <string />
        </key>
        <key name="FORGET_ME_NOW_NAME">
            <string />
            <string />
            <string>날 잊어 주세요</string>
            <string />
            <string />
            <string />
            <string />
            <string />
        </key>
        <key name="FORGET_ME_NOW_DESCRIPTION">
            <string />
            <string />
            <string>기억이 안 나...</string>
            <string />
            <string />
            <string />
            <string />
            <string />
        </key>
        <key name="FOREVER_ALONE_NAME">
            <string />
            <string />
            <string>영원한 솔로</string>
            <string />
            <string />
            <string />
            <string />
            <string />
        </key>
        <key name="FOREVER_ALONE_DESCRIPTION">
            <string />
            <string />
            <string>공격하는 파리</string>
            <string />
            <string />
            <string />
            <string />
            <string />
        </key>
        <key name="BUCKET_OF_LARD_NAME">
            <string />
            <string />
            <string>돼지기름</string>
            <string />
            <string />
            <string />
            <string />
            <string />
        </key>
        <key name="BUCKET_OF_LARD_DESCRIPTION">
            <string />
            <string />
            <string>체력 증가</string>
            <string />
            <string />
            <string />
            <string />
            <string />
        </key>
        <key name="A_PONY_NAME">
            <string />
            <string />
            <string>조랑말</string>
            <string />
            <string />
            <string />
            <string />
            <string />
        </key>
        <key name="A_PONY_DESCRIPTION">
            <string />
            <string />
            <string>비행 능력 + 돌진 공격</string>
            <string />
            <string />
            <string />
            <string />
            <string />
        </key>
        <key name="BOMB_BAG_NAME">
            <string />
            <string />
            <string>폭탄 주머니</string>
            <string />
            <string />
            <string />
            <string />
            <string />
        </key>
        <key name="BOMB_BAG_DESCRIPTION">
            <string />
            <string />
            <string>폭탄 한가득!</string>
            <string />
            <string />
            <string />
            <string />
            <string />
        </key>
        <key name="A_LUMP_OF_COAL_NAME">
            <string />
            <string />
            <string>석탄 한 덩이</string>
            <string />
            <string />
            <string />
            <string />
            <string />
        </key>
        <key name="A_LUMP_OF_COAL_DESCRIPTION">
            <string />
            <string />
            <string>크리스마스 선물</string>
            <string />
            <string />
            <string />
            <string />
            <string />
        </key>
        <key name="GUPPYS_PAW_NAME">
            <string />
            <string />
            <string>구피의 발</string>
            <string />
            <string />
            <string />
            <string />
            <string />
        </key>
        <key name="GUPPYS_PAW_DESCRIPTION">
            <string />
            <string />
            <string>영혼 변환기</string>
            <string />
            <string />
            <string />
            <string />
            <string />
        </key>
        <key name="GUPPYS_TAIL_NAME">
            <string />
            <string />
            <string>구피의 꼬리</string>
            <string />
            <string />
            <string />
            <string />
            <string />
        </key>
        <key name="GUPPYS_TAIL_DESCRIPTION">
            <string />
            <string />
            <string>저주?</string>
            <string />
            <string />
            <string />
            <string />
            <string />
        </key>
        <key name="IV_BAG_NAME">
            <string />
            <string />
            <string>수혈 팩</string>
            <string />
            <string />
            <string />
            <string />
            <string />
        </key>
        <key name="IV_BAG_DESCRIPTION">
            <string />
            <string />
            <string>휴대용 혈액 은행</string>
            <string />
            <string />
            <string />
            <string />
            <string />
        </key>
        <key name="BEST_FRIEND_NAME">
            <string />
            <string />
            <string>최고의 친구</string>
            <string />
            <string />
            <string />
            <string />
            <string />
        </key>
        <key name="BEST_FRIEND_DESCRIPTION">
            <string />
            <string />
            <string>영원한 친구</string>
            <string />
            <string />
            <string />
            <string />
            <string />
        </key>
        <key name="REMOTE_DETONATOR_NAME">
            <string />
            <string />
            <string>원격 폭파기</string>
            <string />
            <string />
            <string />
            <string />
            <string />
        </key>
        <key name="REMOTE_DETONATOR_DESCRIPTION">
            <string />
            <string />
            <string>원격으로 폭탄 폭파</string>
            <string />
            <string />
            <string />
            <string />
            <string />
        </key>
        <key name="STIGMATA_NAME">
            <string />
            <string />
            <string>성흔</string>
            <string />
            <string />
            <string />
            <string />
            <string />
        </key>
        <key name="STIGMATA_DESCRIPTION">
            <string />
            <string />
            <string>공격력 + 체력 증가</string>
            <string />
            <string />
            <string />
            <string />
            <string />
        </key>
        <key name="MOMS_PURSE_NAME">
            <string />
            <string />
            <string>엄마의 지갑</string>
            <string />
            <string />
            <string />
            <string />
            <string />
        </key>
        <key name="MOMS_PURSE_DESCRIPTION">
            <string />
            <string />
            <string>장신구 공간 추가</string>
            <string />
            <string />
            <string />
            <string />
            <string />
        </key>
        <key name="BOBS_CURSE_NAME">
            <string />
            <string />
            <string>밥의 저주</string>
            <string />
            <string />
            <string />
            <string />
            <string />
        </key>
        <key name="BOBS_CURSE_DESCRIPTION">
            <string />
            <string />
            <string>독 효과 폭탄 5개</string>
            <string />
            <string />
            <string />
            <string />
            <string />
        </key>
        <key name="PAGEANT_BOY_NAME">
            <string />
            <string />
            <string>분장 소년</string>
            <string />
            <string />
            <string />
            <string />
            <string />
        </key>
        <key name="PAGEANT_BOY_DESCRIPTION">
            <string />
            <string />
            <string>너무 멋져!</string>
            <string />
            <string />
            <string />
            <string />
            <string />
        </key>
        <key name="SCAPULAR_NAME">
            <string />
            <string />
            <string>성의</string>
            <string />
            <string />
            <string />
            <string />
            <string />
        </key>
        <key name="SCAPULAR_DESCRIPTION">
            <string />
            <string />
            <string>기적을 향한 기도</string>
            <string />
            <string />
            <string />
            <string />
            <string />
        </key>
        <key name="SPEED_BALL_NAME">
            <string />
            <string />
            <string>스피드볼 마약</string>
            <string />
            <string />
            <string />
            <string />
            <string />
        </key>
        <key name="SPEED_BALL_DESCRIPTION">
            <string />
            <string />
            <string>이동 속도 + 투사체 속도 증가</string>
            <string />
            <string />
            <string />
            <string />
            <string />
        </key>
        <key name="BUM_FRIEND_NAME">
            <string />
            <string />
            <string>거지 친구</string>
            <string />
            <string />
            <string />
            <string />
            <string />
        </key>
        <key name="BUM_FRIEND_DESCRIPTION">
            <string />
            <string />
            <string>욕심쟁이</string>
            <string />
            <string />
            <string />
            <string />
            <string />
        </key>
        <key name="GUPPYS_HEAD_NAME">
            <string />
            <string />
            <string>구피의 머리</string>
            <string />
            <string />
            <string />
            <string />
            <string />
        </key>
        <key name="GUPPYS_HEAD_DESCRIPTION">
            <string />
            <string />
            <string>충전식 파리떼</string>
            <string />
            <string />
            <string />
            <string />
            <string />
        </key>
        <key name="PRAYER_CARD_NAME">
            <string />
            <string />
            <string>기도자 카드</string>
            <string />
            <string />
            <string />
            <string />
            <string />
        </key>
        <key name="PRAYER_CARD_DESCRIPTION">
            <string />
            <string />
            <string>충전식 영원</string>
            <string />
            <string />
            <string />
            <string />
            <string />
        </key>
        <key name="NOTCHED_AXE_NAME">
            <string />
            <string />
            <string>각진 곡괭이</string>
            <string />
            <string />
            <string />
            <string />
            <string />
        </key>
        <key name="NOTCHED_AXE_DESCRIPTION">
            <string />
            <string />
            <string>채굴 개시!</string>
            <string />
            <string />
            <string />
            <string />
            <string />
        </key>
        <key name="INFESTATION_NAME">
            <string />
            <string />
            <string>감염</string>
            <string />
            <string />
            <string />
            <string />
            <string />
        </key>
        <key name="INFESTATION_DESCRIPTION">
            <string />
            <string />
            <string>파리의 복수</string>
            <string />
            <string />
            <string />
            <string />
            <string />
        </key>
        <key name="IPECAC_NAME">
            <string />
            <string />
            <string>구토제</string>
            <string />
            <string />
            <string />
            <string />
            <string />
        </key>
        <key name="IPECAC_DESCRIPTION">
            <string />
            <string />
            <string>폭발하는 공격</string>
            <string />
            <string />
            <string />
            <string />
            <string />
        </key>
        <key name="TOUGH_LOVE_NAME">
            <string />
            <string />
            <string>사랑의 매</string>
            <string />
            <string />
            <string />
            <string />
            <string />
        </key>
        <key name="TOUGH_LOVE_DESCRIPTION">
            <string />
            <string />
            <string>이빨 공격</string>
            <string />
            <string />
            <string />
            <string />
            <string />
        </key>
        <key name="THE_MULLIGAN_NAME">
            <string />
            <string />
            <string>멀리건</string>
            <string />
            <string />
            <string />
            <string />
            <string />
        </key>
        <key name="THE_MULLIGAN_DESCRIPTION">
            <string />
            <string />
            <string>안에서부터 자라나다</string>
            <string />
            <string />
            <string />
            <string />
            <string />
        </key>
        <key name="TECHNOLOGY_2_NAME">
            <string />
            <string />
            <string>기계 장치 2</string>
            <string />
            <string />
            <string />
            <string />
            <string />
        </key>
        <key name="TECHNOLOGY_2_DESCRIPTION">
            <string />
            <string />
            <string>추가 레이저</string>
            <string />
            <string />
            <string />
            <string />
            <string />
        </key>
        <key name="MUTANT_SPIDER_NAME">
            <string />
            <string />
            <string>돌연변이 거미</string>
            <string />
            <string />
            <string />
            <string />
            <string />
        </key>
        <key name="MUTANT_SPIDER_DESCRIPTION">
            <string />
            <string />
            <string>쿼드 샷</string>
            <string />
            <string />
            <string />
            <string />
            <string />
        </key>
        <key name="CHEMICAL_PEEL_NAME">
            <string />
            <string />
            <string>화학 박피제</string>
            <string />
            <string />
            <string />
            <string />
            <string />
        </key>
        <key name="CHEMICAL_PEEL_DESCRIPTION">
            <string />
            <string />
            <string>공격력 증가</string>
            <string />
            <string />
            <string />
            <string />
            <string />
        </key>
        <key name="THE_PEEPER_NAME">
            <string />
            <string />
            <string>엿보기 눈깔</string>
            <string />
            <string />
            <string />
            <string />
            <string />
        </key>
        <key name="THE_PEEPER_DESCRIPTION">
            <string />
            <string />
            <string>퐁!</string>
            <string />
            <string />
            <string />
            <string />
            <string />
        </key>
        <key name="HABIT_NAME">
            <string />
            <string />
            <string>수녀복</string>
            <string />
            <string />
            <string />
            <string />
            <string />
        </key>
        <key name="HABIT_DESCRIPTION">
            <string />
            <string />
            <string>아이템 순교자</string>
            <string />
            <string />
            <string />
            <string />
            <string />
        </key>
        <key name="BLOODY_LUST_NAME">
            <string />
            <string />
            <string>피의 욕망</string>
            <string />
            <string />
            <string />
            <string />
            <string />
        </key>
        <key name="BLOODY_LUST_DESCRIPTION">
            <string />
            <string />
            <string>분노!</string>
            <string />
            <string />
            <string />
            <string />
            <string />
        </key>
        <key name="CRYSTAL_BALL_NAME">
            <string />
            <string />
            <string>수정 구슬</string>
            <string />
            <string />
            <string />
            <string />
            <string />
        </key>
        <key name="CRYSTAL_BALL_DESCRIPTION">
            <string />
            <string />
            <string>미래가 보인다</string>
            <string />
            <string />
            <string />
            <string />
            <string />
        </key>
        <key name="SPIRIT_OF_THE_NIGHT_NAME">
            <string />
            <string />
            <string>밤의 영혼</string>
            <string />
            <string />
            <string />
            <string />
            <string />
        </key>
        <key name="SPIRIT_OF_THE_NIGHT_DESCRIPTION">
            <string />
            <string />
            <string>공포</string>
            <string />
            <string />
            <string />
            <string />
            <string />
        </key>
        <key name="CRACK_THE_SKY_NAME">
            <string />
            <string />
            <string>하늘을 가르다</string>
            <string />
            <string />
            <string />
            <string />
            <string />
        </key>
        <key name="CRACK_THE_SKY_DESCRIPTION">
            <string />
            <string />
            <string>성결한 죽음</string>
            <string />
            <string />
            <string />
            <string />
            <string />
        </key>
        <key name="ANKH_NAME">
            <string />
            <string />
            <string>앙크</string>
            <string />
            <string />
            <string />
            <string />
            <string />
        </key>
        <key name="ANKH_DESCRIPTION">
            <string />
            <string />
            <string>영원한 생명?</string>
            <string />
            <string />
            <string />
            <string />
            <string />
        </key>
        <key name="CELTIC_CROSS_NAME">
            <string />
            <string />
            <string>켈트 십자가</string>
            <string />
            <string />
            <string />
            <string />
            <string />
        </key>
        <key name="CELTIC_CROSS_DESCRIPTION">
            <string />
            <string />
            <string>수호의 축복</string>
            <string />
            <string />
            <string />
            <string />
            <string />
        </key>
        <key name="GHOST_BABY_NAME">
            <string />
            <string />
            <string>유령 아기</string>
            <string />
            <string />
            <string />
            <string />
            <string />
        </key>
        <key name="GHOST_BABY_DESCRIPTION">
            <string />
            <string />
            <string>유령 친구</string>
            <string />
            <string />
            <string />
            <string />
            <string />
        </key>
        <key name="THE_CANDLE_NAME">
            <string />
            <string />
            <string>양초</string>
            <string />
            <string />
            <string />
            <string />
            <string />
        </key>
        <key name="THE_CANDLE_DESCRIPTION">
            <string />
            <string />
            <string>충전식 불꽃</string>
            <string />
            <string />
            <string />
            <string />
            <string />
        </key>
        <key name="CATONINETAILS_NAME">
            <string />
            <string />
            <string>아홉 가닥 채찍</string>
            <string />
            <string />
            <string />
            <string />
            <string />
        </key>
        <key name="CATONINETAILS_DESCRIPTION">
            <string />
            <string />
            <string>투사체 속도 + 공격력 증가</string>
            <string />
            <string />
            <string />
            <string />
            <string />
        </key>
        <key name="D20_NAME">
            <string />
            <string />
            <string>20면체 주사위</string>
            <string />
            <string />
            <string />
            <string />
            <string />
        </key>
        <key name="D20_DESCRIPTION">
            <string />
            <string />
            <string>기본품을 바꿔라</string>
            <string />
            <string />
            <string />
            <string />
            <string />
        </key>
        <key name="HARLEQUIN_BABY_NAME">
            <string />
            <string />
            <string>할리퀸 아기</string>
            <string />
            <string />
            <string />
            <string />
            <string />
        </key>
        <key name="HARLEQUIN_BABY_DESCRIPTION">
            <string />
            <string />
            <string>더블 샷 친구</string>
            <string />
            <string />
            <string />
            <string />
            <string />
        </key>
        <key name="EPIC_FETUS_NAME">
            <string />
            <string />
            <string>굉장한 태아</string>
            <string />
            <string />
            <string />
            <string />
            <string />
        </key>
        <key name="EPIC_FETUS_DESCRIPTION">
            <string />
            <string />
            <string>조종식 공습 공격</string>
            <string />
            <string />
            <string />
            <string />
            <string />
        </key>
        <key name="POLYPHEMUS_NAME">
            <string />
            <string />
            <string>폴리페무스</string>
            <string />
            <string />
            <string />
            <string />
            <string />
        </key>
        <key name="POLYPHEMUS_DESCRIPTION">
            <string />
            <string />
            <string>대왕 눈물</string>
            <string />
            <string />
            <string />
            <string />
            <string />
        </key>
        <key name="DADDY_LONGLEGS_NAME">
            <string />
            <string />
            <string>장님거미</string>
            <string />
            <string />
            <string />
            <string />
            <string />
        </key>
        <key name="DADDY_LONGLEGS_DESCRIPTION">
            <string />
            <string />
            <string>아빠의 사랑</string>
            <string />
            <string />
            <string />
            <string />
            <string />
        </key>
        <key name="SPIDER_BUTT_NAME">
            <string />
            <string />
            <string>거미 궁둥이</string>
            <string />
            <string />
            <string />
            <string />
            <string />
        </key>
        <key name="SPIDER_BUTT_DESCRIPTION">
            <string />
            <string />
            <string>방 전체 공격 + 둔화 효과</string>
            <string />
            <string />
            <string />
            <string />
            <string />
        </key>
        <key name="SACRIFICIAL_DAGGER_NAME">
            <string />
            <string />
            <string>제례용 단검</string>
            <string />
            <string />
            <string />
            <string />
            <string />
        </key>
        <key name="SACRIFICIAL_DAGGER_DESCRIPTION">
            <string />
            <string />
            <string>나의 운명에게 보호받다</string>
            <string />
            <string />
            <string />
            <string />
            <string />
        </key>
        <key name="MITRE_NAME">
            <string />
            <string />
            <string>주교관</string>
            <string />
            <string />
            <string />
            <string />
            <string />
        </key>
        <key name="MITRE_DESCRIPTION">
            <string />
            <string />
            <string>순수의 축복</string>
            <string />
            <string />
            <string />
            <string />
            <string />
        </key>
        <key name="RAINBOW_BABY_NAME">
            <string />
            <string />
            <string>무지개 아기</string>
            <string />
            <string />
            <string />
            <string />
            <string />
        </key>
        <key name="RAINBOW_BABY_DESCRIPTION">
            <string />
            <string />
            <string>랜덤 친구</string>
            <string />
            <string />
            <string />
            <string />
            <string />
        </key>
        <key name="DADS_KEY_NAME">
            <string />
            <string />
            <string>아빠의 열쇠</string>
            <string />
            <string />
            <string />
            <string />
            <string />
        </key>
        <key name="DADS_KEY_DESCRIPTION">
            <string />
            <string />
            <string>모든 문을 열 수 있어...</string>
            <string />
            <string />
            <string />
            <string />
            <string />
        </key>
        <key name="STEM_CELLS_NAME">
            <string />
            <string />
            <string>줄기세포</string>
            <string />
            <string />
            <string />
            <string />
            <string />
        </key>
        <key name="STEM_CELLS_DESCRIPTION">
            <string />
            <string />
            <string>체력 증가</string>
            <string />
            <string />
            <string />
            <string />
            <string />
        </key>
        <key name="PORTABLE_SLOT_NAME">
            <string />
            <string />
            <string>휴대용 슬롯머신</string>
            <string />
            <string />
            <string />
            <string />
            <string />
        </key>
        <key name="PORTABLE_SLOT_DESCRIPTION">
            <string />
            <string />
            <string>연중무휴 도박장</string>
            <string />
            <string />
            <string />
            <string />
            <string />
        </key>
        <key name="HOLY_WATER_NAME">
            <string />
            <string />
            <string>성수</string>
            <string />
            <string />
            <string />
            <string />
            <string />
        </key>
        <key name="HOLY_WATER_DESCRIPTION">
            <string />
            <string />
            <string>철썩!</string>
            <string />
            <string />
            <string />
            <string />
            <string />
        </key>
        <key name="FATE_NAME">
            <string />
            <string />
            <string>운명</string>
            <string />
            <string />
            <string />
            <string />
            <string />
        </key>
        <key name="FATE_DESCRIPTION">
            <string />
            <string />
            <string>영원한 비행</string>
            <string />
            <string />
            <string />
            <string />
            <string />
        </key>
        <key name="THE_BLACK_BEAN_NAME">
            <string />
            <string />
            <string>검은 콩</string>
            <string />
            <string />
            <string />
            <string />
            <string />
        </key>
        <key name="THE_BLACK_BEAN_DESCRIPTION">
            <string />
            <string />
            <string>닿으면 방귀를 뿡</string>
            <string />
            <string />
            <string />
            <string />
            <string />
        </key>
        <key name="WHITE_PONY_NAME">
            <string />
            <string />
            <string>흰 조랑말</string>
            <string />
            <string />
            <string />
            <string />
            <string />
        </key>
        <key name="WHITE_PONY_DESCRIPTION">
            <string />
            <string />
            <string>비행 능력 + 신성한 죽음</string>
            <string />
            <string />
            <string />
            <string />
            <string />
        </key>
        <key name="SACRED_HEART_NAME">
            <string />
            <string />
            <string>성스러운 심장</string>
            <string />
            <string />
            <string />
            <string />
            <string />
        </key>
        <key name="SACRED_HEART_DESCRIPTION">
            <string />
            <string />
            <string>유도 공격 + 공격력 증가</string>
            <string />
            <string />
            <string />
            <string />
            <string />
        </key>
        <key name="TOOTH_PICKS_NAME">
            <string />
            <string />
            <string>이쑤시개</string>
            <string />
            <string />
            <string />
            <string />
            <string />
        </key>
        <key name="TOOTH_PICKS_DESCRIPTION">
            <string />
            <string />
            <string>공격 속도 + 투사체 속도 증가</string>
            <string />
            <string />
            <string />
            <string />
            <string />
        </key>
        <key name="HOLY_GRAIL_NAME">
            <string />
            <string />
            <string>성배</string>
            <string />
            <string />
            <string />
            <string />
            <string />
        </key>
        <key name="HOLY_GRAIL_DESCRIPTION">
            <string />
            <string />
            <string>비행 능력 + 체력 증가</string>
            <string />
            <string />
            <string />
            <string />
            <string />
        </key>
        <key name="DEAD_DOVE_NAME">
            <string />
            <string />
            <string>죽은 비둘기</string>
            <string />
            <string />
            <string />
            <string />
            <string />
        </key>
        <key name="DEAD_DOVE_DESCRIPTION">
            <string />
            <string />
            <string>비행 능력 + 유령 눈물</string>
            <string />
            <string />
            <string />
            <string />
            <string />
        </key>
        <key name="BLOOD_RIGHTS_NAME">
            <string />
            <string />
            <string>피의 권리</string>
            <string />
            <string />
            <string />
            <string />
            <string />
        </key>
        <key name="BLOOD_RIGHTS_DESCRIPTION">
            <string />
            <string />
            <string>대가를 바쳐 방 전체에 공격</string>
            <string />
            <string />
            <string />
            <string />
            <string />
        </key>
        <key name="GUPPYS_HAIRBALL_NAME">
            <string />
            <string />
            <string>구피의 털뭉치</string>
            <string />
            <string />
            <string />
            <string />
            <string />
        </key>
        <key name="GUPPYS_HAIRBALL_DESCRIPTION">
            <string />
            <string />
            <string>휘둘러봐</string>
            <string />
            <string />
            <string />
            <string />
            <string />
        </key>
        <key name="ABEL_NAME">
            <string />
            <string />
            <string>아벨</string>
            <string />
            <string />
            <string />
            <string />
            <string />
        </key>
        <key name="ABEL_DESCRIPTION">
            <string />
            <string />
            <string>거꾸로 친구</string>
            <string />
            <string />
            <string />
            <string />
            <string />
        </key>
        <key name="SMB_SUPER_FAN_NAME">
            <string />
            <string />
            <string>슈미보 광팬</string>
            <string />
            <string />
            <string />
            <string />
            <string />
        </key>
        <key name="SMB_SUPER_FAN_DESCRIPTION">
            <string />
            <string />
            <string>모든 능력치 증가</string>
            <string />
            <string />
            <string />
            <string />
            <string />
        </key>
        <key name="PYRO_NAME">
            <string />
            <string />
            <string>폭탄마</string>
            <string />
            <string />
            <string />
            <string />
            <string />
        </key>
        <key name="PYRO_DESCRIPTION">
            <string />
            <string />
            <string>폭탄 99개</string>
            <string />
            <string />
            <string />
            <string />
            <string />
        </key>
        <key name="3_DOLLAR_BILL_NAME">
            <string />
            <string />
            <string>3달러 지폐</string>
            <string />
            <string />
            <string />
            <string />
            <string />
        </key>
        <key name="3_DOLLAR_BILL_DESCRIPTION">
            <string />
            <string />
            <string>무지갯빛 눈물</string>
            <string />
            <string />
            <string />
            <string />
            <string />
        </key>
        <key name="TELEPATHY_FOR_DUMMIES_NAME">
            <string />
            <string />
            <string>천재반을 위한 텔레파시</string>
            <string />
            <string />
            <string />
            <string />
            <string />
        </key>
        <key name="TELEPATHY_FOR_DUMMIES_DESCRIPTION">
            <string />
            <string />
            <string>일시적 초능력 공격</string>
            <string />
            <string />
            <string />
            <string />
            <string />
        </key>
        <key name="MEAT_NAME">
            <string />
            <string />
            <string>고기!</string>
            <string />
            <string />
            <string />
            <string />
            <string />
        </key>
        <key name="MEAT_DESCRIPTION">
            <string />
            <string />
            <string>공격력 + 체력 증가</string>
            <string />
            <string />
            <string />
            <string />
            <string />
        </key>
        <key name="MAGIC_8_BALL_NAME">
            <string />
            <string />
            <string>마법의 8번 공</string>
            <string />
            <string />
            <string />
            <string />
            <string />
        </key>
        <key name="MAGIC_8_BALL_DESCRIPTION">
            <string />
            <string />
            <string>투사체 속도 증가</string>
            <string />
            <string />
            <string />
            <string />
            <string />
        </key>
        <key name="MOMS_COIN_PURSE_NAME">
            <string />
            <string />
            <string>엄마의 동전 지갑</string>
            <string />
            <string />
            <string />
            <string />
            <string />
        </key>
        <key name="MOMS_COIN_PURSE_DESCRIPTION">
            <string />
            <string />
            <string>이게 다 뭐지...?</string>
            <string />
            <string />
            <string />
            <string />
            <string />
        </key>
        <key name="SQUEEZY_NAME">
            <string />
            <string />
            <string>쥐어짜기</string>
            <string />
            <string />
            <string />
            <string />
            <string />
        </key>
        <key name="SQUEEZY_DESCRIPTION">
            <string />
            <string />
            <string>공격 속도 증가</string>
            <string />
            <string />
            <string />
            <string />
            <string />
        </key>
        <key name="JESUS_JUICE_NAME">
            <string />
            <string />
            <string>예수 주스</string>
            <string />
            <string />
            <string />
            <string />
            <string />
        </key>
        <key name="JESUS_JUICE_DESCRIPTION">
            <string />
            <string />
            <string>공격력 + 사거리 증가</string>
            <string />
            <string />
            <string />
            <string />
            <string />
        </key>
        <key name="BOX_NAME">
            <string />
            <string />
            <string>상자</string>
            <string />
            <string />
            <string />
            <string />
            <string />
        </key>
        <key name="BOX_DESCRIPTION">
            <string />
            <string />
            <string>잡동사니</string>
            <string />
            <string />
            <string />
            <string />
            <string />
        </key>
        <key name="MOMS_KEY_NAME">
            <string />
            <string />
            <string>엄마의 열쇠</string>
            <string />
            <string />
            <string />
            <string />
            <string />
        </key>
        <key name="MOMS_KEY_DESCRIPTION">
            <string />
            <string />
            <string>더 많은 상자 보상 + 열쇠 2개</string>
            <string />
            <string />
            <string />
            <string />
            <string />
        </key>
        <key name="MOMS_EYESHADOW_NAME">
            <string />
            <string />
            <string>엄마의 아이섀도우</string>
            <string />
            <string />
            <string />
            <string />
            <string />
        </key>
        <key name="MOMS_EYESHADOW_DESCRIPTION">
            <string />
            <string />
            <string>매혹 눈물</string>
            <string />
            <string />
            <string />
            <string />
            <string />
        </key>
        <key name="IRON_BAR_NAME">
            <string />
            <string />
            <string>철괴</string>
            <string />
            <string />
            <string />
            <string />
            <string />
        </key>
        <key name="IRON_BAR_DESCRIPTION">
            <string />
            <string />
            <string>공격력 증가 + 뇌진탕 눈물</string>
            <string />
            <string />
            <string />
            <string />
            <string />
        </key>
        <key name="MIDAS_TOUCH_NAME">
            <string />
            <string />
            <string>미다스의 손길</string>
            <string />
            <string />
            <string />
            <string />
            <string />
        </key>
        <key name="MIDAS_TOUCH_DESCRIPTION">
            <string />
            <string />
            <string>황금으로!</string>
            <string />
            <string />
            <string />
            <string />
            <string />
        </key>
        <key name="HUMBLEING_BUNDLE_NAME">
            <string />
            <string />
            <string>험블링 번들</string>
            <string />
            <string />
            <string />
            <string />
            <string />
        </key>
        <key name="HUMBLEING_BUNDLE_DESCRIPTION">
            <string />
            <string />
            <string>평생 1+1이에요</string>
            <string />
            <string />
            <string />
            <string />
            <string />
        </key>
        <key name="FANNY_PACK_NAME">
            <string />
            <string />
            <string>주머니 가방</string>
            <string />
            <string />
            <string />
            <string />
            <string />
        </key>
        <key name="FANNY_PACK_DESCRIPTION">
            <string />
            <string />
            <string>멋진 것들이 가득</string>
            <string />
            <string />
            <string />
            <string />
            <string />
        </key>
        <key name="SHARP_PLUG_NAME">
            <string />
            <string />
            <string>날카로운 플러그</string>
            <string />
            <string />
            <string />
            <string />
            <string />
        </key>
        <key name="SHARP_PLUG_DESCRIPTION">
            <string />
            <string />
            <string>무제한 충전... 그 대가는?</string>
            <string />
            <string />
            <string />
            <string />
            <string />
        </key>
        <key name="GUILLOTINE_NAME">
            <string />
            <string />
            <string>단두대</string>
            <string />
            <string />
            <string />
            <string />
            <string />
        </key>
        <key name="GUILLOTINE_DESCRIPTION">
            <string />
            <string />
            <string>공격력 + 공격 속도 증가. 유체이탈!</string>
            <string />
            <string />
            <string />
            <string />
            <string />
        </key>
        <key name="BALL_OF_BANDAGES_NAME">
            <string />
            <string />
            <string>밴드 덩어리</string>
            <string />
            <string />
            <string />
            <string />
            <string />
        </key>
        <key name="BALL_OF_BANDAGES_DESCRIPTION">
            <string />
            <string />
            <string>모두 핥아 버리자!</string>
            <string />
            <string />
            <string />
            <string />
            <string />
        </key>
        <key name="CHAMPION_BELT_NAME">
            <string />
            <string />
            <string>챔피언 벨트</string>
            <string />
            <string />
            <string />
            <string />
            <string />
        </key>
        <key name="CHAMPION_BELT_DESCRIPTION">
            <string />
            <string />
            <string>공격력 + 도전 정신 증가</string>
            <string />
            <string />
            <string />
            <string />
            <string />
        </key>
        <key name="BUTT_BOMBS_NAME">
            <string />
            <string />
            <string>궁둥이 폭탄</string>
            <string />
            <string />
            <string />
            <string />
            <string />
        </key>
        <key name="BUTT_BOMBS_DESCRIPTION">
            <string />
            <string />
            <string>독 폭발 + 폭탄 5개</string>
            <string />
            <string />
            <string />
            <string />
            <string />
        </key>
        <key name="GNAWED_LEAF_NAME">
            <string />
            <string />
            <string>벌레 먹은 잎사귀</string>
            <string />
            <string />
            <string />
            <string />
            <string />
        </key>
        <key name="GNAWED_LEAF_DESCRIPTION">
            <string />
            <string />
            <string>금강불괴</string>
            <string />
            <string />
            <string />
            <string />
            <string />
        </key>
        <key name="SPIDERBABY_NAME">
            <string />
            <string />
            <string>새끼 거미</string>
            <string />
            <string />
            <string />
            <string />
            <string />
        </key>
        <key name="SPIDERBABY_DESCRIPTION">
            <string />
            <string />
            <string>복수하는 거미</string>
            <string />
            <string />
            <string />
            <string />
            <string />
        </key>
        <key name="GUPPYS_COLLAR_NAME">
            <string />
            <string />
            <string>구피의 목걸이</string>
            <string />
            <string />
            <string />
            <string />
            <string />
        </key>
        <key name="GUPPYS_COLLAR_DESCRIPTION">
            <string />
            <string />
            <string>영원한 생명?</string>
            <string />
            <string />
            <string />
            <string />
            <string />
        </key>
        <key name="LOST_CONTACT_NAME">
            <string />
            <string />
            <string>잃어버린 렌즈</string>
            <string />
            <string />
            <string />
            <string />
            <string />
        </key>
        <key name="LOST_CONTACT_DESCRIPTION">
            <string />
            <string />
            <string>방패 눈물</string>
            <string />
            <string />
            <string />
            <string />
            <string />
        </key>
        <key name="ANEMIC_NAME">
            <string />
            <string />
            <string>빈혈증</string>
            <string />
            <string />
            <string />
            <string />
            <string />
        </key>
        <key name="ANEMIC_DESCRIPTION">
            <string />
            <string />
            <string>독성 피</string>
            <string />
            <string />
            <string />
            <string />
            <string />
        </key>
        <key name="GOAT_HEAD_NAME">
            <string />
            <string />
            <string>염소 머리</string>
            <string />
            <string />
            <string />
            <string />
            <string />
        </key>
        <key name="GOAT_HEAD_DESCRIPTION">
            <string />
            <string />
            <string>네 제물을 받아주신다</string>
            <string />
            <string />
            <string />
            <string />
            <string />
        </key>
        <key name="CEREMONIAL_ROBES_NAME">
            <string />
            <string />
            <string>의식용 예복</string>
            <string />
            <string />
            <string />
            <string />
            <string />
        </key>
        <key name="CEREMONIAL_ROBES_DESCRIPTION">
            <string />
            <string />
            <string>공격력 + 악함 증가</string>
            <string />
            <string />
            <string />
            <string />
            <string />
        </key>
        <key name="MOMS_WIG_NAME">
            <string />
            <string />
            <string>엄마의 가발</string>
            <string />
            <string />
            <string />
            <string />
            <string />
        </key>
        <key name="MOMS_WIG_DESCRIPTION">
            <string />
            <string />
            <string>머리가 가려워...</string>
            <string />
            <string />
            <string />
            <string />
            <string />
        </key>
        <key name="PLACENTA_NAME">
            <string />
            <string />
            <string>태반</string>
            <string />
            <string />
            <string />
            <string />
            <string />
        </key>
        <key name="PLACENTA_DESCRIPTION">
            <string />
            <string />
            <string>체력 재생 + 체력 증가</string>
            <string />
            <string />
            <string />
            <string />
            <string />
        </key>
        <key name="OLD_BANDAGE_NAME">
            <string />
            <string />
            <string>낡은 밴드</string>
            <string />
            <string />
            <string />
            <string />
            <string />
        </key>
        <key name="OLD_BANDAGE_DESCRIPTION">
            <string />
            <string />
            <string>체력 증가</string>
            <string />
            <string />
            <string />
            <string />
            <string />
        </key>
        <key name="SAD_BOMBS_NAME">
            <string />
            <string />
            <string>눈물 폭탄</string>
            <string />
            <string />
            <string />
            <string />
            <string />
        </key>
        <key name="SAD_BOMBS_DESCRIPTION">
            <string />
            <string />
            <string>눈물 폭발 + 폭탄 5개</string>
            <string />
            <string />
            <string />
            <string />
            <string />
        </key>
        <key name="RUBBER_CEMENT_NAME">
            <string />
            <string />
            <string>고무 접착제</string>
            <string />
            <string />
            <string />
            <string />
            <string />
        </key>
        <key name="RUBBER_CEMENT_DESCRIPTION">
            <string />
            <string />
            <string>튕기는 눈물</string>
            <string />
            <string />
            <string />
            <string />
            <string />
        </key>
        <key name="ANTIGRAVITY_NAME">
            <string />
            <string />
            <string>반중력</string>
            <string />
            <string />
            <string />
            <string />
            <string />
        </key>
        <key name="ANTIGRAVITY_DESCRIPTION">
            <string />
            <string />
            <string>반중력 눈물 + 공격 속도 증가</string>
            <string />
            <string />
            <string />
            <string />
            <string />
        </key>
        <key name="PYROMANIAC_NAME">
            <string />
            <string />
            <string>방화광</string>
            <string />
            <string />
            <string />
            <string />
            <string />
        </key>
        <key name="PYROMANIAC_DESCRIPTION">
            <string />
            <string />
            <string>폭발은 기분 좋아 + 폭탄 5개</string>
            <string />
            <string />
            <string />
            <string />
            <string />
        </key>
        <key name="CRICKETS_BODY_NAME">
            <string />
            <string />
            <string>크리켓의 몸뚱이</string>
            <string />
            <string />
            <string />
            <string />
            <string />
        </key>
        <key name="CRICKETS_BODY_DESCRIPTION">
            <string />
            <string />
            <string>갈라지는 공격 + 공격 속도 증가</string>
            <string />
            <string />
            <string />
            <string />
            <string />
        </key>
        <key name="GIMPY_NAME">
            <string />
            <string />
            <string>김피</string>
            <string />
            <string />
            <string />
            <string />
            <string />
        </key>
        <key name="GIMPY_DESCRIPTION">
            <string />
            <string />
            <string>달콤한 고통</string>
            <string />
            <string />
            <string />
            <string />
            <string />
        </key>
        <key name="BLACK_LOTUS_NAME">
            <string />
            <string />
            <string>검은 연꽃</string>
            <string />
            <string />
            <string />
            <string />
            <string />
        </key>
        <key name="BLACK_LOTUS_DESCRIPTION">
            <string />
            <string />
            <string>체력 증가 x3</string>
            <string />
            <string />
            <string />
            <string />
            <string />
        </key>
        <key name="PIGGY_BANK_NAME">
            <string />
            <string />
            <string>돼지저금통</string>
            <string />
            <string />
            <string />
            <string />
            <string />
        </key>
        <key name="PIGGY_BANK_DESCRIPTION">
            <string />
            <string />
            <string>비상금</string>
            <string />
            <string />
            <string />
            <string />
            <string />
        </key>
        <key name="MOMS_PERFUME_NAME">
            <string />
            <string />
            <string>엄마의 향수</string>
            <string />
            <string />
            <string />
            <string />
            <string />
        </key>
        <key name="MOMS_PERFUME_DESCRIPTION">
            <string />
            <string />
            <string>공포 공격 + 공격 속도 증가</string>
            <string />
            <string />
            <string />
            <string />
            <string />
        </key>
        <key name="MONSTROS_LUNG_NAME">
            <string />
            <string />
            <string>몬스트로의 폐</string>
            <string />
            <string />
            <string />
            <string />
            <string />
        </key>
        <key name="MONSTROS_LUNG_DESCRIPTION">
            <string />
            <string />
            <string>모아 쏘기</string>
            <string />
            <string />
            <string />
            <string />
            <string />
        </key>
        <key name="ABADDON_NAME">
            <string />
            <string />
            <string>아바돈</string>
            <string />
            <string />
            <string />
            <string />
            <string />
        </key>
        <key name="ABADDON_DESCRIPTION">
            <string />
            <string />
            <string>악함 + 공격력 증가 + 공포 공격</string>
            <string />
            <string />
            <string />
            <string />
            <string />
        </key>
        <key name="BALL_OF_TAR_NAME">
            <string />
            <string />
            <string>타르 덩어리</string>
            <string />
            <string />
            <string />
            <string />
            <string />
        </key>
        <key name="BALL_OF_TAR_DESCRIPTION">
            <string />
            <string />
            <string>발이 끈적끈적...</string>
            <string />
            <string />
            <string />
            <string />
            <string />
        </key>
        <key name="STOP_WATCH_NAME">
            <string />
            <string />
            <string>스톱워치</string>
            <string />
            <string />
            <string />
            <string />
            <string />
        </key>
        <key name="STOP_WATCH_DESCRIPTION">
            <string />
            <string />
            <string>조금 느리게 해보자...</string>
            <string />
            <string />
            <string />
            <string />
            <string />
        </key>
        <key name="TINY_PLANET_NAME">
            <string />
            <string />
            <string>소행성</string>
            <string />
            <string />
            <string />
            <string />
            <string />
        </key>
        <key name="TINY_PLANET_DESCRIPTION">
            <string />
            <string />
            <string>궤도 눈물 + 사거리 증가</string>
            <string />
            <string />
            <string />
            <string />
            <string />
        </key>
        <key name="INFESTATION_2_NAME">
            <string />
            <string />
            <string>감염 2</string>
            <string />
            <string />
            <string />
            <string />
            <string />
        </key>
        <key name="INFESTATION_2_DESCRIPTION">
            <string />
            <string />
            <string>감염 공격</string>
            <string />
            <string />
            <string />
            <string />
            <string />
        </key>
        <key name="E_COLI_NAME">
            <string />
            <string />
            <string>대장균</string>
            <string />
            <string />
            <string />
            <string />
            <string />
        </key>
        <key name="E_COLI_DESCRIPTION">
            <string />
            <string />
            <string>응가 묻은 손길</string>
            <string />
            <string />
            <string />
            <string />
            <string />
        </key>
        <key name="DEATHS_TOUCH_NAME">
            <string />
            <string />
            <string>죽음의 손길</string>
            <string />
            <string />
            <string />
            <string />
            <string />
        </key>
        <key name="DEATHS_TOUCH_DESCRIPTION">
            <string />
            <string />
            <string>관통 공격 + 공격력 증가</string>
            <string />
            <string />
            <string />
            <string />
            <string />
        </key>
        <key name="KEY_PIECE_1_NAME">
            <string />
            <string />
            <string>열쇠 조각 1</string>
            <string />
            <string />
            <string />
            <string />
            <string />
        </key>
        <key name="KEY_PIECE_1_DESCRIPTION">
            <string />
            <string />
            <string>???</string>
            <string />
            <string />
            <string />
            <string />
            <string />
        </key>
        <key name="KEY_PIECE_2_NAME">
            <string />
            <string />
            <string>열쇠 조각 2</string>
            <string />
            <string />
            <string />
            <string />
            <string />
        </key>
        <key name="KEY_PIECE_2_DESCRIPTION">
            <string />
            <string />
            <string>???</string>
            <string />
            <string />
            <string />
            <string />
            <string />
        </key>
        <key name="EXPERIMENTAL_TREATMENT_NAME">
            <string />
            <string />
            <string>임상시험</string>
            <string />
            <string />
            <string />
            <string />
            <string />
        </key>
        <key name="EXPERIMENTAL_TREATMENT_DESCRIPTION">
            <string />
            <string />
            <string>일부 능력치 증가, 일부 능력치 감소</string>
            <string />
            <string />
            <string />
            <string />
            <string />
        </key>
        <key name="CONTRACT_FROM_BELOW_NAME">
            <string />
            <string />
            <string>지하로부터의 계약</string>
            <string />
            <string />
            <string />
            <string />
            <string />
        </key>
        <key name="CONTRACT_FROM_BELOW_DESCRIPTION">
            <string />
            <string />
            <string>부유해졌지만... 그 대가는?</string>
            <string />
            <string />
            <string />
            <string />
            <string />
        </key>
        <key name="INFAMY_NAME">
            <string />
            <string />
            <string>악명</string>
            <string />
            <string />
            <string />
            <string />
            <string />
        </key>
        <key name="INFAMY_DESCRIPTION">
            <string />
            <string />
            <string>공격을 막아낸다... 가끔씩</string>
            <string />
            <string />
            <string />
            <string />
            <string />
        </key>
        <key name="TRINITY_SHIELD_NAME">
            <string />
            <string />
            <string>삼위일체 방패</string>
            <string />
            <string />
            <string />
            <string />
            <string />
        </key>
        <key name="TRINITY_SHIELD_DESCRIPTION">
            <string />
            <string />
            <string>보호받는 느낌</string>
            <string />
            <string />
            <string />
            <string />
            <string />
        </key>
        <key name="TECH5_NAME">
            <string />
            <string />
            <string>기계 0.5</string>
            <string />
            <string />
            <string />
            <string />
            <string />
        </key>
        <key name="TECH5_DESCRIPTION">
            <string />
            <string />
            <string>베타 테스트 중...</string>
            <string />
            <string />
            <string />
            <string />
            <string />
        </key>
        <key name="2020_NAME">
            <string />
            <string />
            <string>시력 2.0</string>
            <string />
            <string />
            <string />
            <string />
            <string />
        </key>
        <key name="2020_DESCRIPTION">
            <string />
            <string />
            <string>더블 샷</string>
            <string />
            <string />
            <string />
            <string />
            <string />
        </key>
        <key name="BLUE_MAP_NAME">
            <string />
            <string />
            <string>파란 지도</string>
            <string />
            <string />
            <string />
            <string />
            <string />
        </key>
        <key name="BLUE_MAP_DESCRIPTION">
            <string />
            <string />
            <string>비밀들</string>
            <string />
            <string />
            <string />
            <string />
            <string />
        </key>
        <key name="BFFS_NAME">
            <string />
            <string />
            <string>베프들!</string>
            <string />
            <string />
            <string />
            <string />
            <string />
        </key>
        <key name="BFFS_DESCRIPTION">
            <string />
            <string />
            <string>친구가 최고야</string>
            <string />
            <string />
            <string />
            <string />
            <string />
        </key>
        <key name="HIVE_MIND_NAME">
            <string />
            <string />
            <string>군체 의식</string>
            <string />
            <string />
            <string />
            <string />
            <string />
        </key>
        <key name="HIVE_MIND_DESCRIPTION">
            <string />
            <string />
            <string>왕거미와 왕파리</string>
            <string />
            <string />
            <string />
            <string />
            <string />
        </key>
        <key name="THERES_OPTIONS_NAME">
            <string />
            <string />
            <string>추가 선택권</string>
            <string />
            <string />
            <string />
            <string />
            <string />
        </key>
        <key name="THERES_OPTIONS_DESCRIPTION">
            <string />
            <string />
            <string>더 많은 선택지</string>
            <string />
            <string />
            <string />
            <string />
            <string />
        </key>
        <key name="BOGO_BOMBS_NAME">
            <string />
            <string />
            <string>1+1 폭탄</string>
            <string />
            <string />
            <string />
            <string />
            <string />
        </key>
        <key name="BOGO_BOMBS_DESCRIPTION">
            <string />
            <string />
            <string>원 플러스 원!</string>
            <string />
            <string />
            <string />
            <string />
            <string />
        </key>
        <key name="STARTER_DECK_NAME">
            <string />
            <string />
            <string>스타터 덱</string>
            <string />
            <string />
            <string />
            <string />
            <string />
        </key>
        <key name="STARTER_DECK_DESCRIPTION">
            <string />
            <string />
            <string>카드 공간 추가</string>
            <string />
            <string />
            <string />
            <string />
            <string />
        </key>
        <key name="LITTLE_BAGGY_NAME">
            <string />
            <string />
            <string>작은 주머니</string>
            <string />
            <string />
            <string />
            <string />
            <string />
        </key>
        <key name="LITTLE_BAGGY_DESCRIPTION">
            <string />
            <string />
            <string>알약 공간 추가</string>
            <string />
            <string />
            <string />
            <string />
            <string />
        </key>
        <key name="MAGIC_SCAB_NAME">
            <string />
            <string />
            <string>마법의 딱쟁이</string>
            <string />
            <string />
            <string />
            <string />
            <string />
        </key>
        <key name="MAGIC_SCAB_DESCRIPTION">
            <string />
            <string />
            <string>체력 + 행운 증가</string>
            <string />
            <string />
            <string />
            <string />
            <string />
        </key>
        <key name="BLOOD_CLOT_NAME">
            <string />
            <string />
            <string>응혈</string>
            <string />
            <string />
            <string />
            <string />
            <string />
        </key>
        <key name="BLOOD_CLOT_DESCRIPTION">
            <string />
            <string />
            <string>공격력 + 사거리 증가</string>
            <string />
            <string />
            <string />
            <string />
            <string />
        </key>
        <key name="SCREW_NAME">
            <string />
            <string />
            <string>나사못</string>
            <string />
            <string />
            <string />
            <string />
            <string />
        </key>
        <key name="SCREW_DESCRIPTION">
            <string />
            <string />
            <string>공격 속도 + 투사체 속도 증가</string>
            <string />
            <string />
            <string />
            <string />
            <string />
        </key>
        <key name="HOT_BOMBS_NAME">
            <string />
            <string />
            <string>불 폭탄</string>
            <string />
            <string />
            <string />
            <string />
            <string />
        </key>
        <key name="HOT_BOMBS_DESCRIPTION">
            <string />
            <string />
            <string>화염 폭발 + 폭탄 5개</string>
            <string />
            <string />
            <string />
            <string />
            <string />
        </key>
        <key name="FIRE_MIND_NAME">
            <string />
            <string />
            <string>불타는 마음</string>
            <string />
            <string />
            <string />
            <string />
            <string />
        </key>
        <key name="FIRE_MIND_DESCRIPTION">
            <string />
            <string />
            <string>화염 눈물</string>
            <string />
            <string />
            <string />
            <string />
            <string />
        </key>
        <key name="MISSING_NO_NAME">
            <string />
            <string />
            <string>미싱노</string>
            <string />
            <string />
            <string />
            <string />
            <string />
        </key>
        <key name="MISSING_NO_DESCRIPTION">
            <string />
            <string />
            <string>구문 오류</string>
            <string />
            <string />
            <string />
            <string />
            <string />
        </key>
        <key name="DARK_MATTER_NAME">
            <string />
            <string />
            <string>암흑물질</string>
            <string />
            <string />
            <string />
            <string />
            <string />
        </key>
        <key name="DARK_MATTER_DESCRIPTION">
            <string />
            <string />
            <string>공격력 증가 + 공포 공격</string>
            <string />
            <string />
            <string />
            <string />
            <string />
        </key>
        <key name="BLACK_CANDLE_NAME">
            <string />
            <string />
            <string>검은 양초</string>
            <string />
            <string />
            <string />
            <string />
            <string />
        </key>
        <key name="BLACK_CANDLE_DESCRIPTION">
            <string />
            <string />
            <string>저주 면역 + 악함 증가</string>
            <string />
            <string />
            <string />
            <string />
            <string />
        </key>
        <key name="PROPTOSIS_NAME">
            <string />
            <string />
            <string>안구 돌출증</string>
            <string />
            <string />
            <string />
            <string />
            <string />
        </key>
        <key name="PROPTOSIS_DESCRIPTION">
            <string />
            <string />
            <string>근거리 최강 눈물</string>
            <string />
            <string />
            <string />
            <string />
            <string />
        </key>
        <key name="MISSING_PAGE_2_NAME">
            <string />
            <string />
            <string>찢어진 페이지 2</string>
            <string />
            <string />
            <string />
            <string />
            <string />
        </key>
        <key name="MISSING_PAGE_2_DESCRIPTION">
            <string />
            <string />
            <string>악함 증가. 적들은 대가를 치르리라!</string>
            <string />
            <string />
            <string />
            <string />
            <string />
        </key>
        <key name="CLEAR_RUNE_NAME">
            <string />
            <string />
            <string>투명한 룬</string>
            <string />
            <string />
            <string />
            <string />
            <string />
        </key>
        <key name="CLEAR_RUNE_DESCRIPTION">
            <string />
            <string />
            <string>따라쟁이 룬</string>
            <string />
            <string />
            <string />
            <string />
            <string />
        </key>
        <key name="SMART_FLY_NAME">
            <string />
            <string />
            <string>똑똑한 파리</string>
            <string />
            <string />
            <string />
            <string />
            <string />
        </key>
        <key name="SMART_FLY_DESCRIPTION">
            <string />
            <string />
            <string>복수하는 파리</string>
            <string />
            <string />
            <string />
            <string />
            <string />
        </key>
        <key name="DRY_BABY_NAME">
            <string />
            <string />
            <string>말라빠진 아기</string>
            <string />
            <string />
            <string />
            <string />
            <string />
        </key>
        <key name="DRY_BABY_DESCRIPTION">
            <string />
            <string />
            <string>불멸의 친구</string>
            <string />
            <string />
            <string />
            <string />
            <string />
        </key>
        <key name="JUICY_SACK_NAME">
            <string />
            <string />
            <string>축축한 알집</string>
            <string />
            <string />
            <string />
            <string />
            <string />
        </key>
        <key name="JUICY_SACK_DESCRIPTION">
            <string />
            <string />
            <string>끈적한 아기들</string>
            <string />
            <string />
            <string />
            <string />
            <string />
        </key>
        <key name="ROBOBABY_20_NAME">
            <string />
            <string />
            <string>로보베이비 2.0</string>
            <string />
            <string />
            <string />
            <string />
            <string />
        </key>
        <key name="ROBOBABY_20_DESCRIPTION">
            <string />
            <string />
            <string>버그를 모두 잡아냈습니다</string>
            <string />
            <string />
            <string />
            <string />
            <string />
        </key>
        <key name="ROTTEN_BABY_NAME">
            <string />
            <string />
            <string>썩은 아기</string>
            <string />
            <string />
            <string />
            <string />
            <string />
        </key>
        <key name="ROTTEN_BABY_DESCRIPTION">
            <string />
            <string />
            <string>감염된 친구</string>
            <string />
            <string />
            <string />
            <string />
            <string />
        </key>
        <key name="HEADLESS_BABY_NAME">
            <string />
            <string />
            <string>머리 없는 아기</string>
            <string />
            <string />
            <string />
            <string />
            <string />
        </key>
        <key name="HEADLESS_BABY_DESCRIPTION">
            <string />
            <string />
            <string>피 흘리는 친구</string>
            <string />
            <string />
            <string />
            <string />
            <string />
        </key>
        <key name="LEECH_NAME">
            <string />
            <string />
            <string>거머리</string>
            <string />
            <string />
            <string />
            <string />
            <string />
        </key>
        <key name="LEECH_DESCRIPTION">
            <string />
            <string />
            <string>피빨이</string>
            <string />
            <string />
            <string />
            <string />
            <string />
        </key>
        <key name="MYSTERY_SACK_NAME">
            <string />
            <string />
            <string>신비한 주머니</string>
            <string />
            <string />
            <string />
            <string />
            <string />
        </key>
        <key name="MYSTERY_SACK_DESCRIPTION">
            <string />
            <string />
            <string>?</string>
            <string />
            <string />
            <string />
            <string />
            <string />
        </key>
        <key name="BBF_NAME">
            <string />
            <string />
            <string>BBF</string>
            <string />
            <string />
            <string />
            <string />
            <string />
        </key>
        <key name="BBF_DESCRIPTION">
            <string />
            <string />
            <string>빅 뷰티풀 파리</string>
            <string />
            <string />
            <string />
            <string />
            <string />
        </key>
        <key name="BOBS_BRAIN_NAME">
            <string />
            <string />
            <string>밥의 뇌</string>
            <string />
            <string />
            <string />
            <string />
            <string />
        </key>
        <key name="BOBS_BRAIN_DESCRIPTION">
            <string />
            <string />
            <string>폭발적인 아이디어</string>
            <string />
            <string />
            <string />
            <string />
            <string />
        </key>
        <key name="BEST_BUD_NAME">
            <string />
            <string />
            <string>최고의 짝꿍</string>
            <string />
            <string />
            <string />
            <string />
            <string />
        </key>
        <key name="BEST_BUD_DESCRIPTION">
            <string />
            <string />
            <string>충실한 수호자</string>
            <string />
            <string />
            <string />
            <string />
            <string />
        </key>
        <key name="LIL_BRIMSTONE_NAME">
            <string />
            <string />
            <string>꼬마 유황</string>
            <string />
            <string />
            <string />
            <string />
            <string />
        </key>
        <key name="LIL_BRIMSTONE_DESCRIPTION">
            <string />
            <string />
            <string>사악한 친구</string>
            <string />
            <string />
            <string />
            <string />
            <string />
        </key>
        <key name="ISAACS_HEART_NAME">
            <string />
            <string />
            <string>아이작의 심장</string>
            <string />
            <string />
            <string />
            <string />
            <string />
        </key>
        <key name="ISAACS_HEART_DESCRIPTION">
            <string />
            <string />
            <string>지켜내라</string>
            <string />
            <string />
            <string />
            <string />
            <string />
        </key>
        <key name="LIL_HAUNT_NAME">
            <string />
            <string />
            <string>꼬마 유령</string>
            <string />
            <string />
            <string />
            <string />
            <string />
        </key>
        <key name="LIL_HAUNT_DESCRIPTION">
            <string />
            <string />
            <string>두려워하라</string>
            <string />
            <string />
            <string />
            <string />
            <string />
        </key>
        <key name="DARK_BUM_NAME">
            <string />
            <string />
            <string>악마 거지</string>
            <string />
            <string />
            <string />
            <string />
            <string />
        </key>
        <key name="DARK_BUM_DESCRIPTION">
            <string />
            <string />
            <string>당신의 생명을 원합니다</string>
            <string />
            <string />
            <string />
            <string />
            <string />
        </key>
        <key name="BIG_FAN_NAME">
            <string />
            <string />
            <string>왕팬</string>
            <string />
            <string />
            <string />
            <string />
            <string />
        </key>
        <key name="BIG_FAN_DESCRIPTION">
            <string />
            <string />
            <string>덩치 큰 보호자</string>
            <string />
            <string />
            <string />
            <string />
            <string />
        </key>
        <key name="SISSY_LONGLEGS_NAME">
            <string />
            <string />
            <string>누님거미</string>
            <string />
            <string />
            <string />
            <string />
            <string />
        </key>
        <key name="SISSY_LONGLEGS_DESCRIPTION">
            <string />
            <string />
            <string>누님은 널 사랑한단다</string>
            <string />
            <string />
            <string />
            <string />
            <string />
        </key>
        <key name="PUNCHING_BAG_NAME">
            <string />
            <string />
            <string>샌드백</string>
            <string />
            <string />
            <string />
            <string />
            <string />
        </key>
        <key name="PUNCHING_BAG_DESCRIPTION">
            <string />
            <string />
            <string>희생양</string>
            <string />
            <string />
            <string />
            <string />
            <string />
        </key>
        <key name="HOW_TO_JUMP_NAME">
            <string />
            <string />
            <string>점프 교본</string>
            <string />
            <string />
            <string />
            <string />
            <string />
        </key>
        <key name="HOW_TO_JUMP_DESCRIPTION">
            <string />
            <string />
            <string>뛰어보자!</string>
            <string />
            <string />
            <string />
            <string />
            <string />
        </key>
        <key name="D100_NAME">
            <string />
            <string />
            <string>100면체 주사위</string>
            <string />
            <string />
            <string />
            <string />
            <string />
        </key>
        <key name="D100_DESCRIPTION">
            <string />
            <string />
            <string>주사위를 굴려어어어!</string>
            <string />
            <string />
            <string />
            <string />
            <string />
        </key>
        <key name="D4_NAME">
            <string />
            <string />
            <string>4면체 주사위</string>
            <string />
            <string />
            <string />
            <string />
            <string />
        </key>
        <key name="D4_DESCRIPTION">
            <string />
            <string />
            <string>다른 것으로 바꿔라</string>
            <string />
            <string />
            <string />
            <string />
            <string />
        </key>
        <key name="D10_NAME">
            <string />
            <string />
            <string>10면체 주사위</string>
            <string />
            <string />
            <string />
            <string />
            <string />
        </key>
        <key name="D10_DESCRIPTION">
            <string />
            <string />
            <string>적들을 바꿔라</string>
            <string />
            <string />
            <string />
            <string />
            <string />
        </key>
        <key name="BLANK_CARD_NAME">
            <string />
            <string />
            <string>백지 카드</string>
            <string />
            <string />
            <string />
            <string />
            <string />
        </key>
        <key name="BLANK_CARD_DESCRIPTION">
            <string />
            <string />
            <string>따라쟁이 카드</string>
            <string />
            <string />
            <string />
            <string />
            <string />
        </key>
        <key name="BOOK_OF_SECRETS_NAME">
            <string />
            <string />
            <string>비밀의 서</string>
            <string />
            <string />
            <string />
            <string />
            <string />
        </key>
        <key name="BOOK_OF_SECRETS_DESCRIPTION">
            <string />
            <string />
            <string>지식의 서</string>
            <string />
            <string />
            <string />
            <string />
            <string />
        </key>
        <key name="BOX_OF_SPIDERS_NAME">
            <string />
            <string />
            <string>거미 상자</string>
            <string />
            <string />
            <string />
            <string />
            <string />
        </key>
        <key name="BOX_OF_SPIDERS_DESCRIPTION">
            <string />
            <string />
            <string>거미네 가족이 살고있어요</string>
            <string />
            <string />
            <string />
            <string />
            <string />
        </key>
        <key name="RED_CANDLE_NAME">
            <string />
            <string />
            <string>붉은 양초</string>
            <string />
            <string />
            <string />
            <string />
            <string />
        </key>
        <key name="RED_CANDLE_DESCRIPTION">
            <string />
            <string />
            <string>화르륵</string>
            <string />
            <string />
            <string />
            <string />
            <string />
        </key>
        <key name="THE_JAR_NAME">
            <string />
            <string />
            <string>유리병</string>
            <string />
            <string />
            <string />
            <string />
            <string />
        </key>
        <key name="THE_JAR_DESCRIPTION">
            <string />
            <string />
            <string>생명 금고</string>
            <string />
            <string />
            <string />
            <string />
            <string />
        </key>
        <key name="FLUSH_NAME">
            <string />
            <string />
            <string>쏴아!</string>
            <string />
            <string />
            <string />
            <string />
            <string />
        </key>
        <key name="FLUSH_DESCRIPTION">
            <string />
            <string />
            <string>...</string>
            <string />
            <string />
            <string />
            <string />
            <string />
        </key>
        <key name="SATANIC_BIBLE_NAME">
            <string />
            <string />
            <string>사탄경</string>
            <string />
            <string />
            <string />
            <string />
            <string />
        </key>
        <key name="SATANIC_BIBLE_DESCRIPTION">
            <string />
            <string />
            <string>충전식 악마화... 그 대가는?</string>
            <string />
            <string />
            <string />
            <string />
            <string />
        </key>
        <key name="HEAD_OF_KRAMPUS_NAME">
            <string />
            <string />
            <string>크람푸스의 머리</string>
            <string />
            <string />
            <string />
            <string />
            <string />
        </key>
        <key name="HEAD_OF_KRAMPUS_DESCRIPTION">
            <string />
            <string />
            <string>크람푸스의 분노</string>
            <string />
            <string />
            <string />
            <string />
            <string />
        </key>
        <key name="BUTTER_BEAN_NAME">
            <string />
            <string />
            <string>흰강낭콩</string>
            <string />
            <string />
            <string />
            <string />
            <string />
        </key>
        <key name="BUTTER_BEAN_DESCRIPTION">
            <string />
            <string />
            <string>충전식 밀쳐내기</string>
            <string />
            <string />
            <string />
            <string />
            <string />
        </key>
        <key name="MAGIC_FINGERS_NAME">
            <string />
            <string />
            <string>유료 안마기</string>
            <string />
            <string />
            <string />
            <string />
            <string />
        </key>
        <key name="MAGIC_FINGERS_DESCRIPTION">
            <string />
            <string />
            <string>승리하려면 동전을 넣어주세요</string>
            <string />
            <string />
            <string />
            <string />
            <string />
        </key>
        <key name="CONVERTER_NAME">
            <string />
            <string />
            <string>변환기</string>
            <string />
            <string />
            <string />
            <string />
            <string />
        </key>
        <key name="CONVERTER_DESCRIPTION">
            <string />
            <string />
            <string>영혼을 변환하다</string>
            <string />
            <string />
            <string />
            <string />
            <string />
        </key>
        <key name="PANDORAS_BOX_NAME">
            <string />
            <string />
            <string>판도라의 상자</string>
            <string />
            <string />
            <string />
            <string />
            <string />
        </key>
        <key name="PANDORAS_BOX_DESCRIPTION">
            <string />
            <string />
            <string>? ?</string>
            <string />
            <string />
            <string />
            <string />
            <string />
        </key>
        <key name="UNICORN_STUMP_NAME">
            <string />
            <string />
            <string>유니콘의 잘린 뿔</string>
            <string />
            <string />
            <string />
            <string />
            <string />
        </key>
        <key name="UNICORN_STUMP_DESCRIPTION">
            <string />
            <string />
            <string>골치 아픈 느낌</string>
            <string />
            <string />
            <string />
            <string />
            <string />
        </key>
        <key name="TAURUS_NAME">
            <string />
            <string />
            <string>황소자리</string>
            <string />
            <string />
            <string />
            <string />
            <string />
        </key>
        <key name="TAURUS_DESCRIPTION">
            <string />
            <string />
            <string>이동 속도 감소 + 분노 충전</string>
            <string />
            <string />
            <string />
            <string />
            <string />
        </key>
        <key name="ARIES_NAME">
            <string />
            <string />
            <string>양자리</string>
            <string />
            <string />
            <string />
            <string />
            <string />
        </key>
        <key name="ARIES_DESCRIPTION">
            <string />
            <string />
            <string>충각 속도로</string>
            <string />
            <string />
            <string />
            <string />
            <string />
        </key>
        <key name="CANCER_NAME">
            <string />
            <string />
            <string>게자리</string>
            <string />
            <string />
            <string />
            <string />
            <string />
        </key>
        <key name="CANCER_DESCRIPTION">
            <string />
            <string />
            <string>체력 증가 + 보호받음</string>
            <string />
            <string />
            <string />
            <string />
            <string />
        </key>
        <key name="LEO_NAME">
            <string />
            <string />
            <string>사자자리</string>
            <string />
            <string />
            <string />
            <string />
            <string />
        </key>
        <key name="LEO_DESCRIPTION">
            <string />
            <string />
            <string>부수기</string>
            <string />
            <string />
            <string />
            <string />
            <string />
        </key>
        <key name="VIRGO_NAME">
            <string />
            <string />
            <string>처녀자리</string>
            <string />
            <string />
            <string />
            <string />
            <string />
        </key>
        <key name="VIRGO_DESCRIPTION">
            <string />
            <string />
            <string>정화와 보호</string>
            <string />
            <string />
            <string />
            <string />
            <string />
        </key>
        <key name="LIBRA_NAME">
            <string />
            <string />
            <string>천칭자리</string>
            <string />
            <string />
            <string />
            <string />
            <string />
        </key>
        <key name="LIBRA_DESCRIPTION">
            <string />
            <string />
            <string>균형잡힘</string>
            <string />
            <string />
            <string />
            <string />
            <string />
        </key>
        <key name="SCORPIO_NAME">
            <string />
            <string />
            <string>전갈자리</string>
            <string />
            <string />
            <string />
            <string />
            <string />
        </key>
        <key name="SCORPIO_DESCRIPTION">
            <string />
            <string />
            <string>독성 눈물</string>
            <string />
            <string />
            <string />
            <string />
            <string />
        </key>
        <key name="SAGITTARIUS_NAME">
            <string />
            <string />
            <string>궁수자리</string>
            <string />
            <string />
            <string />
            <string />
            <string />
        </key>
        <key name="SAGITTARIUS_DESCRIPTION">
            <string />
            <string />
            <string>관통 공격 + 이동 속도 증가</string>
            <string />
            <string />
            <string />
            <string />
            <string />
        </key>
        <key name="CAPRICORN_NAME">
            <string />
            <string />
            <string>염소자리</string>
            <string />
            <string />
            <string />
            <string />
            <string />
        </key>
        <key name="CAPRICORN_DESCRIPTION">
            <string />
            <string />
            <string>모든 능력치 증가</string>
            <string />
            <string />
            <string />
            <string />
            <string />
        </key>
        <key name="AQUARIUS_NAME">
            <string />
            <string />
            <string>물병자리</string>
            <string />
            <string />
            <string />
            <string />
            <string />
        </key>
        <key name="AQUARIUS_DESCRIPTION">
            <string />
            <string />
            <string>눈물자국</string>
            <string />
            <string />
            <string />
            <string />
            <string />
        </key>
        <key name="PISCES_NAME">
            <string />
            <string />
            <string>물고기자리</string>
            <string />
            <string />
            <string />
            <string />
            <string />
        </key>
        <key name="PISCES_DESCRIPTION">
            <string />
            <string />
            <string>공격 속도 증가 + 밀쳐내는 공격</string>
            <string />
            <string />
            <string />
            <string />
            <string />
        </key>
        <key name="EVES_MASCARA_NAME">
            <string />
            <string />
            <string>이브의 마스카라</string>
            <string />
            <string />
            <string />
            <string />
            <string />
        </key>
        <key name="EVES_MASCARA_DESCRIPTION">
            <string />
            <string />
            <string>공격력 증가, 공격 속도 + 투사체 속도 감소</string>
            <string />
            <string />
            <string />
            <string />
            <string />
        </key>
        <key name="JUDAS_SHADOW_NAME">
            <string />
            <string />
            <string>유다의 그림자</string>
            <string />
            <string />
            <string />
            <string />
            <string />
        </key>
        <key name="JUDAS_SHADOW_DESCRIPTION">
            <string />
            <string />
            <string>달콤한 복수</string>
            <string />
            <string />
            <string />
            <string />
            <string />
        </key>
        <key name="MAGGYS_BOW_NAME">
            <string />
            <string />
            <string>매기의 리본</string>
            <string />
            <string />
            <string />
            <string />
            <string />
        </key>
        <key name="MAGGYS_BOW_DESCRIPTION">
            <string />
            <string />
            <string>체력 증가 + 건강한 느낌</string>
            <string />
            <string />
            <string />
            <string />
            <string />
        </key>
        <key name="HOLY_MANTLE_NAME">
            <string />
            <string />
            <string>신성한 망토</string>
            <string />
            <string />
            <string />
            <string />
            <string />
        </key>
        <key name="HOLY_MANTLE_DESCRIPTION">
            <string />
            <string />
            <string>신성한 방패</string>
            <string />
            <string />
            <string />
            <string />
            <string />
        </key>
        <key name="THUNDER_THIGHS_NAME">
            <string />
            <string />
            <string>살찐 허벅지</string>
            <string />
            <string />
            <string />
            <string />
            <string />
        </key>
        <key name="THUNDER_THIGHS_DESCRIPTION">
            <string />
            <string />
            <string>체력 증가 + 이동 속도 감소 + 쿵쾅쿵쾅</string>
            <string />
            <string />
            <string />
            <string />
            <string />
        </key>
        <key name="STRANGE_ATTRACTOR_NAME">
            <string />
            <string />
            <string>이상한 끌개</string>
            <string />
            <string />
            <string />
            <string />
            <string />
        </key>
        <key name="STRANGE_ATTRACTOR_DESCRIPTION">
            <string />
            <string />
            <string>자석 눈물</string>
            <string />
            <string />
            <string />
            <string />
            <string />
        </key>
        <key name="CURSED_EYE_NAME">
            <string />
            <string />
            <string>저주받은 눈알</string>
            <string />
            <string />
            <string />
            <string />
            <string />
        </key>
        <key name="CURSED_EYE_DESCRIPTION">
            <string />
            <string />
            <string>저주받은 모아 쏘기</string>
            <string />
            <string />
            <string />
            <string />
            <string />
        </key>
        <key name="MYSTERIOUS_LIQUID_NAME">
            <string />
            <string />
            <string>이상한 액체</string>
            <string />
            <string />
            <string />
            <string />
            <string />
        </key>
        <key name="MYSTERIOUS_LIQUID_DESCRIPTION">
            <string />
            <string />
            <string>맹독 튀기기</string>
            <string />
            <string />
            <string />
            <string />
            <string />
        </key>
        <key name="GEMINI_NAME">
            <string />
            <string />
            <string>쌍둥이자리</string>
            <string />
            <string />
            <string />
            <string />
            <string />
        </key>
        <key name="GEMINI_DESCRIPTION">
            <string />
            <string />
            <string>샴쌍둥이 친구</string>
            <string />
            <string />
            <string />
            <string />
            <string />
        </key>
        <key name="CAINS_OTHER_EYE_NAME">
            <string />
            <string />
            <string>카인의 왼쪽 눈</string>
            <string />
            <string />
            <string />
            <string />
            <string />
        </key>
        <key name="CAINS_OTHER_EYE_DESCRIPTION">
            <string />
            <string />
            <string>근시 친구</string>
            <string />
            <string />
            <string />
            <string />
            <string />
        </key>
        <key name="S_ONLY_FRIEND_NAME">
            <string />
            <string />
            <string>???의 하나뿐인 친구</string>
            <string />
            <string />
            <string />
            <string />
            <string />
        </key>
        <key name="S_ONLY_FRIEND_DESCRIPTION">
            <string />
            <string />
            <string>조종당하는 친구</string>
            <string />
            <string />
            <string />
            <string />
            <string />
        </key>
        <key name="SAMSONS_CHAINS_NAME">
            <string />
            <string />
            <string>삼손의 쇠사슬</string>
            <string />
            <string />
            <string />
            <string />
            <string />
        </key>
        <key name="SAMSONS_CHAINS_DESCRIPTION">
            <string />
            <string />
            <string>고대의 족쇄</string>
            <string />
            <string />
            <string />
            <string />
            <string />
        </key>
        <key name="MONGO_BABY_NAME">
            <string />
            <string />
            <string>누더기 아기</string>
            <string />
            <string />
            <string />
            <string />
            <string />
        </key>
        <key name="MONGO_BABY_DESCRIPTION">
            <string />
            <string />
            <string>누더기 친구</string>
            <string />
            <string />
            <string />
            <string />
            <string />
        </key>
        <key name="ISAACS_TEARS_NAME">
            <string />
            <string />
            <string>아이작의 눈물</string>
            <string />
            <string />
            <string />
            <string />
            <string />
        </key>
        <key name="ISAACS_TEARS_DESCRIPTION">
            <string />
            <string />
            <string>눈물 모은 것</string>
            <string />
            <string />
            <string />
            <string />
            <string />
        </key>
        <key name="UNDEFINED_NAME">
            <string />
            <string />
            <string>정의되지 않음</string>
            <string />
            <string />
            <string />
            <string />
            <string />
        </key>
        <key name="UNDEFINED_DESCRIPTION">
            <string />
            <string />
            <string>정의되지 않음</string>
            <string />
            <string />
            <string />
            <string />
            <string />
        </key>
        <key name="SCISSORS_NAME">
            <string />
            <string />
            <string>가위</string>
            <string />
            <string />
            <string />
            <string />
            <string />
        </key>
        <key name="SCISSORS_DESCRIPTION">
            <string />
            <string />
            <string>정신머리 없어</string>
            <string />
            <string />
            <string />
            <string />
            <string />
        </key>
        <key name="BREATH_OF_LIFE_NAME">
            <string />
            <string />
            <string>생명의 숨결</string>
            <string />
            <string />
            <string />
            <string />
            <string />
        </key>
        <key name="BREATH_OF_LIFE_DESCRIPTION">
            <string />
            <string />
            <string>무적의 능력에는 대가가 따른다</string>
            <string />
            <string />
            <string />
            <string />
            <string />
        </key>
        <key name="THE_POLAROID_NAME">
            <string />
            <string />
            <string>즉석사진</string>
            <string />
            <string />
            <string />
            <string />
            <string />
        </key>
        <key name="THE_POLAROID_DESCRIPTION">
            <string />
            <string />
            <string>선택된 운명</string>
            <string />
            <string />
            <string />
            <string />
            <string />
        </key>
        <key name="THE_NEGATIVE_NAME">
            <string />
            <string />
            <string>네거티브</string>
            <string />
            <string />
            <string />
            <string />
            <string />
        </key>
        <key name="THE_NEGATIVE_DESCRIPTION">
            <string />
            <string />
            <string>선택된 운명</string>
            <string />
            <string />
            <string />
            <string />
            <string />
        </key>
        <key name="THE_LUDOVICO_TECHNIQUE_NAME">
            <string />
            <string />
            <string>루도비코 요법</string>
            <string />
            <string />
            <string />
            <string />
            <string />
        </key>
        <key name="THE_LUDOVICO_TECHNIQUE_DESCRIPTION">
            <string />
            <string />
            <string>조종되는 눈물</string>
            <string />
            <string />
            <string />
            <string />
            <string />
        </key>
        <key name="SOY_MILK_NAME">
            <string />
            <string />
            <string>두유</string>
            <string />
            <string />
            <string />
            <string />
            <string />
        </key>
        <key name="SOY_MILK_DESCRIPTION">
            <string />
            <string />
            <string>공격력 감소 + 공격 속도 수직 상승</string>
            <string />
            <string />
            <string />
            <string />
            <string />
        </key>
        <key name="GODHEAD_NAME">
            <string />
            <string />
            <string>신</string>
            <string />
            <string />
            <string />
            <string />
            <string />
        </key>
        <key name="GODHEAD_DESCRIPTION">
            <string />
            <string />
            <string>신의 눈물</string>
            <string />
            <string />
            <string />
            <string />
            <string />
        </key>
        <key name="LAZARUS_RAGS_NAME">
            <string />
            <string />
            <string>나사로의 누더기</string>
            <string />
            <string />
            <string />
            <string />
            <string />
        </key>
        <key name="LAZARUS_RAGS_DESCRIPTION">
            <string />
            <string />
            <string>영원한 생명?</string>
            <string />
            <string />
            <string />
            <string />
            <string />
        </key>
        <key name="THE_MIND_NAME">
            <string />
            <string />
            <string>정신</string>
            <string />
            <string />
            <string />
            <string />
            <string />
        </key>
        <key name="THE_MIND_DESCRIPTION">
            <string />
            <string />
            <string>모두 알게 되다</string>
            <string />
            <string />
            <string />
            <string />
            <string />
        </key>
        <key name="THE_BODY_NAME">
            <string />
            <string />
            <string>신체</string>
            <string />
            <string />
            <string />
            <string />
            <string />
        </key>
        <key name="THE_BODY_DESCRIPTION">
            <string />
            <string />
            <string>모두 느끼게 되다</string>
            <string />
            <string />
            <string />
            <string />
            <string />
        </key>
        <key name="THE_SOUL_NAME">
            <string />
            <string />
            <string>영혼</string>
            <string />
            <string />
            <string />
            <string />
            <string />
        </key>
        <key name="THE_SOUL_DESCRIPTION">
            <string />
            <string />
            <string>모두가 되다</string>
            <string />
            <string />
            <string />
            <string />
            <string />
        </key>
        <key name="DEAD_ONION_NAME">
            <string />
            <string />
            <string>죽은 양파</string>
            <string />
            <string />
            <string />
            <string />
            <string />
        </key>
        <key name="DEAD_ONION_DESCRIPTION">
            <string />
            <string />
            <string>독을 품은 눈물</string>
            <string />
            <string />
            <string />
            <string />
            <string />
        </key>
        <key name="BROKEN_WATCH_NAME">
            <string />
            <string />
            <string>부서진 시계</string>
            <string />
            <string />
            <string />
            <string />
            <string />
        </key>
        <key name="BROKEN_WATCH_DESCRIPTION">
            <string />
            <string />
            <string>망가진 것 같다</string>
            <string />
            <string />
            <string />
            <string />
            <string />
        </key>
        <key name="THE_BOOMERANG_NAME">
            <string />
            <string />
            <string>부메랑</string>
            <string />
            <string />
            <string />
            <string />
            <string />
        </key>
        <key name="THE_BOOMERANG_DESCRIPTION">
            <string />
            <string />
            <string>돌아오는 거야!</string>
            <string />
            <string />
            <string />
            <string />
            <string />
        </key>
        <key name="SAFETY_PIN_NAME">
            <string />
            <string />
            <string>안전핀</string>
            <string />
            <string />
            <string />
            <string />
            <string />
        </key>
        <key name="SAFETY_PIN_DESCRIPTION">
            <string />
            <string />
            <string>악함 + 사거리 + 투사체 속도 증가</string>
            <string />
            <string />
            <string />
            <string />
            <string />
        </key>
        <key name="CAFFEINE_PILL_NAME">
            <string />
            <string />
            <string>카페인 정</string>
            <string />
            <string />
            <string />
            <string />
            <string />
        </key>
        <key name="CAFFEINE_PILL_DESCRIPTION">
            <string />
            <string />
            <string>이동 속도 증가 + 크기 감소</string>
            <string />
            <string />
            <string />
            <string />
            <string />
        </key>
        <key name="TORN_PHOTO_NAME">
            <string />
            <string />
            <string>찢어진 사진</string>
            <string />
            <string />
            <string />
            <string />
            <string />
        </key>
        <key name="TORN_PHOTO_DESCRIPTION">
            <string />
            <string />
            <string>공격 속도 + 투사체 속도 증가</string>
            <string />
            <string />
            <string />
            <string />
            <string />
        </key>
        <key name="BLUE_CAP_NAME">
            <string />
            <string />
            <string>파란 환각버섯</string>
            <string />
            <string />
            <string />
            <string />
            <string />
        </key>
        <key name="BLUE_CAP_DESCRIPTION">
            <string />
            <string />
            <string>체력 + 공격 속도 증가, 투사체 속도 감소</string>
            <string />
            <string />
            <string />
            <string />
            <string />
        </key>
        <key name="LATCH_KEY_NAME">
            <string />
            <string />
            <string>현관 열쇠</string>
            <string />
            <string />
            <string />
            <string />
            <string />
        </key>
        <key name="LATCH_KEY_DESCRIPTION">
            <string />
            <string />
            <string>행운 증가</string>
            <string />
            <string />
            <string />
            <string />
            <string />
        </key>
        <key name="MATCH_BOOK_NAME">
            <string />
            <string />
            <string>종이 성냥</string>
            <string />
            <string />
            <string />
            <string />
            <string />
        </key>
        <key name="MATCH_BOOK_DESCRIPTION">
            <string />
            <string />
            <string>악함 증가</string>
            <string />
            <string />
            <string />
            <string />
            <string />
        </key>
        <key name="SYNTHOIL_NAME">
            <string />
            <string />
            <string>합성 스테로이드</string>
            <string />
            <string />
            <string />
            <string />
            <string />
        </key>
        <key name="SYNTHOIL_DESCRIPTION">
            <string />
            <string />
            <string>공격력 + 사거리 증가</string>
            <string />
            <string />
            <string />
            <string />
            <string />
        </key>
        <key name="A_SNACK_NAME">
            <string />
            <string />
            <string>과자</string>
            <string />
            <string />
            <string />
            <string />
            <string />
        </key>
        <key name="A_SNACK_DESCRIPTION">
            <string />
            <string />
            <string>체력 증가</string>
            <string />
            <string />
            <string />
            <string />
            <string />
        </key>
        <key name="DIPLOPIA_NAME">
            <string />
            <string />
            <string>복시</string>
            <string />
            <string />
            <string />
            <string />
            <string />
        </key>
        <key name="DIPLOPIA_DESCRIPTION">
            <string />
            <string />
            <string>아이템이 둘로 보여</string>
            <string />
            <string />
            <string />
            <string />
            <string />
        </key>
        <key name="PLACEBO_NAME">
            <string />
            <string />
            <string>위약</string>
            <string />
            <string />
            <string />
            <string />
            <string />
        </key>
        <key name="PLACEBO_DESCRIPTION">
            <string />
            <string />
            <string>따라쟁이 알약</string>
            <string />
            <string />
            <string />
            <string />
            <string />
        </key>
        <key name="WOODEN_NICKEL_NAME">
            <string />
            <string />
            <string>나무 동전</string>
            <string />
            <string />
            <string />
            <string />
            <string />
        </key>
        <key name="WOODEN_NICKEL_DESCRIPTION">
            <string />
            <string />
            <string>동전을 튕겨보세요</string>
            <string />
            <string />
            <string />
            <string />
            <string />
        </key>
        <key name="TOXIC_SHOCK_NAME">
            <string />
            <string />
            <string>독성 쇼크</string>
            <string />
            <string />
            <string />
            <string />
            <string />
        </key>
        <key name="TOXIC_SHOCK_DESCRIPTION">
            <string />
            <string />
            <string>광역 중독</string>
            <string />
            <string />
            <string />
            <string />
            <string />
        </key>
        <key name="MEGA_BEAN_NAME">
            <string />
            <string />
            <string>대빵 큰 콩</string>
            <string />
            <string />
            <string />
            <string />
            <string />
        </key>
        <key name="MEGA_BEAN_DESCRIPTION">
            <string />
            <string />
            <string>폭탄 방귀!</string>
            <string />
            <string />
            <string />
            <string />
            <string />
        </key>
        <key name="GLASS_CANNON_NAME">
            <string />
            <string />
            <string>유리 대포</string>
            <string />
            <string />
            <string />
            <string />
            <string />
        </key>
        <key name="GLASS_CANNON_DESCRIPTION">
            <string />
            <string />
            <string>조심해서 다루세요...</string>
            <string />
            <string />
            <string />
            <string />
            <string />
        </key>
        <key name="BOMBER_BOY_NAME">
            <string />
            <string />
            <string>폭탄 소년</string>
            <string />
            <string />
            <string />
            <string />
            <string />
        </key>
        <key name="BOMBER_BOY_DESCRIPTION">
            <string />
            <string />
            <string>십자 폭발 + 폭탄 5개</string>
            <string />
            <string />
            <string />
            <string />
            <string />
        </key>
        <key name="CRACK_JACKS_NAME">
            <string />
            <string />
            <string>식품 완구</string>
            <string />
            <string />
            <string />
            <string />
            <string />
        </key>
        <key name="CRACK_JACKS_DESCRIPTION">
            <string />
            <string />
            <string>체력 증가. 상품까지 먹지는 마세요!</string>
            <string />
            <string />
            <string />
            <string />
            <string />
        </key>
        <key name="MOMS_PEARLS_NAME">
            <string />
            <string />
            <string>엄마의 진주 목걸이</string>
            <string />
            <string />
            <string />
            <string />
            <string />
        </key>
        <key name="MOMS_PEARLS_DESCRIPTION">
            <string />
            <string />
            <string>사거리 + 행운 증가</string>
            <string />
            <string />
            <string />
            <string />
            <string />
        </key>
        <key name="CAR_BATTERY_NAME">
            <string />
            <string />
            <string>자동차 배터리</string>
            <string />
            <string />
            <string />
            <string />
            <string />
        </key>
        <key name="CAR_BATTERY_DESCRIPTION">
            <string />
            <string />
            <string>액티브 아이템 강화</string>
            <string />
            <string />
            <string />
            <string />
            <string />
        </key>
        <key name="BOX_OF_FRIENDS_NAME">
            <string />
            <string />
            <string>친구 상자</string>
            <string />
            <string />
            <string />
            <string />
            <string />
        </key>
        <key name="BOX_OF_FRIENDS_DESCRIPTION">
            <string />
            <string />
            <string>친구 두 배</string>
            <string />
            <string />
            <string />
            <string />
            <string />
        </key>
        <key name="THE_WIZ_NAME">
            <string />
            <string />
            <string>법사</string>
            <string />
            <string />
            <string />
            <string />
            <string />
        </key>
        <key name="THE_WIZ_DESCRIPTION">
            <string />
            <string />
            <string>띠용이 더블!</string>
            <string />
            <string />
            <string />
            <string />
            <string />
        </key>
        <key name="8_INCH_NAILS_NAME">
            <string />
            <string />
            <string>8인치 대못</string>
            <string />
            <string />
            <string />
            <string />
            <string />
        </key>
        <key name="8_INCH_NAILS_DESCRIPTION">
            <string />
            <string />
            <string>박살내 버려!</string>
            <string />
            <string />
            <string />
            <string />
            <string />
        </key>
        <key name="INCUBUS_NAME">
            <string />
            <string />
            <string>인큐버스</string>
            <string />
            <string />
            <string />
            <string />
            <string />
        </key>
        <key name="INCUBUS_DESCRIPTION">
            <string />
            <string />
            <string>어둠의 친구</string>
            <string />
            <string />
            <string />
            <string />
            <string />
        </key>
        <key name="FATES_REWARD_NAME">
            <string />
            <string />
            <string>운명의 보상</string>
            <string />
            <string />
            <string />
            <string />
            <string />
        </key>
        <key name="FATES_REWARD_DESCRIPTION">
            <string />
            <string />
            <string>운명이 당신 곁에</string>
            <string />
            <string />
            <string />
            <string />
            <string />
        </key>
        <key name="LIL_CHEST_NAME">
            <string />
            <string />
            <string>꼬마 상자</string>
            <string />
            <string />
            <string />
            <string />
            <string />
        </key>
        <key name="LIL_CHEST_DESCRIPTION">
            <string />
            <string />
            <string>무엇이 들어있을까?</string>
            <string />
            <string />
            <string />
            <string />
            <string />
        </key>
        <key name="SWORN_PROTECTOR_NAME">
            <string />
            <string />
            <string>맹세한 수호자</string>
            <string />
            <string />
            <string />
            <string />
            <string />
        </key>
        <key name="SWORN_PROTECTOR_DESCRIPTION">
            <string />
            <string />
            <string>지켜주는 친구</string>
            <string />
            <string />
            <string />
            <string />
            <string />
        </key>
        <key name="FRIEND_ZONE_NAME">
            <string />
            <string />
            <string>사랑과 우정 사이</string>
            <string />
            <string />
            <string />
            <string />
            <string />
        </key>
        <key name="FRIEND_ZONE_DESCRIPTION">
            <string />
            <string />
            <string>친절한 파리</string>
            <string />
            <string />
            <string />
            <string />
            <string />
        </key>
        <key name="LOST_FLY_NAME">
            <string />
            <string />
            <string>길 잃은 파리</string>
            <string />
            <string />
            <string />
            <string />
            <string />
        </key>
        <key name="LOST_FLY_DESCRIPTION">
            <string />
            <string />
            <string>길 잃은 보호자</string>
            <string />
            <string />
            <string />
            <string />
            <string />
        </key>
        <key name="SCATTER_BOMBS_NAME">
            <string />
            <string />
            <string>분산형 폭탄</string>
            <string />
            <string />
            <string />
            <string />
            <string />
        </key>
        <key name="SCATTER_BOMBS_DESCRIPTION">
            <string />
            <string />
            <string>폭탄 안에 폭탄을 넣어줄게!</string>
            <string />
            <string />
            <string />
            <string />
            <string />
        </key>
        <key name="STICKY_BOMBS_NAME">
            <string />
            <string />
            <string>끈끈이 폭탄</string>
            <string />
            <string />
            <string />
            <string />
            <string />
        </key>
        <key name="STICKY_BOMBS_DESCRIPTION">
            <string />
            <string />
            <string>알주머니 폭탄!</string>
            <string />
            <string />
            <string />
            <string />
            <string />
        </key>
        <key name="EPIPHORA_NAME">
            <string />
            <string />
            <string>유루증</string>
            <string />
            <string />
            <string />
            <string />
            <string />
        </key>
        <key name="EPIPHORA_DESCRIPTION">
            <string />
            <string />
            <string>격렬해지는 눈물</string>
            <string />
            <string />
            <string />
            <string />
            <string />
        </key>
        <key name="CONTINUUM_NAME">
            <string />
            <string />
            <string>연속체</string>
            <string />
            <string />
            <string />
            <string />
            <string />
        </key>
        <key name="CONTINUUM_DESCRIPTION">
            <string />
            <string />
            <string>초월적 눈물</string>
            <string />
            <string />
            <string />
            <string />
            <string />
        </key>
        <key name="MR_DOLLY_NAME">
            <string />
            <string />
            <string>인형 아저씨</string>
            <string />
            <string />
            <string />
            <string />
            <string />
        </key>
        <key name="MR_DOLLY_DESCRIPTION">
            <string />
            <string />
            <string>공격 속도 + 사거리 증가</string>
            <string />
            <string />
            <string />
            <string />
            <string />
        </key>
        <key name="CURSE_OF_THE_TOWER_NAME">
            <string />
            <string />
            <string>탑의 저주</string>
            <string />
            <string />
            <string />
            <string />
            <string />
        </key>
        <key name="CURSE_OF_THE_TOWER_DESCRIPTION">
            <string />
            <string />
            <string>혼돈을 받아들여라</string>
            <string />
            <string />
            <string />
            <string />
            <string />
        </key>
        <key name="CHARGED_BABY_NAME">
            <string />
            <string />
            <string>충전완료 아기</string>
            <string />
            <string />
            <string />
            <string />
            <string />
        </key>
        <key name="CHARGED_BABY_DESCRIPTION">
            <string />
            <string />
            <string>삐비비빅!</string>
            <string />
            <string />
            <string />
            <string />
            <string />
        </key>
        <key name="DEAD_EYE_NAME">
            <string />
            <string />
            <string>명사수</string>
            <string />
            <string />
            <string />
            <string />
            <string />
        </key>
        <key name="DEAD_EYE_DESCRIPTION">
            <string />
            <string />
            <string>정확함은 힘을 가져다주지</string>
            <string />
            <string />
            <string />
            <string />
            <string />
        </key>
        <key name="HOLY_LIGHT_NAME">
            <string />
            <string />
            <string>신성한 빛</string>
            <string />
            <string />
            <string />
            <string />
            <string />
        </key>
        <key name="HOLY_LIGHT_DESCRIPTION">
            <string />
            <string />
            <string>신성한 죽음의 공격</string>
            <string />
            <string />
            <string />
            <string />
            <string />
        </key>
        <key name="HOST_HAT_NAME">
            <string />
            <string />
            <string>호스트 모자</string>
            <string />
            <string />
            <string />
            <string />
            <string />
        </key>
        <key name="HOST_HAT_DESCRIPTION">
            <string />
            <string />
            <string>폭발 면역</string>
            <string />
            <string />
            <string />
            <string />
            <string />
        </key>
        <key name="RESTOCK_NAME">
            <string />
            <string />
            <string>재입고</string>
            <string />
            <string />
            <string />
            <string />
            <string />
        </key>
        <key name="RESTOCK_DESCRIPTION">
            <string />
            <string />
            <string>쇼핑은 계속되어야 한다!</string>
            <string />
            <string />
            <string />
            <string />
            <string />
        </key>
        <key name="BURSTING_SACK_NAME">
            <string />
            <string />
            <string>터진 알주머니</string>
            <string />
            <string />
            <string />
            <string />
            <string />
        </key>
        <key name="BURSTING_SACK_DESCRIPTION">
            <string />
            <string />
            <string>거미의 사랑</string>
            <string />
            <string />
            <string />
            <string />
            <string />
        </key>
        <key name="NUMBER_TWO_NAME">
            <string />
            <string />
            <string>떵싸개</string>
            <string />
            <string />
            <string />
            <string />
            <string />
        </key>
        <key name="NUMBER_TWO_DESCRIPTION">
            <string />
            <string />
            <string>어 음...</string>
            <string />
            <string />
            <string />
            <string />
            <string />
        </key>
        <key name="PUPULA_DUPLEX_NAME">
            <string />
            <string />
            <string>두 개의 눈동자</string>
            <string />
            <string />
            <string />
            <string />
            <string />
        </key>
        <key name="PUPULA_DUPLEX_DESCRIPTION">
            <string />
            <string />
            <string>넓은 공격</string>
            <string />
            <string />
            <string />
            <string />
            <string />
        </key>
        <key name="PAY_TO_PLAY_NAME">
            <string />
            <string />
            <string>정액제</string>
            <string />
            <string />
            <string />
            <string />
            <string />
        </key>
        <key name="PAY_TO_PLAY_DESCRIPTION">
            <string />
            <string />
            <string>돈이면 다 된다</string>
            <string />
            <string />
            <string />
            <string />
            <string />
        </key>
        <key name="EDENS_BLESSING_NAME">
            <string />
            <string />
            <string>에덴의 축복</string>
            <string />
            <string />
            <string />
            <string />
            <string />
        </key>
        <key name="EDENS_BLESSING_DESCRIPTION">
            <string />
            <string />
            <string>공격 속도 증가 + 미래가 밝게 빛나리라</string>
            <string />
            <string />
            <string />
            <string />
            <string />
        </key>
        <key name="FRIENDLY_BALL_NAME">
            <string />
            <string />
            <string>익숙한 공</string>
            <string />
            <string />
            <string />
            <string />
            <string />
        </key>
        <key name="FRIENDLY_BALL_DESCRIPTION">
            <string />
            <string />
            <string>넌 내 거야!</string>
            <string />
            <string />
            <string />
            <string />
            <string />
        </key>
        <key name="TEAR_DETONATOR_NAME">
            <string />
            <string />
            <string>눈물 기폭제</string>
            <string />
            <string />
            <string />
            <string />
            <string />
        </key>
        <key name="TEAR_DETONATOR_DESCRIPTION">
            <string />
            <string />
            <string>원격으로 눈물 폭파</string>
            <string />
            <string />
            <string />
            <string />
            <string />
        </key>
        <key name="LIL_GURDY_NAME">
            <string />
            <string />
            <string>꼬마 거디</string>
            <string />
            <string />
            <string />
            <string />
            <string />
        </key>
        <key name="LIL_GURDY_DESCRIPTION">
            <string />
            <string />
            <string>당신만의 역류성식도염!</string>
            <string />
            <string />
            <string />
            <string />
            <string />
        </key>
        <key name="BUMBO_NAME">
            <string />
            <string />
            <string>범보</string>
            <string />
            <string />
            <string />
            <string />
            <string />
        </key>
        <key name="BUMBO_DESCRIPTION">
            <string />
            <string />
            <string>범보 동전 원한다!</string>
            <string />
            <string />
            <string />
            <string />
            <string />
        </key>
        <key name="D12_NAME">
            <string />
            <string />
            <string>12면체 주사위</string>
            <string />
            <string />
            <string />
            <string />
            <string />
        </key>
        <key name="D12_DESCRIPTION">
            <string />
            <string />
            <string>장애물을 바꿔라</string>
            <string />
            <string />
            <string />
            <string />
            <string />
        </key>
        <key name="CENSER_NAME">
            <string />
            <string />
            <string>향로</string>
            <string />
            <string />
            <string />
            <string />
            <string />
        </key>
        <key name="CENSER_DESCRIPTION">
            <string />
            <string />
            <string>평화가 함께할 지어니</string>
            <string />
            <string />
            <string />
            <string />
            <string />
        </key>
        <key name="KEY_BUM_NAME">
            <string />
            <string />
            <string>열쇠 거지</string>
            <string />
            <string />
            <string />
            <string />
            <string />
        </key>
        <key name="KEY_BUM_DESCRIPTION">
            <string />
            <string />
            <string>열쇠 주세요!</string>
            <string />
            <string />
            <string />
            <string />
            <string />
        </key>
        <key name="RUNE_BAG_NAME">
            <string />
            <string />
            <string>룬 가방</string>
            <string />
            <string />
            <string />
            <string />
            <string />
        </key>
        <key name="RUNE_BAG_DESCRIPTION">
            <string />
            <string />
            <string>룬 생성기</string>
            <string />
            <string />
            <string />
            <string />
            <string />
        </key>
        <key name="SERAPHIM_NAME">
            <string />
            <string />
            <string>세라핌</string>
            <string />
            <string />
            <string />
            <string />
            <string />
        </key>
        <key name="SERAPHIM_DESCRIPTION">
            <string />
            <string />
            <string>맹세한 친구</string>
            <string />
            <string />
            <string />
            <string />
            <string />
        </key>
        <key name="BETRAYAL_NAME">
            <string />
            <string />
            <string>배신</string>
            <string />
            <string />
            <string />
            <string />
            <string />
        </key>
        <key name="BETRAYAL_DESCRIPTION">
            <string />
            <string />
            <string>적을 유혹하라</string>
            <string />
            <string />
            <string />
            <string />
            <string />
        </key>
        <key name="ZODIAC_NAME">
            <string />
            <string />
            <string>황도대</string>
            <string />
            <string />
            <string />
            <string />
            <string />
        </key>
        <key name="ZODIAC_DESCRIPTION">
            <string />
            <string />
            <string>천국이 너를 변하게 하리라</string>
            <string />
            <string />
            <string />
            <string />
            <string />
        </key>
        <key name="SERPENTS_KISS_NAME">
            <string />
            <string />
            <string>독뱀의 키스</string>
            <string />
            <string />
            <string />
            <string />
            <string />
        </key>
        <key name="SERPENTS_KISS_DESCRIPTION">
            <string />
            <string />
            <string>죽음의 키스</string>
            <string />
            <string />
            <string />
            <string />
            <string />
        </key>
        <key name="MARKED_NAME">
            <string />
            <string />
            <string>조준</string>
            <string />
            <string />
            <string />
            <string />
            <string />
        </key>
        <key name="MARKED_DESCRIPTION">
            <string />
            <string />
            <string>조준 눈물</string>
            <string />
            <string />
            <string />
            <string />
            <string />
        </key>
        <key name="TECH_X_NAME">
            <string />
            <string />
            <string>기계 X</string>
            <string />
            <string />
            <string />
            <string />
            <string />
        </key>
        <key name="TECH_X_DESCRIPTION">
            <string />
            <string />
            <string>레이저 고리 눈물</string>
            <string />
            <string />
            <string />
            <string />
            <string />
        </key>
        <key name="VENTRICLE_RAZOR_NAME">
            <string />
            <string />
            <string>심실 절단기</string>
            <string />
            <string />
            <string />
            <string />
            <string />
        </key>
        <key name="VENTRICLE_RAZOR_DESCRIPTION">
            <string />
            <string />
            <string>지름길 생성기</string>
            <string />
            <string />
            <string />
            <string />
            <string />
        </key>
        <key name="TRACTOR_BEAM_NAME">
            <string />
            <string />
            <string>조종빔</string>
            <string />
            <string />
            <string />
            <string />
            <string />
        </key>
        <key name="TRACTOR_BEAM_DESCRIPTION">
            <string />
            <string />
            <string>조종되는 눈물</string>
            <string />
            <string />
            <string />
            <string />
            <string />
        </key>
        <key name="GODS_FLESH_NAME">
            <string />
            <string />
            <string>신의 살점</string>
            <string />
            <string />
            <string />
            <string />
            <string />
        </key>
        <key name="GODS_FLESH_DESCRIPTION">
            <string />
            <string />
            <string>줄어드는 공격!</string>
            <string />
            <string />
            <string />
            <string />
            <string />
        </key>
        <key name="MAW_OF_THE_VOID_NAME">
            <string />
            <string />
            <string>공허의 구렁텅이</string>
            <string />
            <string />
            <string />
            <string />
            <string />
        </key>
        <key name="MAW_OF_THE_VOID_DESCRIPTION">
            <string />
            <string />
            <string>적을 흡수해버려!</string>
            <string />
            <string />
            <string />
            <string />
            <string />
        </key>
        <key name="SPEAR_OF_DESTINY_NAME">
            <string />
            <string />
            <string>운명의 창</string>
            <string />
            <string />
            <string />
            <string />
            <string />
        </key>
        <key name="SPEAR_OF_DESTINY_DESCRIPTION">
            <string />
            <string />
            <string>당신의 운명</string>
            <string />
            <string />
            <string />
            <string />
            <string />
        </key>
        <key name="EXPLOSIVO_NAME">
            <string />
            <string />
            <string>폭발물</string>
            <string />
            <string />
            <string />
            <string />
            <string />
        </key>
        <key name="EXPLOSIVO_DESCRIPTION">
            <string />
            <string />
            <string>끈끈이 폭탄 공격</string>
            <string />
            <string />
            <string />
            <string />
            <string />
        </key>
        <key name="CHAOS_NAME">
            <string />
            <string />
            <string>혼돈</string>
            <string />
            <string />
            <string />
            <string />
            <string />
        </key>
        <key name="CHAOS_DESCRIPTION">
            <string />
            <string />
            <string>!!!</string>
            <string />
            <string />
            <string />
            <string />
            <string />
        </key>
        <key name="SPIDER_MOD_NAME">
            <string />
            <string />
            <string>스파이더모드</string>
            <string />
            <string />
            <string />
            <string />
            <string />
        </key>
        <key name="SPIDER_MOD_DESCRIPTION">
            <string />
            <string />
            <string>모드 친구</string>
            <string />
            <string />
            <string />
            <string />
            <string />
        </key>
        <key name="FARTING_BABY_NAME">
            <string />
            <string />
            <string>방귀쟁이 아기</string>
            <string />
            <string />
            <string />
            <string />
            <string />
        </key>
        <key name="FARTING_BABY_DESCRIPTION">
            <string />
            <string />
            <string>방귀쟁이</string>
            <string />
            <string />
            <string />
            <string />
            <string />
        </key>
        <key name="GB_BUG_NAME">
            <string />
            <string />
            <string>게임 버그</string>
            <string />
            <string />
            <string />
            <string />
            <string />
        </key>
        <key name="GB_BUG_DESCRIPTION">
            <string />
            <string />
            <string>두 번 눌러 글리치 발생</string>
            <string />
            <string />
            <string />
            <string />
            <string />
        </key>
        <key name="D8_NAME">
            <string />
            <string />
            <string>8면체 주사위</string>
            <string />
            <string />
            <string />
            <string />
            <string />
        </key>
        <key name="D8_DESCRIPTION">
            <string />
            <string />
            <string>능력치를 바꿔라</string>
            <string />
            <string />
            <string />
            <string />
            <string />
        </key>
        <key name="PURITY_NAME">
            <string />
            <string />
            <string>순도</string>
            <string />
            <string />
            <string />
            <string />
            <string />
        </key>
        <key name="PURITY_DESCRIPTION">
            <string />
            <string />
            <string>능력치 증폭 후광</string>
            <string />
            <string />
            <string />
            <string />
            <string />
        </key>
        <key name="ATHAME_NAME">
            <string />
            <string />
            <string>마법 단검</string>
            <string />
            <string />
            <string />
            <string />
            <string />
        </key>
        <key name="ATHAME_DESCRIPTION">
            <string />
            <string />
            <string>공허로 불리리</string>
            <string />
            <string />
            <string />
            <string />
            <string />
        </key>
        <key name="EMPTY_VESSEL_NAME">
            <string />
            <string />
            <string>빈 그릇</string>
            <string />
            <string />
            <string />
            <string />
            <string />
        </key>
        <key name="EMPTY_VESSEL_DESCRIPTION">
            <string />
            <string />
            <string>빈 그릇을 보상하다</string>
            <string />
            <string />
            <string />
            <string />
            <string />
        </key>
        <key name="EVIL_EYE_NAME">
            <string />
            <string />
            <string>악마의 눈</string>
            <string />
            <string />
            <string />
            <string />
            <string />
        </key>
        <key name="EVIL_EYE_DESCRIPTION">
            <string />
            <string />
            <string>눈깔 공격</string>
            <string />
            <string />
            <string />
            <string />
            <string />
        </key>
        <key name="LUSTY_BLOOD_NAME">
            <string />
            <string />
            <string>욕망의 피</string>
            <string />
            <string />
            <string />
            <string />
            <string />
        </key>
        <key name="LUSTY_BLOOD_DESCRIPTION">
            <string />
            <string />
            <string>그들의 피가 분노를 가져오리니!</string>
            <string />
            <string />
            <string />
            <string />
            <string />
        </key>
        <key name="CAMBION_CONCEPTION_NAME">
            <string />
            <string />
            <string>몽마의 자식들</string>
            <string />
            <string />
            <string />
            <string />
            <string />
        </key>
        <key name="CAMBION_CONCEPTION_DESCRIPTION">
            <string />
            <string />
            <string>미움을 주세요</string>
            <string />
            <string />
            <string />
            <string />
            <string />
        </key>
        <key name="IMMACULATE_CONCEPTION_NAME">
            <string />
            <string />
            <string>원죄 없는 잉태</string>
            <string />
            <string />
            <string />
            <string />
            <string />
        </key>
        <key name="IMMACULATE_CONCEPTION_DESCRIPTION">
            <string />
            <string />
            <string>사랑을 주세요</string>
            <string />
            <string />
            <string />
            <string />
            <string />
        </key>
        <key name="MORE_OPTIONS_NAME">
            <string />
            <string />
            <string>더 많은 선택권</string>
            <string />
            <string />
            <string />
            <string />
            <string />
        </key>
        <key name="MORE_OPTIONS_DESCRIPTION">
            <string />
            <string />
            <string>좀 더 많은 선택지</string>
            <string />
            <string />
            <string />
            <string />
            <string />
        </key>
        <key name="CROWN_OF_LIGHT_NAME">
            <string />
            <string />
            <string>빛의 왕관</string>
            <string />
            <string />
            <string />
            <string />
            <string />
        </key>
        <key name="CROWN_OF_LIGHT_DESCRIPTION">
            <string />
            <string />
            <string>순수함이 힘을 모으리라</string>
            <string />
            <string />
            <string />
            <string />
            <string />
        </key>
        <key name="DEEP_POCKETS_NAME">
            <string />
            <string />
            <string>넓은 가방</string>
            <string />
            <string />
            <string />
            <string />
            <string />
        </key>
        <key name="DEEP_POCKETS_DESCRIPTION">
            <string />
            <string />
            <string>더 많은 돈!</string>
            <string />
            <string />
            <string />
            <string />
            <string />
        </key>
        <key name="SUCCUBUS_NAME">
            <string />
            <string />
            <string>서큐버스</string>
            <string />
            <string />
            <string />
            <string />
            <string />
        </key>
        <key name="SUCCUBUS_DESCRIPTION">
            <string />
            <string />
            <string>공격력 증폭</string>
            <string />
            <string />
            <string />
            <string />
            <string />
        </key>
        <key name="FRUIT_CAKE_NAME">
            <string />
            <string />
            <string>과일 케이크</string>
            <string />
            <string />
            <string />
            <string />
            <string />
        </key>
        <key name="FRUIT_CAKE_DESCRIPTION">
            <string />
            <string />
            <string>무지개 효과!</string>
            <string />
            <string />
            <string />
            <string />
            <string />
        </key>
        <key name="TELEPORT_20_NAME">
            <string />
            <string />
            <string>순간이동 2.0</string>
            <string />
            <string />
            <string />
            <string />
            <string />
        </key>
        <key name="TELEPORT_20_DESCRIPTION">
            <string />
            <string />
            <string>i텔레포트!</string>
            <string />
            <string />
            <string />
            <string />
            <string />
        </key>
        <key name="BLACK_POWDER_NAME">
            <string />
            <string />
            <string>흑색 가루</string>
            <string />
            <string />
            <string />
            <string />
            <string />
        </key>
        <key name="BLACK_POWDER_DESCRIPTION">
            <string />
            <string />
            <string>검은 원을 그려라!</string>
            <string />
            <string />
            <string />
            <string />
            <string />
        </key>
        <key name="KIDNEY_BEAN_NAME">
            <string />
            <string />
            <string>강낭콩</string>
            <string />
            <string />
            <string />
            <string />
            <string />
        </key>
        <key name="KIDNEY_BEAN_DESCRIPTION">
            <string />
            <string />
            <string>사랑스러운 방귀</string>
            <string />
            <string />
            <string />
            <string />
            <string />
        </key>
        <key name="GLOWING_HOUR_GLASS_NAME">
            <string />
            <string />
            <string>빛나는 모래시계</string>
            <string />
            <string />
            <string />
            <string />
            <string />
        </key>
        <key name="GLOWING_HOUR_GLASS_DESCRIPTION">
            <string />
            <string />
            <string>시간을 돌리다</string>
            <string />
            <string />
            <string />
            <string />
            <string />
        </key>
        <key name="CIRCLE_OF_PROTECTION_NAME">
            <string />
            <string />
            <string>보호의 고리</string>
            <string />
            <string />
            <string />
            <string />
            <string />
        </key>
        <key name="CIRCLE_OF_PROTECTION_DESCRIPTION">
            <string />
            <string />
            <string>나 자신으로부터 보호하다</string>
            <string />
            <string />
            <string />
            <string />
            <string />
        </key>
        <key name="SACK_HEAD_NAME">
            <string />
            <string />
            <string>자루 머리</string>
            <string />
            <string />
            <string />
            <string />
            <string />
        </key>
        <key name="SACK_HEAD_DESCRIPTION">
            <string />
            <string />
            <string>더 많은 자루!</string>
            <string />
            <string />
            <string />
            <string />
            <string />
        </key>
        <key name="NIGHT_LIGHT_NAME">
            <string />
            <string />
            <string>손전등</string>
            <string />
            <string />
            <string />
            <string />
            <string />
        </key>
        <key name="NIGHT_LIGHT_DESCRIPTION">
            <string />
            <string />
            <string>어둠이 무서워?</string>
            <string />
            <string />
            <string />
            <string />
            <string />
        </key>
        <key name="OBSESSED_FAN_NAME">
            <string />
            <string />
            <string>홀려버린 추종자</string>
            <string />
            <string />
            <string />
            <string />
            <string />
        </key>
        <key name="OBSESSED_FAN_DESCRIPTION">
            <string />
            <string />
            <string>어디든 따라갈게요...</string>
            <string />
            <string />
            <string />
            <string />
            <string />
        </key>
        <key name="MINE_CRAFTER_NAME">
            <string />
            <string />
            <string>마인크래프터</string>
            <string />
            <string />
            <string />
            <string />
            <string />
        </key>
        <key name="MINE_CRAFTER_DESCRIPTION">
            <string />
            <string />
            <string>꽈앙!</string>
            <string />
            <string />
            <string />
            <string />
            <string />
        </key>
        <key name="PJS_NAME">
            <string />
            <string />
            <string>잠옷</string>
            <string />
            <string />
            <string />
            <string />
            <string />
        </key>
        <key name="PJS_DESCRIPTION">
            <string />
            <string />
            <string>흔들리지 않는 편안함</string>
            <string />
            <string />
            <string />
            <string />
            <string />
        </key>
        <key name="HEAD_OF_THE_KEEPER_NAME">
            <string />
            <string />
            <string>키퍼의 머리통</string>
            <string />
            <string />
            <string />
            <string />
            <string />
        </key>
        <key name="HEAD_OF_THE_KEEPER_DESCRIPTION">
            <string />
            <string />
            <string>동전 눈물</string>
            <string />
            <string />
            <string />
            <string />
            <string />
        </key>
        <key name="PAPA_FLY_NAME">
            <string />
            <string />
            <string>파리 아저씨</string>
            <string />
            <string />
            <string />
            <string />
            <string />
        </key>
        <key name="PAPA_FLY_DESCRIPTION">
            <string />
            <string />
            <string>포탑 친구</string>
            <string />
            <string />
            <string />
            <string />
            <string />
        </key>
        <key name="MULTIDIMENSIONAL_BABY_NAME">
            <string />
            <string />
            <string>다차원 아기</string>
            <string />
            <string />
            <string />
            <string />
            <string />
        </key>
        <key name="MULTIDIMENSIONAL_BABY_DESCRIPTION">
            <string />
            <string />
            <string>구친짝단 단짝친구</string>
            <string />
            <string />
            <string />
            <string />
            <string />
        </key>
        <key name="GLITTER_BOMBS_NAME">
            <string />
            <string />
            <string>반짝이 폭탄</string>
            <string />
            <string />
            <string />
            <string />
            <string />
        </key>
        <key name="GLITTER_BOMBS_DESCRIPTION">
            <string />
            <string />
            <string>선물 폭탄</string>
            <string />
            <string />
            <string />
            <string />
            <string />
        </key>
        <key name="MY_SHADOW_NAME">
            <string />
            <string />
            <string>내 그림자</string>
            <string />
            <string />
            <string />
            <string />
            <string />
        </key>
        <key name="MY_SHADOW_DESCRIPTION">
            <string />
            <string />
            <string>나! 그리고 내 그으으림자!</string>
            <string />
            <string />
            <string />
            <string />
            <string />
        </key>
        <key name="JAR_OF_FLIES_NAME">
            <string />
            <string />
            <string>파리 담은 병</string>
            <string />
            <string />
            <string />
            <string />
            <string />
        </key>
        <key name="JAR_OF_FLIES_DESCRIPTION">
            <string />
            <string />
            <string>벌레 수집가</string>
            <string />
            <string />
            <string />
            <string />
            <string />
        </key>
        <key name="LIL_LOKI_NAME">
            <string />
            <string />
            <string>꼬마 로키</string>
            <string />
            <string />
            <string />
            <string />
            <string />
        </key>
        <key name="LIL_LOKI_DESCRIPTION">
            <string />
            <string />
            <string>네 갈래 친구!</string>
            <string />
            <string />
            <string />
            <string />
            <string />
        </key>
        <key name="MILK_NAME">
            <string />
            <string />
            <string>우유!</string>
            <string />
            <string />
            <string />
            <string />
            <string />
        </key>
        <key name="MILK_DESCRIPTION">
            <string />
            <string />
            <string>엎질러진 건 어쩔 수 없어...</string>
            <string />
            <string />
            <string />
            <string />
            <string />
        </key>
        <key name="D7_NAME">
            <string />
            <string />
            <string>7면체 주사위</string>
            <string />
            <string />
            <string />
            <string />
            <string />
        </key>
        <key name="D7_DESCRIPTION">
            <string />
            <string />
            <string>다시 돌아라</string>
            <string />
            <string />
            <string />
            <string />
            <string />
        </key>
        <key name="BINKY_NAME">
            <string />
            <string />
            <string>쪽쪽이</string>
            <string />
            <string />
            <string />
            <string />
            <string />
        </key>
        <key name="BINKY_DESCRIPTION">
            <string />
            <string />
            <string>공격 속도 증가</string>
            <string />
            <string />
            <string />
            <string />
            <string />
        </key>
        <key name="MOMS_BOX_NAME">
            <string />
            <string />
            <string>엄마의 상자</string>
            <string />
            <string />
            <string />
            <string />
            <string />
        </key>
        <key name="MOMS_BOX_DESCRIPTION">
            <string />
            <string />
            <string>뭐가 들었지?</string>
            <string />
            <string />
            <string />
            <string />
            <string />
        </key>
        <key name="KIDNEY_STONE_NAME">
            <string />
            <string />
            <string>신장결석</string>
            <string />
            <string />
            <string />
            <string />
            <string />
        </key>
        <key name="KIDNEY_STONE_DESCRIPTION">
            <string />
            <string />
            <string>매트의 신장결석</string>
            <string />
            <string />
            <string />
            <string />
            <string />
        </key>
        <key name="MEGA_BLAST_NAME">
            <string />
            <string />
            <string>거대 돌풍</string>
            <string />
            <string />
            <string />
            <string />
            <string />
        </key>
        <key name="MEGA_BLAST_DESCRIPTION">
            <string />
            <string />
            <string>레이저 발사</string>
            <string />
            <string />
            <string />
            <string />
            <string />
        </key>
        <key name="DARK_PRINCES_CROWN_NAME">
            <string />
            <string />
            <string>암흑 왕자의 왕관</string>
            <string />
            <string />
            <string />
            <string />
            <string />
        </key>
        <key name="DARK_PRINCES_CROWN_DESCRIPTION">
            <string />
            <string />
            <string>잃는 것이 힘일지니</string>
            <string />
            <string />
            <string />
            <string />
            <string />
        </key>
        <key name="APPLE_NAME">
            <string />
            <string />
            <string>사과!</string>
            <string />
            <string />
            <string />
            <string />
            <string />
        </key>
        <key name="APPLE_DESCRIPTION">
            <string />
            <string />
            <string>트릭 오어 트릿?</string>
            <string />
            <string />
            <string />
            <string />
            <string />
        </key>
        <key name="LEAD_PENCIL_NAME">
            <string />
            <string />
            <string>연필</string>
            <string />
            <string />
            <string />
            <string />
            <string />
        </key>
        <key name="LEAD_PENCIL_DESCRIPTION">
            <string />
            <string />
            <string>놈은 피를 흘린다!</string>
            <string />
            <string />
            <string />
            <string />
            <string />
        </key>
        <key name="DOG_TOOTH_NAME">
            <string />
            <string />
            <string>개 이빨</string>
            <string />
            <string />
            <string />
            <string />
            <string />
        </key>
        <key name="DOG_TOOTH_DESCRIPTION">
            <string />
            <string />
            <string>달에 울부짖어라!</string>
            <string />
            <string />
            <string />
            <string />
            <string />
        </key>
        <key name="DEAD_TOOTH_NAME">
            <string />
            <string />
            <string>썩은 이빨</string>
            <string />
            <string />
            <string />
            <string />
            <string />
        </key>
        <key name="DEAD_TOOTH_DESCRIPTION">
            <string />
            <string />
            <string>독성 입김</string>
            <string />
            <string />
            <string />
            <string />
            <string />
        </key>
        <key name="LINGER_BEAN_NAME">
            <string />
            <string />
            <string>납작한 콩</string>
            <string />
            <string />
            <string />
            <string />
            <string />
        </key>
        <key name="LINGER_BEAN_DESCRIPTION">
            <string />
            <string />
            <string>울면 가스가 차요</string>
            <string />
            <string />
            <string />
            <string />
            <string />
        </key>
        <key name="SHARD_OF_GLASS_NAME">
            <string />
            <string />
            <string>유리 조각</string>
            <string />
            <string />
            <string />
            <string />
            <string />
        </key>
        <key name="SHARD_OF_GLASS_DESCRIPTION">
            <string />
            <string />
            <string>유혈사태!</string>
            <string />
            <string />
            <string />
            <string />
            <string />
        </key>
        <key name="METAL_PLATE_NAME">
            <string />
            <string />
            <string>강철판</string>
            <string />
            <string />
            <string />
            <string />
            <string />
        </key>
        <key name="METAL_PLATE_DESCRIPTION">
            <string />
            <string />
            <string>가려워...</string>
            <string />
            <string />
            <string />
            <string />
            <string />
        </key>
        <key name="EYE_OF_GREED_NAME">
            <string />
            <string />
            <string>탐욕의 눈</string>
            <string />
            <string />
            <string />
            <string />
            <string />
        </key>
        <key name="EYE_OF_GREED_DESCRIPTION">
            <string />
            <string />
            <string>황금 눈물!</string>
            <string />
            <string />
            <string />
            <string />
            <string />
        </key>
        <key name="TAROT_CLOTH_NAME">
            <string />
            <string />
            <string>타로 천</string>
            <string />
            <string />
            <string />
            <string />
            <string />
        </key>
        <key name="TAROT_CLOTH_DESCRIPTION">
            <string />
            <string />
            <string>미래가 보인다</string>
            <string />
            <string />
            <string />
            <string />
            <string />
        </key>
        <key name="VARICOSE_VEINS_NAME">
            <string />
            <string />
            <string>정맥류</string>
            <string />
            <string />
            <string />
            <string />
            <string />
        </key>
        <key name="VARICOSE_VEINS_DESCRIPTION">
            <string />
            <string />
            <string>줄줄 새고 있어...</string>
            <string />
            <string />
            <string />
            <string />
            <string />
        </key>
        <key name="COMPOUND_FRACTURE_NAME">
            <string />
            <string />
            <string>복합 골절</string>
            <string />
            <string />
            <string />
            <string />
            <string />
        </key>
        <key name="COMPOUND_FRACTURE_DESCRIPTION">
            <string />
            <string />
            <string>뼈다귀 눈물!</string>
            <string />
            <string />
            <string />
            <string />
            <string />
        </key>
        <key name="POLYDACTYLY_NAME">
            <string />
            <string />
            <string>다지증</string>
            <string />
            <string />
            <string />
            <string />
            <string />
        </key>
        <key name="POLYDACTYLY_DESCRIPTION">
            <string />
            <string />
            <string>내 손을 잡아!</string>
            <string />
            <string />
            <string />
            <string />
            <string />
        </key>
        <key name="DADS_LOST_COIN_NAME">
            <string />
            <string />
            <string>아빠의 잃어버린 동전</string>
            <string />
            <string />
            <string />
            <string />
            <string />
        </key>
        <key name="DADS_LOST_COIN_DESCRIPTION">
            <string />
            <string />
            <string>이건 기억나...</string>
            <string />
            <string />
            <string />
            <string />
            <string />
        </key>
        <key name="MIDNIGHT_SNACK_NAME">
            <string />
            <string />
            <string>야식</string>
            <string />
            <string />
            <string />
            <string />
            <string />
        </key>
        <key name="MIDNIGHT_SNACK_DESCRIPTION">
            <string />
            <string />
            <string>체력 증가</string>
            <string />
            <string />
            <string />
            <string />
            <string />
        </key>
        <key name="CONE_HEAD_NAME">
            <string />
            <string />
            <string>콘헤드</string>
            <string />
            <string />
            <string />
            <string />
            <string />
        </key>
        <key name="CONE_HEAD_DESCRIPTION">
            <string />
            <string />
            <string>돌머리!</string>
            <string />
            <string />
            <string />
            <string />
            <string />
        </key>
        <key name="BELLY_BUTTON_NAME">
            <string />
            <string />
            <string>배꼽</string>
            <string />
            <string />
            <string />
            <string />
            <string />
        </key>
        <key name="BELLY_BUTTON_DESCRIPTION">
            <string />
            <string />
            <string>무엇이 들어있을까요?</string>
            <string />
            <string />
            <string />
            <string />
            <string />
        </key>
        <key name="SINUS_INFECTION_NAME">
            <string />
            <string />
            <string>축농증</string>
            <string />
            <string />
            <string />
            <string />
            <string />
        </key>
        <key name="SINUS_INFECTION_DESCRIPTION">
            <string />
            <string />
            <string>코딱지 눈물!</string>
            <string />
            <string />
            <string />
            <string />
            <string />
        </key>
        <key name="GLAUCOMA_NAME">
            <string />
            <string />
            <string>녹내장</string>
            <string />
            <string />
            <string />
            <string />
            <string />
        </key>
        <key name="GLAUCOMA_DESCRIPTION">
            <string />
            <string />
            <string>눈을 멀게 하는 눈물!</string>
            <string />
            <string />
            <string />
            <string />
            <string />
        </key>
        <key name="PARASITOID_NAME">
            <string />
            <string />
            <string>기생자</string>
            <string />
            <string />
            <string />
            <string />
            <string />
        </key>
        <key name="PARASITOID_DESCRIPTION">
            <string />
            <string />
            <string>알까기 눈물!</string>
            <string />
            <string />
            <string />
            <string />
            <string />
        </key>
        <key name="EYE_OF_BELIAL_NAME">
            <string />
            <string />
            <string>벨리알의 눈</string>
            <string />
            <string />
            <string />
            <string />
            <string />
        </key>
        <key name="EYE_OF_BELIAL_DESCRIPTION">
            <string />
            <string />
            <string>따라가는 눈물!</string>
            <string />
            <string />
            <string />
            <string />
            <string />
        </key>
        <key name="SULFURIC_ACID_NAME">
            <string />
            <string />
            <string>황산</string>
            <string />
            <string />
            <string />
            <string />
            <string />
        </key>
        <key name="SULFURIC_ACID_DESCRIPTION">
            <string />
            <string />
            <string>산성 눈물!</string>
            <string />
            <string />
            <string />
            <string />
            <string />
        </key>
        <key name="GLYPH_OF_BALANCE_NAME">
            <string />
            <string />
            <string>균형의 문장</string>
            <string />
            <string />
            <string />
            <string />
            <string />
        </key>
        <key name="GLYPH_OF_BALANCE_DESCRIPTION">
            <string />
            <string />
            <string>저편에서 온 선물</string>
            <string />
            <string />
            <string />
            <string />
            <string />
        </key>
        <key name="ANALOG_STICK_NAME">
            <string />
            <string />
            <string>아날로그 스틱</string>
            <string />
            <string />
            <string />
            <string />
            <string />
        </key>
        <key name="ANALOG_STICK_DESCRIPTION">
            <string />
            <string />
            <string>360 눈물!</string>
            <string />
            <string />
            <string />
            <string />
            <string />
        </key>
        <key name="CONTAGION_NAME">
            <string />
            <string />
            <string>전염</string>
            <string />
            <string />
            <string />
            <string />
            <string />
        </key>
        <key name="CONTAGION_DESCRIPTION">
            <string />
            <string />
            <string>발생!</string>
            <string />
            <string />
            <string />
            <string />
            <string />
        </key>
        <key name="FINGER_NAME">
            <string />
            <string />
            <string>손가락!</string>
            <string />
            <string />
            <string />
            <string />
            <string />
        </key>
        <key name="FINGER_DESCRIPTION">
            <string />
            <string />
            <string>얻다 대고 손가락질이야!</string>
            <string />
            <string />
            <string />
            <string />
            <string />
        </key>
        <key name="SHADE_NAME">
            <string />
            <string />
            <string>셰이드</string>
            <string />
            <string />
            <string />
            <string />
            <string />
        </key>
        <key name="SHADE_DESCRIPTION">
            <string />
            <string />
            <string>어딜 가든 따라와</string>
            <string />
            <string />
            <string />
            <string />
            <string />
        </key>
        <key name="DEPRESSION_NAME">
            <string />
            <string />
            <string>우울증</string>
            <string />
            <string />
            <string />
            <string />
            <string />
        </key>
        <key name="DEPRESSION_DESCRIPTION">
            <string />
            <string />
            <string>:(</string>
            <string />
            <string />
            <string />
            <string />
            <string />
        </key>
        <key name="HUSHY_NAME">
            <string />
            <string />
            <string>침묵이</string>
            <string />
            <string />
            <string />
            <string />
            <string />
        </key>
        <key name="HUSHY_DESCRIPTION">
            <string />
            <string />
            <string>꼬마 침묵!</string>
            <string />
            <string />
            <string />
            <string />
            <string />
        </key>
        <key name="LIL_MONSTRO_NAME">
            <string />
            <string />
            <string>꼬마 몬스트로</string>
            <string />
            <string />
            <string />
            <string />
            <string />
        </key>
        <key name="LIL_MONSTRO_DESCRIPTION">
            <string />
            <string />
            <string>귀엽지?</string>
            <string />
            <string />
            <string />
            <string />
            <string />
        </key>
        <key name="KING_BABY_NAME">
            <string />
            <string />
            <string>아기 왕</string>
            <string />
            <string />
            <string />
            <string />
            <string />
        </key>
        <key name="KING_BABY_DESCRIPTION">
            <string />
            <string />
            <string>아기 왕을 경배하라구</string>
            <string />
            <string />
            <string />
            <string />
            <string />
        </key>
        <key name="BIG_CHUBBY_NAME">
            <string />
            <string />
            <string>큰 처비</string>
            <string />
            <string />
            <string />
            <string />
            <string />
        </key>
        <key name="BIG_CHUBBY_DESCRIPTION">
            <string />
            <string />
            <string>처브 처브</string>
            <string />
            <string />
            <string />
            <string />
            <string />
        </key>
        <key name="BROKEN_GLASS_CANNON_NAME">
            <string />
            <string />
            <string>깨진 유리 대포</string>
            <string />
            <string />
            <string />
            <string />
            <string />
        </key>
        <key name="BROKEN_GLASS_CANNON_DESCRIPTION">
            <string />
            <string />
            <string>네가 부쉈어!</string>
            <string />
            <string />
            <string />
            <string />
            <string />
        </key>
        <key name="PLAN_C_NAME">
            <string />
            <string />
            <string>플랜 C</string>
            <string />
            <string />
            <string />
            <string />
            <string />
        </key>
        <key name="PLAN_C_DESCRIPTION">
            <string />
            <string />
            <string>최후의 수단</string>
            <string />
            <string />
            <string />
            <string />
            <string />
        </key>
        <key name="D1_NAME">
            <string />
            <string />
            <string>1면 주사위</string>
            <string />
            <string />
            <string />
            <string />
            <string />
        </key>
        <key name="D1_DESCRIPTION">
            <string />
            <string />
            <string>무엇이 될까?</string>
            <string />
            <string />
            <string />
            <string />
            <string />
        </key>
        <key name="VOID_NAME">
            <string />
            <string />
            <string>보이드</string>
            <string />
            <string />
            <string />
            <string />
            <string />
        </key>
        <key name="VOID_DESCRIPTION">
            <string />
            <string />
            <string>흡수</string>
            <string />
            <string />
            <string />
            <string />
            <string />
        </key>
        <key name="PAUSE_NAME">
            <string />
            <string />
            <string>일시 정지</string>
            <string />
            <string />
            <string />
            <string />
            <string />
        </key>
        <key name="PAUSE_DESCRIPTION">
            <string />
            <string />
            <string>멈춰라!</string>
            <string />
            <string />
            <string />
            <string />
            <string />
        </key>
        <key name="SMELTER_NAME">
            <string />
            <string />
            <string>용광로</string>
            <string />
            <string />
            <string />
            <string />
            <string />
        </key>
        <key name="SMELTER_DESCRIPTION">
            <string />
            <string />
            <string>장신구 용해 장치!</string>
            <string />
            <string />
            <string />
            <string />
            <string />
        </key>
        <key name="COMPOST_NAME">
            <string />
            <string />
            <string>퇴비</string>
            <string />
            <string />
            <string />
            <string />
            <string />
        </key>
        <key name="COMPOST_DESCRIPTION">
            <string />
            <string />
            <string>친구를 늘리자!</string>
            <string />
            <string />
            <string />
            <string />
            <string />
        </key>
        <key name="DATAMINER_NAME">
            <string />
            <string />
            <string>데이터마이너</string>
            <string />
            <string />
            <string />
            <string />
            <string />
        </key>
        <key name="DATAMINER_DESCRIPTION">
            <string />
            <string />
            <string>109</string>
            <string />
            <string />
            <string />
            <string />
            <string />
        </key>
        <key name="CLICKER_NAME">
            <string />
            <string />
            <string>클리커</string>
            <string />
            <string />
            <string />
            <string />
            <string />
        </key>
        <key name="CLICKER_DESCRIPTION">
            <string />
            <string />
            <string>체인지</string>
            <string />
            <string />
            <string />
            <string />
            <string />
        </key>
        <key name="MAMA_MEGA_NAME">
            <string />
            <string />
            <string>맘마 메가!</string>
            <string />
            <string />
            <string />
            <string />
            <string />
        </key>
        <key name="MAMA_MEGA_DESCRIPTION">
            <string />
            <string />
            <string>퍼어어어어어어엉!!</string>
            <string />
            <string />
            <string />
            <string />
            <string />
        </key>
        <key name="WAIT_WHAT_NAME">
            <string />
            <string />
            <string>잠깐, 뭐라고?</string>
            <string />
            <string />
            <string />
            <string />
            <string />
        </key>
        <key name="WAIT_WHAT_DESCRIPTION">
            <string />
            <string />
            <string>흰강낭콩이 아니었다니!</string>
            <string />
            <string />
            <string />
            <string />
            <string />
        </key>
        <key name="CROOKED_PENNY_NAME">
            <string />
            <string />
            <string>비뚤어진 동전</string>
            <string />
            <string />
            <string />
            <string />
            <string />
        </key>
        <key name="CROOKED_PENNY_DESCRIPTION">
            <string />
            <string />
            <string>50/50</string>
            <string />
            <string />
            <string />
            <string />
            <string />
        </key>
        <key name="DULL_RAZOR_NAME">
            <string />
            <string />
            <string>무딘 면도날</string>
            <string />
            <string />
            <string />
            <string />
            <string />
        </key>
        <key name="DULL_RAZOR_DESCRIPTION">
            <string />
            <string />
            <string>감각이 없소...</string>
            <string />
            <string />
            <string />
            <string />
            <string />
        </key>
        <key name="POTATO_PEELER_NAME">
            <string />
            <string />
            <string>감자칼</string>
            <string />
            <string />
            <string />
            <string />
            <string />
        </key>
        <key name="POTATO_PEELER_DESCRIPTION">
            <string />
            <string />
            <string>1파운드의 살...</string>
            <string />
            <string />
            <string />
            <string />
            <string />
        </key>
        <key name="METRONOME_NAME">
            <string />
            <string />
            <string>메트로놈</string>
            <string />
            <string />
            <string />
            <string />
            <string />
        </key>
        <key name="METRONOME_DESCRIPTION">
            <string />
            <string />
            <string>손가락을 흔들자</string>
            <string />
            <string />
            <string />
            <string />
            <string />
        </key>
        <key name="D_INFINITY_NAME">
            <string />
            <string />
            <string>무한 주사위</string>
            <string />
            <string />
            <string />
            <string />
            <string />
        </key>
        <key name="D_INFINITY_DESCRIPTION">
            <string />
            <string />
            <string>영원히 굴려라</string>
            <string />
            <string />
            <string />
            <string />
            <string />
        </key>
        <key name="EDENS_SOUL_NAME">
            <string />
            <string />
            <string>에덴의 영혼</string>
            <string />
            <string />
            <string />
            <string />
            <string />
        </key>
        <key name="EDENS_SOUL_DESCRIPTION">
            <string />
            <string />
            <string>...</string>
            <string />
            <string />
            <string />
            <string />
            <string />
        </key>
        <key name="ACID_BABY_NAME">
            <string />
            <string />
            <string>환각 아기</string>
            <string />
            <string />
            <string />
            <string />
            <string />
        </key>
        <key name="ACID_BABY_DESCRIPTION">
            <string />
            <string />
            <string>알약 알약 알약!</string>
            <string />
            <string />
            <string />
            <string />
            <string />
        </key>
        <key name="YO_LISTEN_NAME">
            <string />
            <string />
            <string>Yo, 리슨!</string>
            <string />
            <string />
            <string />
            <string />
            <string />
        </key>
        <key name="YO_LISTEN_DESCRIPTION">
            <string />
            <string />
            <string>YO, 들어Jwo!</string>
            <string />
            <string />
            <string />
            <string />
            <string />
        </key>
        <key name="ADRENALINE_NAME">
            <string />
            <string />
            <string>아드레날린</string>
            <string />
            <string />
            <string />
            <string />
            <string />
        </key>
        <key name="ADRENALINE_DESCRIPTION">
            <string />
            <string />
            <string>패닉 = 힘</string>
            <string />
            <string />
            <string />
            <string />
            <string />
        </key>
        <key name="JACOBS_LADDER_NAME">
            <string />
            <string />
            <string>야곱의 사다리</string>
            <string />
            <string />
            <string />
            <string />
            <string />
        </key>
        <key name="JACOBS_LADDER_DESCRIPTION">
            <string />
            <string />
            <string>전자 눈물</string>
            <string />
            <string />
            <string />
            <string />
            <string />
        </key>
        <key name="GHOST_PEPPER_NAME">
            <string />
            <string />
            <string>유령 고추</string>
            <string />
            <string />
            <string />
            <string />
            <string />
        </key>
        <key name="GHOST_PEPPER_DESCRIPTION">
            <string />
            <string />
            <string>불꽃 눈물</string>
            <string />
            <string />
            <string />
            <string />
            <string />
        </key>
        <key name="EUTHANASIA_NAME">
            <string />
            <string />
            <string>안락사</string>
            <string />
            <string />
            <string />
            <string />
            <string />
        </key>
        <key name="EUTHANASIA_DESCRIPTION">
            <string />
            <string />
            <string>주삿바늘 공격</string>
            <string />
            <string />
            <string />
            <string />
            <string />
        </key>
        <key name="CAMO_UNDIES_NAME">
            <string />
            <string />
            <string>위장 속옷</string>
            <string />
            <string />
            <string />
            <string />
            <string />
        </key>
        <key name="CAMO_UNDIES_DESCRIPTION">
            <string />
            <string />
            <string>위장한 아이</string>
            <string />
            <string />
            <string />
            <string />
            <string />
        </key>
        <key name="DUALITY_NAME">
            <string />
            <string />
            <string>이중성</string>
            <string />
            <string />
            <string />
            <string />
            <string />
        </key>
        <key name="DUALITY_DESCRIPTION">
            <string />
            <string />
            <string>매우 균형 잡힌 느낌</string>
            <string />
            <string />
            <string />
            <string />
            <string />
        </key>
        <key name="EUCHARIST_NAME">
            <string />
            <string />
            <string>성찬</string>
            <string />
            <string />
            <string />
            <string />
            <string />
        </key>
        <key name="EUCHARIST_DESCRIPTION">
            <string />
            <string />
            <string>무운을 빌지</string>
            <string />
            <string />
            <string />
            <string />
            <string />
        </key>
        <key name="SACK_OF_SACKS_NAME">
            <string />
            <string />
            <string>자루 속의 자루</string>
            <string />
            <string />
            <string />
            <string />
            <string />
        </key>
        <key name="SACK_OF_SACKS_DESCRIPTION">
            <string />
            <string />
            <string>자루를 주마</string>
            <string />
            <string />
            <string />
            <string />
            <string />
        </key>
        <key name="GREEDS_GULLET_NAME">
            <string />
            <string />
            <string>탐욕의 식도</string>
            <string />
            <string />
            <string />
            <string />
            <string />
        </key>
        <key name="GREEDS_GULLET_DESCRIPTION">
            <string />
            <string />
            <string>돈 = 체력!</string>
            <string />
            <string />
            <string />
            <string />
            <string />
        </key>
        <key name="LARGE_ZIT_NAME">
            <string />
            <string />
            <string>커다란 여드름</string>
            <string />
            <string />
            <string />
            <string />
            <string />
        </key>
        <key name="LARGE_ZIT_DESCRIPTION">
            <string />
            <string />
            <string>여드름 공격</string>
            <string />
            <string />
            <string />
            <string />
            <string />
        </key>
        <key name="LITTLE_HORN_NAME">
            <string />
            <string />
            <string>작은 뿔</string>
            <string />
            <string />
            <string />
            <string />
            <string />
        </key>
        <key name="LITTLE_HORN_DESCRIPTION">
            <string />
            <string />
            <string>빅 브라더가 지켜보고 있다</string>
            <string />
            <string />
            <string />
            <string />
            <string />
        </key>
        <key name="BROWN_NUGGET_NAME">
            <string />
            <string />
            <string>갈색 너겟</string>
            <string />
            <string />
            <string />
            <string />
            <string />
        </key>
        <key name="BROWN_NUGGET_DESCRIPTION">
            <string />
            <string />
            <string>친절한 파리</string>
            <string />
            <string />
            <string />
            <string />
            <string />
        </key>
        <key name="POKE_GO_NAME">
            <string />
            <string />
            <string>포켓 GO</string>
            <string />
            <string />
            <string />
            <string />
            <string />
        </key>
        <key name="POKE_GO_DESCRIPTION">
            <string />
            <string />
            <string>넌 내 거야...</string>
            <string />
            <string />
            <string />
            <string />
            <string />
        </key>
        <key name="BACKSTABBER_NAME">
            <string />
            <string />
            <string>배신자</string>
            <string />
            <string />
            <string />
            <string />
            <string />
        </key>
        <key name="BACKSTABBER_DESCRIPTION">
            <string />
            <string />
            <string>뒤를 조심해!</string>
            <string />
            <string />
            <string />
            <string />
            <string />
        </key>
        <key name="SHARP_STRAW_NAME">
            <string />
            <string />
            <string>날카로운 빨대</string>
            <string />
            <string />
            <string />
            <string />
            <string />
        </key>
        <key name="SHARP_STRAW_DESCRIPTION">
            <string />
            <string />
            <string>더 많은 피!</string>
            <string />
            <string />
            <string />
            <string />
            <string />
        </key>
        <key name="MOMS_RAZOR_NAME">
            <string />
            <string />
            <string>엄마의 면도기</string>
            <string />
            <string />
            <string />
            <string />
            <string />
        </key>
        <key name="MOMS_RAZOR_DESCRIPTION">
            <string />
            <string />
            <string>날카로워!</string>
            <string />
            <string />
            <string />
            <string />
            <string />
        </key>
        <key name="BLOODSHOT_EYE_NAME">
            <string />
            <string />
            <string>충혈된 눈</string>
            <string />
            <string />
            <string />
            <string />
            <string />
        </key>
        <key name="BLOODSHOT_EYE_DESCRIPTION">
            <string />
            <string />
            <string>피투성이 친구</string>
            <string />
            <string />
            <string />
            <string />
            <string />
        </key>
        <key name="DELIRIOUS_NAME">
            <string />
            <string />
            <string>정신착란</string>
            <string />
            <string />
            <string />
            <string />
            <string />
        </key>
        <key name="DELIRIOUS_DESCRIPTION">
            <string />
            <string />
            <string>힘을 개방하라!</string>
            <string />
            <string />
            <string />
            <string />
            <string />
        </key>
        <key name="ANGRY_FLY_NAME">
            <string />
            <string />
            <string>성난 파리</string>
            <string />
            <string />
            <string />
            <string />
            <string />
        </key>
        <key name="ANGRY_FLY_DESCRIPTION">
            <string />
            <string />
            <string>난폭한 녀석</string>
            <string />
            <string />
            <string />
            <string />
            <string />
        </key>
        <key name="BLACK_HOLE_NAME">
            <string />
            <string />
            <string>블랙홀</string>
            <string />
            <string />
            <string />
            <string />
            <string />
        </key>
        <key name="BLACK_HOLE_DESCRIPTION">
            <string />
            <string />
            <string>그 무엇도 벗어날 수 없다</string>
            <string />
            <string />
            <string />
            <string />
            <string />
        </key>
        <key name="BOZO_NAME">
            <string />
            <string />
            <string>삐에로</string>
            <string />
            <string />
            <string />
            <string />
            <string />
        </key>
        <key name="BOZO_DESCRIPTION">
            <string />
            <string />
            <string>파티 타임!</string>
            <string />
            <string />
            <string />
            <string />
            <string />
        </key>
        <key name="BROKEN_MODEM_NAME">
            <string />
            <string />
            <string>고장난 모뎀</string>
            <string />
            <string />
            <string />
            <string />
            <string />
        </key>
        <key name="BROKEN_MODEM_DESCRIPTION">
            <string />
            <string />
            <string>렉!</string>
            <string />
            <string />
            <string />
            <string />
            <string />
        </key>
        <key name="MYSTERY_GIFT_NAME">
            <string />
            <string />
            <string>수수께끼의 선물</string>
            <string />
            <string />
            <string />
            <string />
            <string />
        </key>
        <key name="MYSTERY_GIFT_DESCRIPTION">
            <string />
            <string />
            <string>널 위해 포장했어!</string>
            <string />
            <string />
            <string />
            <string />
            <string />
        </key>
        <key name="SPRINKLER_NAME">
            <string />
            <string />
            <string>스프링쿨러</string>
            <string />
            <string />
            <string />
            <string />
            <string />
        </key>
        <key name="SPRINKLER_DESCRIPTION">
            <string />
            <string />
            <string>흩뿌리자</string>
            <string />
            <string />
            <string />
            <string />
            <string />
        </key>
        <key name="FAST_BOMBS_NAME">
            <string />
            <string />
            <string>신속 폭탄</string>
            <string />
            <string />
            <string />
            <string />
            <string />
        </key>
        <key name="FAST_BOMBS_DESCRIPTION">
            <string />
            <string />
            <string>재빠른 폭탄 투하</string>
            <string />
            <string />
            <string />
            <string />
            <string />
        </key>
        <key name="BUDDY_IN_A_BOX_NAME">
            <string />
            <string />
            <string>상자 안의 친구</string>
            <string />
            <string />
            <string />
            <string />
            <string />
        </key>
        <key name="BUDDY_IN_A_BOX_DESCRIPTION">
            <string />
            <string />
            <string>대체 뭐지?!</string>
            <string />
            <string />
            <string />
            <string />
            <string />
        </key>
        <key name="LIL_DELIRIUM_NAME">
            <string />
            <string />
            <string>꼬마 섬망</string>
            <string />
            <string />
            <string />
            <string />
            <string />
        </key>
        <key name="LIL_DELIRIUM_DESCRIPTION">
            <string />
            <string />
            <string>혼란스러운 친구</string>
            <string />
            <string />
            <string />
            <string />
            <string />
        </key>
        <key name="JUMPER_CABLES_NAME">
            <string />
            <string />
            <string>부스터 케이블</string>
            <string />
            <string />
            <string />
            <string />
            <string />
        </key>
        <key name="JUMPER_CABLES_DESCRIPTION">
            <string />
            <string />
            <string>피투성이 재충전</string>
            <string />
            <string />
            <string />
            <string />
            <string />
        </key>
        <key name="COUPON_NAME">
            <string />
            <string />
            <string>쿠폰</string>
            <string />
            <string />
            <string />
            <string />
            <string />
        </key>
        <key name="COUPON_DESCRIPTION">
            <string />
            <string />
            <string>배달은 6주가 걸립니다</string>
            <string />
            <string />
            <string />
            <string />
            <string />
        </key>
        <key name="TELEKINESIS_NAME">
            <string />
            <string />
            <string>염력</string>
            <string />
            <string />
            <string />
            <string />
            <string />
        </key>
        <key name="TELEKINESIS_DESCRIPTION">
            <string />
            <string />
            <string>내면의 힘</string>
            <string />
            <string />
            <string />
            <string />
            <string />
        </key>
        <key name="MOVING_BOX_NAME">
            <string />
            <string />
            <string>이삿짐 상자</string>
            <string />
            <string />
            <string />
            <string />
            <string />
        </key>
        <key name="MOVING_BOX_DESCRIPTION">
            <string />
            <string />
            <string>담고 꺼내고</string>
            <string />
            <string />
            <string />
            <string />
            <string />
        </key>
        <key name="TECHNOLOGY_ZERO_NAME">
            <string />
            <string />
            <string>기계 장치 제로</string>
            <string />
            <string />
            <string />
            <string />
            <string />
        </key>
        <key name="TECHNOLOGY_ZERO_DESCRIPTION">
            <string />
            <string />
            <string>정전기 눈물</string>
            <string />
            <string />
            <string />
            <string />
            <string />
        </key>
        <key name="LEPROSY_NAME">
            <string />
            <string />
            <string>나병</string>
            <string />
            <string />
            <string />
            <string />
            <string />
        </key>
        <key name="LEPROSY_DESCRIPTION">
            <string />
            <string />
            <string>나를 갈기갈기 찢고 있어!</string>
            <string />
            <string />
            <string />
            <string />
            <string />
        </key>
        <key name="7_SEALS_NAME">
            <string />
            <string />
            <string>일곱 봉인</string>
            <string />
            <string />
            <string />
            <string />
            <string />
        </key>
        <key name="7_SEALS_DESCRIPTION">
            <string />
            <string />
            <string>꼬마 징조들!</string>
            <string />
            <string />
            <string />
            <string />
            <string />
        </key>
        <key name="MR_ME_NAME">
            <string />
            <string />
            <string>미 씨!</string>
            <string />
            <string />
            <string />
            <string />
            <string />
        </key>
        <key name="MR_ME_DESCRIPTION">
            <string />
            <string />
            <string>할 수 있지이!</string>
            <string />
            <string />
            <string />
            <string />
            <string />
        </key>
        <key name="ANGELIC_PRISM_NAME">
            <string />
            <string />
            <string>천사빛 프리즘</string>
            <string />
            <string />
            <string />
            <string />
            <string />
        </key>
        <key name="ANGELIC_PRISM_DESCRIPTION">
            <string />
            <string />
            <string>달에 가려져 버렸네</string>
            <string />
            <string />
            <string />
            <string />
            <string />
        </key>
        <key name="POP_NAME">
            <string />
            <string />
            <string>뿅!</string>
            <string />
            <string />
            <string />
            <string />
            <string />
        </key>
        <key name="POP_DESCRIPTION">
            <string />
            <string />
            <string>눈알 눈물</string>
            <string />
            <string />
            <string />
            <string />
            <string />
        </key>
        <key name="DEATHS_LIST_NAME">
            <string />
            <string />
            <string>죽음의 살생부</string>
            <string />
            <string />
            <string />
            <string />
            <string />
        </key>
        <key name="DEATHS_LIST_DESCRIPTION">
            <string />
            <string />
            <string>네가 다음 차례는 아니길 바라...</string>
            <string />
            <string />
            <string />
            <string />
            <string />
        </key>
        <key name="HAEMOLACRIA_NAME">
            <string />
            <string />
            <string>피눈물병</string>
            <string />
            <string />
            <string />
            <string />
            <string />
        </key>
        <key name="HAEMOLACRIA_DESCRIPTION">
            <string />
            <string />
            <string>눈 앞이 시뻘개...</string>
            <string />
            <string />
            <string />
            <string />
            <string />
        </key>
        <key name="LACHRYPHAGY_NAME">
            <string />
            <string />
            <string>눈물을 마시는 새</string>
            <string />
            <string />
            <string />
            <string />
            <string />
        </key>
        <key name="LACHRYPHAGY_DESCRIPTION">
            <string />
            <string />
            <string>먹여줘!</string>
            <string />
            <string />
            <string />
            <string />
            <string />
        </key>
        <key name="TRISAGION_NAME">
            <string />
            <string />
            <string>삼성송</string>
            <string />
            <string />
            <string />
            <string />
            <string />
        </key>
        <key name="TRISAGION_DESCRIPTION">
            <string />
            <string />
            <string>네 적을 벌하라</string>
            <string />
            <string />
            <string />
            <string />
            <string />
        </key>
        <key name="SCHOOLBAG_NAME">
            <string />
            <string />
            <string>책가방</string>
            <string />
            <string />
            <string />
            <string />
            <string />
        </key>
        <key name="SCHOOLBAG_DESCRIPTION">
            <string />
            <string />
            <string>액티브 아이템 칸 추가</string>
            <string />
            <string />
            <string />
            <string />
            <string />
        </key>
        <key name="BLANKET_NAME">
            <string />
            <string />
            <string>담요</string>
            <string />
            <string />
            <string />
            <string />
            <string />
        </key>
        <key name="BLANKET_DESCRIPTION">
            <string />
            <string />
            <string>안전한 느낌</string>
            <string />
            <string />
            <string />
            <string />
            <string />
        </key>
        <key name="SACRIFICIAL_ALTAR_NAME">
            <string />
            <string />
            <string>희생 제단</string>
            <string />
            <string />
            <string />
            <string />
            <string />
        </key>
        <key name="SACRIFICIAL_ALTAR_DESCRIPTION">
            <string />
            <string />
            <string>제물을 바라고 있다</string>
            <string />
            <string />
            <string />
            <string />
            <string />
        </key>
        <key name="LIL_SPEWER_NAME">
            <string />
            <string />
            <string>꼬마 구토꾼</string>
            <string />
            <string />
            <string />
            <string />
            <string />
        </key>
        <key name="LIL_SPEWER_DESCRIPTION">
            <string />
            <string />
            <string>구토쟁이 친구</string>
            <string />
            <string />
            <string />
            <string />
            <string />
        </key>
        <key name="MARBLES_NAME">
            <string />
            <string />
            <string>구슬</string>
            <string />
            <string />
            <string />
            <string />
            <string />
        </key>
        <key name="MARBLES_DESCRIPTION">
            <string />
            <string />
            <string>잘못 삼키면 질식</string>
            <string />
            <string />
            <string />
            <string />
            <string />
        </key>
        <key name="MYSTERY_EGG_NAME">
            <string />
            <string />
            <string>이상한 알</string>
            <string />
            <string />
            <string />
            <string />
            <string />
        </key>
        <key name="MYSTERY_EGG_DESCRIPTION">
            <string />
            <string />
            <string>희생의 수정</string>
            <string />
            <string />
            <string />
            <string />
            <string />
        </key>
        <key name="FLAT_STONE_NAME">
            <string />
            <string />
            <string>납작한 돌</string>
            <string />
            <string />
            <string />
            <string />
            <string />
        </key>
        <key name="FLAT_STONE_DESCRIPTION">
            <string />
            <string />
            <string>물수제비 눈물</string>
            <string />
            <string />
            <string />
            <string />
            <string />
        </key>
        <key name="MARROW_NAME">
            <string />
            <string />
            <string>골수</string>
            <string />
            <string />
            <string />
            <string />
            <string />
        </key>
        <key name="MARROW_DESCRIPTION">
            <string />
            <string />
            <string>체력 증가?</string>
            <string />
            <string />
            <string />
            <string />
            <string />
        </key>
        <key name="SLIPPED_RIB_NAME">
            <string />
            <string />
            <string>빠진 갈비뼈</string>
            <string />
            <string />
            <string />
            <string />
            <string />
        </key>
        <key name="SLIPPED_RIB_DESCRIPTION">
            <string />
            <string />
            <string>탄환 방패</string>
            <string />
            <string />
            <string />
            <string />
            <string />
        </key>
        <key name="HALLOWED_GROUND_NAME">
            <string />
            <string />
            <string>성지</string>
            <string />
            <string />
            <string />
            <string />
            <string />
        </key>
        <key name="HALLOWED_GROUND_DESCRIPTION">
            <string />
            <string />
            <string>휴대용 안식처</string>
            <string />
            <string />
            <string />
            <string />
            <string />
        </key>
        <key name="POINTY_RIB_NAME">
            <string />
            <string />
            <string>뾰족한 갈비뼈</string>
            <string />
            <string />
            <string />
            <string />
            <string />
        </key>
        <key name="POINTY_RIB_DESCRIPTION">
            <string />
            <string />
            <string>찔러 죽일 시간</string>
            <string />
            <string />
            <string />
            <string />
            <string />
        </key>
        <key name="BOOK_OF_THE_DEAD_NAME">
            <string />
            <string />
            <string>망자의 서</string>
            <string />
            <string />
            <string />
            <string />
            <string />
        </key>
        <key name="BOOK_OF_THE_DEAD_DESCRIPTION">
            <string />
            <string />
            <string>무덤에서 일어나라</string>
            <string />
            <string />
            <string />
            <string />
            <string />
        </key>
        <key name="DADS_RING_NAME">
            <string />
            <string />
            <string>아빠의 반지</string>
            <string />
            <string />
            <string />
            <string />
            <string />
        </key>
        <key name="DADS_RING_DESCRIPTION">
            <string />
            <string />
            <string>아버지의 축복</string>
            <string />
            <string />
            <string />
            <string />
            <string />
        </key>
        <key name="DIVORCE_PAPERS_NAME">
            <string />
            <string />
            <string>이혼 서류</string>
            <string />
            <string />
            <string />
            <string />
            <string />
        </key>
        <key name="DIVORCE_PAPERS_DESCRIPTION">
            <string />
            <string />
            <string>공격 속도 증가 + 공허한 느낌</string>
            <string />
            <string />
            <string />
            <string />
            <string />
        </key>
        <key name="JAW_BONE_NAME">
            <string />
            <string />
            <string>턱뼈</string>
            <string />
            <string />
            <string />
            <string />
            <string />
        </key>
        <key name="JAW_BONE_DESCRIPTION">
            <string />
            <string />
            <string>물어 와!</string>
            <string />
            <string />
            <string />
            <string />
            <string />
        </key>
        <key name="BRITTLE_BONES_NAME">
            <string />
            <string />
            <string>최약골</string>
            <string />
            <string />
            <string />
            <string />
            <string />
        </key>
        <key name="BRITTLE_BONES_DESCRIPTION">
            <string />
            <string />
            <string>온몸이 아파</string>
            <string />
            <string />
            <string />
            <string />
            <string />
        </key>
        <key name="BROKEN_SHOVEL_NAME">
            <string />
            <string />
            <string>부러진 삽</string>
            <string />
            <string />
            <string />
            <string />
            <string />
        </key>
        <key name="BROKEN_SHOVEL_DESCRIPTION">
            <string />
            <string />
            <string>저주받은 느낌</string>
            <string />
            <string />
            <string />
            <string />
            <string />
        </key>
        <key name="BROKEN_SHOVEL2_NAME">
            <string />
            <string />
            <string>부러진 삽</string>
            <string />
            <string />
            <string />
            <string />
            <string />
        </key>
        <key name="BROKEN_SHOVEL2_DESCRIPTION">
            <string />
            <string />
            <string>저주받은 느낌</string>
            <string />
            <string />
            <string />
            <string />
            <string />
        </key>
        <key name="MOMS_SHOVEL_NAME">
            <string />
            <string />
            <string>엄마의 삽</string>
            <string />
            <string />
            <string />
            <string />
            <string />
        </key>
        <key name="MOMS_SHOVEL_DESCRIPTION">
            <string />
            <string />
            <string>사라졌지만 잊혀지지 않아</string>
            <string />
            <string />
            <string />
            <string />
            <string />
        </key>
        <key name="MUCORMYCOSIS_NAME">
            <string />
            <string />
            <string>털곰팡이균</string>
            <string />
            <string />
            <string />
            <string />
            <string />
        </key>
        <key name="MUCORMYCOSIS_DESCRIPTION">
            <string />
            <string />
            <string>포자 공격</string>
            <string />
            <string />
            <string />
            <string />
            <string />
        </key>
        <key name="2SPOOKY_NAME">
            <string />
            <string />
            <string>넘나 무서운 것</string>
            <string />
            <string />
            <string />
            <string />
            <string />
        </key>
        <key name="2SPOOKY_DESCRIPTION">
            <string />
            <string />
            <string>하와와</string>
            <string />
            <string />
            <string />
            <string />
            <string />
        </key>
        <key name="GOLDEN_RAZOR_NAME">
            <string />
            <string />
            <string>황금 면도날</string>
            <string />
            <string />
            <string />
            <string />
            <string />
        </key>
        <key name="GOLDEN_RAZOR_DESCRIPTION">
            <string />
            <string />
            <string>소득의 고독</string>
            <string />
            <string />
            <string />
            <string />
            <string />
        </key>
        <key name="SULFUR_NAME">
            <string />
            <string />
            <string>황</string>
            <string />
            <string />
            <string />
            <string />
            <string />
        </key>
        <key name="SULFUR_DESCRIPTION">
            <string />
            <string />
            <string>일시적 악마 형상</string>
            <string />
            <string />
            <string />
            <string />
            <string />
        </key>
        <key name="FORTUNE_COOKIE_NAME">
            <string />
            <string />
            <string>포춘 쿠키</string>
            <string />
            <string />
            <string />
            <string />
            <string />
        </key>
        <key name="FORTUNE_COOKIE_DESCRIPTION">
            <string />
            <string />
            <string>충전식 운세</string>
            <string />
            <string />
            <string />
            <string />
            <string />
        </key>
        <key name="EYE_SORE_NAME">
            <string />
            <string />
            <string>흉물</string>
            <string />
            <string />
            <string />
            <string />
            <string />
        </key>
        <key name="EYE_SORE_DESCRIPTION">
            <string />
            <string />
            <string>더 많은 눈</string>
            <string />
            <string />
            <string />
            <string />
            <string />
        </key>
        <key name="120_VOLT_NAME">
            <string />
            <string />
            <string>120볼트</string>
            <string />
            <string />
            <string />
            <string />
            <string />
        </key>
        <key name="120_VOLT_DESCRIPTION">
            <string />
            <string />
            <string>찌릿!</string>
            <string />
            <string />
            <string />
            <string />
            <string />
        </key>
        <key name="IT_HURTS_NAME">
            <string />
            <string />
            <string>아프다</string>
            <string />
            <string />
            <string />
            <string />
            <string />
        </key>
        <key name="IT_HURTS_DESCRIPTION">
            <string />
            <string />
            <string>아냐 안 아파...</string>
            <string />
            <string />
            <string />
            <string />
            <string />
        </key>
        <key name="ALMOND_MILK_NAME">
            <string />
            <string />
            <string>아몬드 밀크</string>
            <string />
            <string />
            <string />
            <string />
            <string />
        </key>
        <key name="ALMOND_MILK_DESCRIPTION">
            <string />
            <string />
            <string>공격력 감소 + 공격 속도 증가 + 고소한 느낌</string>
            <string />
            <string />
            <string />
            <string />
            <string />
        </key>
        <key name="ROCK_BOTTOM_NAME">
            <string />
            <string />
            <string>밑바닥</string>
            <string />
            <string />
            <string />
            <string />
            <string />
        </key>
        <key name="ROCK_BOTTOM_DESCRIPTION">
            <string />
            <string />
            <string>이제 올라갈 일만 남았어</string>
            <string />
            <string />
            <string />
            <string />
            <string />
        </key>
        <key name="NANCY_BOMBS_NAME">
            <string />
            <string />
            <string>낸시 폭탄</string>
            <string />
            <string />
            <string />
            <string />
            <string />
        </key>
        <key name="NANCY_BOMBS_DESCRIPTION">
            <string />
            <string />
            <string>무작위 폭발 + 폭탄 5개</string>
            <string />
            <string />
            <string />
            <string />
            <string />
        </key>
        <key name="A_BAR_OF_SOAP_NAME">
            <string />
            <string />
            <string>비누 한 덩이</string>
            <string />
            <string />
            <string />
            <string />
            <string />
        </key>
        <key name="A_BAR_OF_SOAP_DESCRIPTION">
            <string />
            <string />
            <string>공격 속도 + 투사체 속도 증가</string>
            <string />
            <string />
            <string />
            <string />
            <string />
        </key>
        <key name="BLOOD_PUPPY_NAME">
            <string />
            <string />
            <string>핏덩이 강아지</string>
            <string />
            <string />
            <string />
            <string />
            <string />
        </key>
        <key name="BLOOD_PUPPY_DESCRIPTION">
            <string />
            <string />
            <string>이렇게 귀여울 수가!</string>
            <string />
            <string />
            <string />
            <string />
            <string />
        </key>
        <key name="DREAM_CATCHER_NAME">
            <string />
            <string />
            <string>악몽 그물</string>
            <string />
            <string />
            <string />
            <string />
            <string />
        </key>
        <key name="DREAM_CATCHER_DESCRIPTION">
            <string />
            <string />
            <string>좋은 꿈 꾸세요</string>
            <string />
            <string />
            <string />
            <string />
            <string />
        </key>
        <key name="PASCHAL_CANDLE_NAME">
            <string />
            <string />
            <string>부활초</string>
            <string />
            <string />
            <string />
            <string />
            <string />
        </key>
        <key name="PASCHAL_CANDLE_DESCRIPTION">
            <string />
            <string />
            <string>불꽃을 계속 태워라</string>
            <string />
            <string />
            <string />
            <string />
            <string />
        </key>
        <key name="DIVINE_INTERVENTION_NAME">
            <string />
            <string />
            <string>신의 개입</string>
            <string />
            <string />
            <string />
            <string />
            <string />
        </key>
        <key name="DIVINE_INTERVENTION_DESCRIPTION">
            <string />
            <string />
            <string>두 번 눌러 보호막 소환</string>
            <string />
            <string />
            <string />
            <string />
            <string />
        </key>
        <key name="BLOOD_OATH_NAME">
            <string />
            <string />
            <string>피의 맹세</string>
            <string />
            <string />
            <string />
            <string />
            <string />
        </key>
        <key name="BLOOD_OATH_DESCRIPTION">
            <string />
            <string />
            <string>이 몸의 피가 다 마를 때까지</string>
            <string />
            <string />
            <string />
            <string />
            <string />
        </key>
        <key name="PLAYDOUGH_COOKIE_NAME">
            <string />
            <string />
            <string>찰흙 쿠키</string>
            <string />
            <string />
            <string />
            <string />
            <string />
        </key>
        <key name="PLAYDOUGH_COOKIE_DESCRIPTION">
            <string />
            <string />
            <string>무지개 맛이 나</string>
            <string />
            <string />
            <string />
            <string />
            <string />
        </key>
        <key name="ORPHAN_SOCKS_NAME">
            <string />
            <string />
            <string>짝짝이 양말</string>
            <string />
            <string />
            <string />
            <string />
            <string />
        </key>
        <key name="ORPHAN_SOCKS_DESCRIPTION">
            <string />
            <string />
            <string>이동 속도 증가 + 발바닥이 강해진 느낌</string>
            <string />
            <string />
            <string />
            <string />
            <string />
        </key>
        <key name="EYE_OF_THE_OCCULT_NAME">
            <string />
            <string />
            <string>오컬트의 눈</string>
            <string />
            <string />
            <string />
            <string />
            <string />
        </key>
        <key name="EYE_OF_THE_OCCULT_DESCRIPTION">
            <string />
            <string />
            <string>공격력 + 사거리 증가 + 조종되는 눈물</string>
            <string />
            <string />
            <string />
            <string />
            <string />
        </key>
        <key name="IMMACULATE_HEART_NAME">
            <string />
            <string />
            <string>원죄없는 심장</string>
            <string />
            <string />
            <string />
            <string />
            <string />
        </key>
        <key name="IMMACULATE_HEART_DESCRIPTION">
            <string />
            <string />
            <string>눈물의 후광</string>
            <string />
            <string />
            <string />
            <string />
            <string />
        </key>
        <key name="MONSTRANCE_NAME">
            <string />
            <string />
            <string>성광</string>
            <string />
            <string />
            <string />
            <string />
            <string />
        </key>
        <key name="MONSTRANCE_DESCRIPTION">
            <string />
            <string />
            <string>정화의 빛</string>
            <string />
            <string />
            <string />
            <string />
            <string />
        </key>
        <key name="THE_INTRUDER_NAME">
            <string />
            <string />
            <string>침입자</string>
            <string />
            <string />
            <string />
            <string />
            <string />
        </key>
        <key name="THE_INTRUDER_DESCRIPTION">
            <string />
            <string />
            <string>침입한 친구</string>
            <string />
            <string />
            <string />
            <string />
            <string />
        </key>
        <key name="DIRTY_MIND_NAME">
            <string />
            <string />
            <string>더러운 마음</string>
            <string />
            <string />
            <string />
            <string />
            <string />
        </key>
        <key name="DIRTY_MIND_DESCRIPTION">
            <string />
            <string />
            <string>드러운 친구들</string>
            <string />
            <string />
            <string />
            <string />
            <string />
        </key>
        <key name="DAMOCLES_NAME">
            <string />
            <string />
            <string>다모클레스</string>
            <string />
            <string />
            <string />
            <string />
            <string />
        </key>
        <key name="DAMOCLES_DESCRIPTION">
            <string />
            <string />
            <string>왕의 재보를 얻었지만... 그 대가는?</string>
            <string />
            <string />
            <string />
            <string />
            <string />
        </key>
        <key name="FREE_LEMONADE_NAME">
            <string />
            <string />
            <string>공짜 레모네이드</string>
            <string />
            <string />
            <string />
            <string />
            <string />
        </key>
        <key name="FREE_LEMONADE_DESCRIPTION">
            <string />
            <string />
            <string>파티 타임!</string>
            <string />
            <string />
            <string />
            <string />
            <string />
        </key>
        <key name="SPIRIT_SWORD_NAME">
            <string />
            <string />
            <string>영혼검</string>
            <string />
            <string />
            <string />
            <string />
            <string />
        </key>
        <key name="SPIRIT_SWORD_DESCRIPTION">
            <string />
            <string />
            <string>신성한 칼날</string>
            <string />
            <string />
            <string />
            <string />
            <string />
        </key>
        <key name="RED_KEY_NAME">
            <string />
            <string />
            <string>붉은 열쇠</string>
            <string />
            <string />
            <string />
            <string />
            <string />
        </key>
        <key name="RED_KEY_DESCRIPTION">
            <string />
            <string />
            <string>저 너머로의 여행</string>
            <string />
            <string />
            <string />
            <string />
            <string />
        </key>
        <key name="PSY_FLY_NAME">
            <string />
            <string />
            <string>심령 파리</string>
            <string />
            <string />
            <string />
            <string />
            <string />
        </key>
        <key name="PSY_FLY_DESCRIPTION">
            <string />
            <string />
            <string>화려한 보호자</string>
            <string />
            <string />
            <string />
            <string />
            <string />
        </key>
        <key name="WAVY_CAP_NAME">
            <string />
            <string />
            <string>어지러운 버섯</string>
            <string />
            <string />
            <string />
            <string />
            <string />
        </key>
        <key name="WAVY_CAP_DESCRIPTION">
            <string />
            <string />
            <string>공격 속도 증가. 이제껏 경험한 적 없는 감각!</string>
            <string />
            <string />
            <string />
            <string />
            <string />
        </key>
        <key name="ROCKET_IN_A_JAR_NAME">
            <string />
            <string />
            <string>병 속의 로켓</string>
            <string />
            <string />
            <string />
            <string />
            <string />
        </key>
        <key name="ROCKET_IN_A_JAR_DESCRIPTION">
            <string />
            <string />
            <string>로켓 발사 + 폭탄 5개</string>
            <string />
            <string />
            <string />
            <string />
            <string />
        </key>
        <key name="BOOK_OF_VIRTUES_NAME">
            <string />
            <string />
            <string>미덕의 서</string>
            <string />
            <string />
            <string />
            <string />
            <string />
        </key>
        <key name="BOOK_OF_VIRTUES_DESCRIPTION">
            <string />
            <string />
            <string>영혼의 동반자</string>
            <string />
            <string />
            <string />
            <string />
            <string />
        </key>
        <key name="ALABASTER_BOX_NAME">
            <string />
            <string />
            <string>옥합</string>
            <string />
            <string />
            <string />
            <string />
            <string />
        </key>
        <key name="ALABASTER_BOX_DESCRIPTION">
            <string />
            <string />
            <string>성스러운 제물</string>
            <string />
            <string />
            <string />
            <string />
            <string />
        </key>
        <key name="THE_STAIRWAY_NAME">
            <string />
            <string />
            <string>천국의 계단</string>
            <string />
            <string />
            <string />
            <string />
            <string />
        </key>
        <key name="THE_STAIRWAY_DESCRIPTION">
            <string />
            <string />
            <string>원하던 것을 얻을 수 있기를</string>
            <string />
            <string />
            <string />
            <string />
            <string />
        </key>
        <key name="SOL_NAME">
            <string />
            <string />
            <string>태양</string>
            <string />
            <string />
            <string />
            <string />
            <string />
        </key>
        <key name="SOL_DESCRIPTION">
            <string />
            <string />
            <string>눈부신 승리</string>
            <string />
            <string />
            <string />
            <string />
            <string />
        </key>
        <key name="LUNA_NAME">
            <string />
            <string />
            <string>달</string>
            <string />
            <string />
            <string />
            <string />
            <string />
        </key>
        <key name="LUNA_DESCRIPTION">
            <string />
            <string />
            <string>달의 빛나는 축복을 그대에게</string>
            <string />
            <string />
            <string />
            <string />
            <string />
        </key>
        <key name="MERCURIUS_NAME">
            <string />
            <string />
            <string>수성</string>
            <string />
            <string />
            <string />
            <string />
            <string />
        </key>
        <key name="MERCURIUS_DESCRIPTION">
            <string />
            <string />
            <string>이동 속도 증가 + 교묘한 느낌</string>
            <string />
            <string />
            <string />
            <string />
            <string />
        </key>
        <key name="VENUS_NAME">
            <string />
            <string />
            <string>금성</string>
            <string />
            <string />
            <string />
            <string />
            <string />
        </key>
        <key name="VENUS_DESCRIPTION">
            <string />
            <string />
            <string>체력 증가 + 아름다운 느낌</string>
            <string />
            <string />
            <string />
            <string />
            <string />
        </key>
        <key name="TERRA_NAME">
            <string />
            <string />
            <string>지구</string>
            <string />
            <string />
            <string />
            <string />
            <string />
        </key>
        <key name="TERRA_DESCRIPTION">
            <string />
            <string />
            <string>이 땅에서 태어나</string>
            <string />
            <string />
            <string />
            <string />
            <string />
        </key>
        <key name="MARS_NAME">
            <string />
            <string />
            <string>화성</string>
            <string />
            <string />
            <string />
            <string />
            <string />
        </key>
        <key name="MARS_DESCRIPTION">
            <string />
            <string />
            <string>두 번 눌러 돌진</string>
            <string />
            <string />
            <string />
            <string />
            <string />
        </key>
        <key name="JUPITER_NAME">
            <string />
            <string />
            <string>목성</string>
            <string />
            <string />
            <string />
            <string />
            <string />
        </key>
        <key name="JUPITER_DESCRIPTION">
            <string />
            <string />
            <string>가스 거성이다!</string>
            <string />
            <string />
            <string />
            <string />
            <string />
        </key>
        <key name="SATURNUS_NAME">
            <string />
            <string />
            <string>토성</string>
            <string />
            <string />
            <string />
            <string />
            <string />
        </key>
        <key name="SATURNUS_DESCRIPTION">
            <string />
            <string />
            <string>눈물의 고리</string>
            <string />
            <string />
            <string />
            <string />
            <string />
        </key>
        <key name="URANUS_NAME">
            <string />
            <string />
            <string>천왕성</string>
            <string />
            <string />
            <string />
            <string />
            <string />
        </key>
        <key name="URANUS_DESCRIPTION">
            <string />
            <string />
            <string>얼음 눈물</string>
            <string />
            <string />
            <string />
            <string />
            <string />
        </key>
        <key name="NEPTUNUS_NAME">
            <string />
            <string />
            <string>해왕성</string>
            <string />
            <string />
            <string />
            <string />
            <string />
        </key>
        <key name="NEPTUNUS_DESCRIPTION">
            <string />
            <string />
            <string>수문을 열어라</string>
            <string />
            <string />
            <string />
            <string />
            <string />
        </key>
        <key name="PLUTO_NAME">
            <string />
            <string />
            <string>명왕성</string>
            <string />
            <string />
            <string />
            <string />
            <string />
        </key>
        <key name="PLUTO_DESCRIPTION">
            <string />
            <string />
            <string>크기 감소</string>
            <string />
            <string />
            <string />
            <string />
            <string />
        </key>
        <key name="VOODOO_HEAD_NAME">
            <string />
            <string />
            <string>부두 머리</string>
            <string />
            <string />
            <string />
            <string />
            <string />
        </key>
        <key name="VOODOO_HEAD_DESCRIPTION">
            <string />
            <string />
            <string>추가 저주방</string>
            <string />
            <string />
            <string />
            <string />
            <string />
        </key>
        <key name="EYE_DROPS_NAME">
            <string />
            <string />
            <string>안약</string>
            <string />
            <string />
            <string />
            <string />
            <string />
        </key>
        <key name="EYE_DROPS_DESCRIPTION">
            <string />
            <string />
            <string>공격 속도 증가</string>
            <string />
            <string />
            <string />
            <string />
            <string />
        </key>
        <key name="ACT_OF_CONTRITION_NAME">
            <string />
            <string />
            <string>참회의 기도</string>
            <string />
            <string />
            <string />
            <string />
            <string />
        </key>
        <key name="ACT_OF_CONTRITION_DESCRIPTION">
            <string />
            <string />
            <string>공격 속도 증가. 용서받은 느낌</string>
            <string />
            <string />
            <string />
            <string />
            <string />
        </key>
        <key name="MEMBER_CARD_NAME">
            <string />
            <string />
            <string>멤버십 카드</string>
            <string />
            <string />
            <string />
            <string />
            <string />
        </key>
        <key name="MEMBER_CARD_DESCRIPTION">
            <string />
            <string />
            <string>회원 한정 특권!</string>
            <string />
            <string />
            <string />
            <string />
            <string />
        </key>
        <key name="BATTERY_PACK_NAME">
            <string />
            <string />
            <string>배터리 팩</string>
            <string />
            <string />
            <string />
            <string />
            <string />
        </key>
        <key name="BATTERY_PACK_DESCRIPTION">
            <string />
            <string />
            <string>즉석 에너지!</string>
            <string />
            <string />
            <string />
            <string />
            <string />
        </key>
        <key name="MOMS_BRACELET_NAME">
            <string />
            <string />
            <string>엄마의 팔찌</string>
            <string />
            <string />
            <string />
            <string />
            <string />
        </key>
        <key name="MOMS_BRACELET_DESCRIPTION">
            <string />
            <string />
            <string>어머니의 힘</string>
            <string />
            <string />
            <string />
            <string />
            <string />
        </key>
        <key name="THE_SCOOPER_NAME">
            <string />
            <string />
            <string>스쿱</string>
            <string />
            <string />
            <string />
            <string />
            <string />
        </key>
        <key name="THE_SCOOPER_DESCRIPTION">
            <string />
            <string />
            <string>뽁!</string>
            <string />
            <string />
            <string />
            <string />
            <string />
        </key>
        <key name="OCULAR_RIFT_NAME">
            <string />
            <string />
            <string>오큘러 리프트</string>
            <string />
            <string />
            <string />
            <string />
            <string />
        </key>
        <key name="OCULAR_RIFT_DESCRIPTION">
            <string />
            <string />
            <string>심연을 들여다보라</string>
            <string />
            <string />
            <string />
            <string />
            <string />
        </key>
        <key name="BOILED_BABY_NAME">
            <string />
            <string />
            <string>물집 아기</string>
            <string />
            <string />
            <string />
            <string />
            <string />
        </key>
        <key name="BOILED_BABY_DESCRIPTION">
            <string />
            <string />
            <string>지저분한 친구</string>
            <string />
            <string />
            <string />
            <string />
            <string />
        </key>
        <key name="FREEZER_BABY_NAME">
            <string />
            <string />
            <string>얼리는 아기</string>
            <string />
            <string />
            <string />
            <string />
            <string />
        </key>
        <key name="FREEZER_BABY_DESCRIPTION">
            <string />
            <string />
            <string>손이 꽁꽁꽁 발이 꽁꽁꽁</string>
            <string />
            <string />
            <string />
            <string />
            <string />
        </key>
        <key name="ETERNAL_D6_NAME">
            <string />
            <string />
            <string>영원한 주사위</string>
            <string />
            <string />
            <string />
            <string />
            <string />
        </key>
        <key name="ETERNAL_D6_DESCRIPTION">
            <string />
            <string />
            <string>???</string>
            <string />
            <string />
            <string />
            <string />
            <string />
        </key>
        <key name="BIRD_CAGE_NAME">
            <string />
            <string />
            <string>새장</string>
            <string />
            <string />
            <string />
            <string />
            <string />
        </key>
        <key name="BIRD_CAGE_DESCRIPTION">
            <string />
            <string />
            <string>뚱뚱한 친구</string>
            <string />
            <string />
            <string />
            <string />
            <string />
        </key>
        <key name="LARYNX_NAME">
            <string />
            <string />
            <string>후두</string>
            <string />
            <string />
            <string />
            <string />
            <string />
        </key>
        <key name="LARYNX_DESCRIPTION">
            <string />
            <string />
            <string>나의 고통을 들어라</string>
            <string />
            <string />
            <string />
            <string />
            <string />
        </key>
        <key name="LOST_SOUL_NAME">
            <string />
            <string />
            <string>잃어버린 영혼</string>
            <string />
            <string />
            <string />
            <string />
            <string />
        </key>
        <key name="LOST_SOUL_DESCRIPTION">
            <string />
            <string />
            <string>잘 지켜줘야 해</string>
            <string />
            <string />
            <string />
            <string />
            <string />
        </key>
        <key name="BLOOD_BOMBS_NAME">
            <string />
            <string />
            <string>혈액 폭탄</string>
            <string />
            <string />
            <string />
            <string />
            <string />
        </key>
        <key name="BLOOD_BOMBS_DESCRIPTION">
            <string />
            <string />
            <string>피투성이 폭발 + 체력 증가</string>
            <string />
            <string />
            <string />
            <string />
            <string />
        </key>
        <key name="LIL_DUMPY_NAME">
            <string />
            <string />
            <string>꼬마 덤피</string>
            <string />
            <string />
            <string />
            <string />
            <string />
        </key>
        <key name="LIL_DUMPY_DESCRIPTION">
            <string />
            <string />
            <string>푹신한 친구</string>
            <string />
            <string />
            <string />
            <string />
            <string />
        </key>
        <key name="BIRDS_EYE_NAME">
            <string />
            <string />
            <string>새눈고추</string>
            <string />
            <string />
            <string />
            <string />
            <string />
        </key>
        <key name="BIRDS_EYE_DESCRIPTION">
            <string />
            <string />
            <string>화끈하네</string>
            <string />
            <string />
            <string />
            <string />
            <string />
        </key>
        <key name="LODESTONE_NAME">
            <string />
            <string />
            <string>자철석</string>
            <string />
            <string />
            <string />
            <string />
            <string />
        </key>
        <key name="LODESTONE_DESCRIPTION">
            <string />
            <string />
            <string>들러 붙는 눈물</string>
            <string />
            <string />
            <string />
            <string />
            <string />
        </key>
        <key name="ROTTEN_TOMATO_NAME">
            <string />
            <string />
            <string>썩은 토마토</string>
            <string />
            <string />
            <string />
            <string />
            <string />
        </key>
        <key name="ROTTEN_TOMATO_DESCRIPTION">
            <string />
            <string />
            <string>맛있어!</string>
            <string />
            <string />
            <string />
            <string />
            <string />
        </key>
        <key name="BIRTHRIGHT_NAME">
            <string />
            <string />
            <string>생득권</string>
            <string />
            <string />
            <string />
            <string />
            <string />
        </key>
        <key name="BIRTHRIGHT_DESCRIPTION">
            <string />
            <string />
            <string>???</string>
            <string />
            <string />
            <string />
            <string />
            <string />
        </key>
        <key name="RED_STEW_NAME">
            <string />
            <string />
            <string>붉은 스튜</string>
            <string />
            <string />
            <string />
            <string />
            <string />
        </key>
        <key name="RED_STEW_DESCRIPTION">
            <string />
            <string />
            <string>체력 전체 회복 + 일시적 공격력 증가</string>
            <string />
            <string />
            <string />
            <string />
            <string />
        </key>
        <key name="GENESIS_NAME">
            <string />
            <string />
            <string>창세기</string>
            <string />
            <string />
            <string />
            <string />
            <string />
        </key>
        <key name="GENESIS_DESCRIPTION">
            <string />
            <string />
            <string>태초에 하나님이</string>
            <string />
            <string />
            <string />
            <string />
            <string />
        </key>
        <key name="SHARP_KEY_NAME">
            <string />
            <string />
            <string>날카로운 열쇠</string>
            <string />
            <string />
            <string />
            <string />
            <string />
        </key>
        <key name="SHARP_KEY_DESCRIPTION">
            <string />
            <string />
            <string>적들을 따버려라</string>
            <string />
            <string />
            <string />
            <string />
            <string />
        </key>
        <key name="BOOSTER_PACK_NAME">
            <string />
            <string />
            <string>부스터 팩</string>
            <string />
            <string />
            <string />
            <string />
            <string />
        </key>
        <key name="BOOSTER_PACK_DESCRIPTION">
            <string />
            <string />
            <string>전부 다 모아야지!</string>
            <string />
            <string />
            <string />
            <string />
            <string />
        </key>
        <key name="MEGA_MUSH_NAME">
            <string />
            <string />
            <string>대왕 버섯</string>
            <string />
            <string />
            <string />
            <string />
            <string />
        </key>
        <key name="MEGA_MUSH_DESCRIPTION">
            <string />
            <string />
            <string>나도 이제 큰 형아야!</string>
            <string />
            <string />
            <string />
            <string />
            <string />
        </key>
        <key name="KNIFE_PIECE_1_NAME">
            <string />
            <string />
            <string>칼 조각 1</string>
            <string />
            <string />
            <string />
            <string />
            <string />
        </key>
        <key name="KNIFE_PIECE_1_DESCRIPTION">
            <string />
            <string />
            <string>???</string>
            <string />
            <string />
            <string />
            <string />
            <string />
        </key>
        <key name="KNIFE_PIECE_2_NAME">
            <string />
            <string />
            <string>칼 조각 2</string>
            <string />
            <string />
            <string />
            <string />
            <string />
        </key>
        <key name="KNIFE_PIECE_2_DESCRIPTION">
            <string />
            <string />
            <string>???</string>
            <string />
            <string />
            <string />
            <string />
            <string />
        </key>
        <key name="DEATH_CERTIFICATE_NAME">
            <string />
            <string />
            <string>사망 증명서</string>
            <string />
            <string />
            <string />
            <string />
            <string />
        </key>
        <key name="DEATH_CERTIFICATE_DESCRIPTION">
            <string />
            <string />
            <string>나는 어디에?</string>
            <string />
            <string />
            <string />
            <string />
            <string />
        </key>
        <key name="BOT_FLY_NAME">
            <string />
            <string />
            <string>로봇 파리</string>
            <string />
            <string />
            <string />
            <string />
            <string />
        </key>
        <key name="BOT_FLY_DESCRIPTION">
            <string />
            <string />
            <string>방어형 드론</string>
            <string />
            <string />
            <string />
            <string />
            <string />
        </key>
        <key name="MEAT_CLEAVER_NAME">
            <string />
            <string />
            <string>푸주칼</string>
            <string />
            <string />
            <string />
            <string />
            <string />
        </key>
        <key name="MEAT_CLEAVER_DESCRIPTION">
            <string />
            <string />
            <string>적당히 토막내자</string>
            <string />
            <string />
            <string />
            <string />
            <string />
        </key>
        <key name="EVIL_CHARM_NAME">
            <string />
            <string />
            <string>사악한 부적</string>
            <string />
            <string />
            <string />
            <string />
            <string />
        </key>
        <key name="EVIL_CHARM_DESCRIPTION">
            <string />
            <string />
            <string>행운 증가 + 보호받는 느낌</string>
            <string />
            <string />
            <string />
            <string />
            <string />
        </key>
        <key name="DOGMA_NAME">
            <string />
            <string />
            <string>도그마</string>
            <string />
            <string />
            <string />
            <string />
            <string />
        </key>
        <key name="DOGMA_DESCRIPTION">
            <string />
            <string />
            <string>승천</string>
            <string />
            <string />
            <string />
            <string />
            <string />
        </key>
        <key name="PURGATORY_NAME">
            <string />
            <string />
            <string>연옥</string>
            <string />
            <string />
            <string />
            <string />
            <string />
        </key>
        <key name="PURGATORY_DESCRIPTION">
            <string />
            <string />
            <string>저 너머의 도움</string>
            <string />
            <string />
            <string />
            <string />
            <string />
        </key>
        <key name="STITCHES_NAME">
            <string />
            <string />
            <string>봉제인형</string>
            <string />
            <string />
            <string />
            <string />
            <string />
        </key>
        <key name="STITCHES_DESCRIPTION">
            <string />
            <string />
            <string>유인하고 바꿔치기</string>
            <string />
            <string />
            <string />
            <string />
            <string />
        </key>
        <key name="R_KEY_NAME">
            <string />
            <string />
            <string>R키</string>
            <string />
            <string />
            <string />
            <string />
            <string />
        </key>
        <key name="R_KEY_DESCRIPTION">
            <string />
            <string />
            <string>다시 시작할 시간</string>
            <string />
            <string />
            <string />
            <string />
            <string />
        </key>
        <key name="KNOCKOUT_DROPS_NAME">
            <string />
            <string />
            <string>KO 물약</string>
            <string />
            <string />
            <string />
            <string />
            <string />
        </key>
        <key name="KNOCKOUT_DROPS_DESCRIPTION">
            <string />
            <string />
            <string>펀치 한 방울!</string>
            <string />
            <string />
            <string />
            <string />
            <string />
        </key>
        <key name="ERASER_NAME">
            <string />
            <string />
            <string>지우개</string>
            <string />
            <string />
            <string />
            <string />
            <string />
        </key>
        <key name="ERASER_DESCRIPTION">
            <string />
            <string />
            <string>적을 지워버리자</string>
            <string />
            <string />
            <string />
            <string />
            <string />
        </key>
        <key name="YUCK_HEART_NAME">
            <string />
            <string />
            <string>역겨운 심장</string>
            <string />
            <string />
            <string />
            <string />
            <string />
        </key>
        <key name="YUCK_HEART_DESCRIPTION">
            <string />
            <string />
            <string>토 나와!</string>
            <string />
            <string />
            <string />
            <string />
            <string />
        </key>
        <key name="URN_OF_SOULS_NAME">
            <string />
            <string />
            <string>영혼의 단지</string>
            <string />
            <string />
            <string />
            <string />
            <string />
        </key>
        <key name="URN_OF_SOULS_DESCRIPTION">
            <string />
            <string />
            <string>슬픔을 풀어라</string>
            <string />
            <string />
            <string />
            <string />
            <string />
        </key>
        <key name="AKELDAMA_NAME">
            <string />
            <string />
            <string>아겔다마</string>
            <string />
            <string />
            <string />
            <string />
            <string />
        </key>
        <key name="AKELDAMA_DESCRIPTION">
            <string />
            <string />
            <string>네 속을 쏟아내라</string>
            <string />
            <string />
            <string />
            <string />
            <string />
        </key>
        <key name="MAGIC_SKIN_NAME">
            <string />
            <string />
            <string>마법의 피부</string>
            <string />
            <string />
            <string />
            <string />
            <string />
        </key>
        <key name="MAGIC_SKIN_DESCRIPTION">
            <string />
            <string />
            <string>모든 욕망이 채워졌다</string>
            <string />
            <string />
            <string />
            <string />
            <string />
        </key>
        <key name="REVELATION_NAME">
            <string />
            <string />
            <string>계시</string>
            <string />
            <string />
            <string />
            <string />
            <string />
        </key>
        <key name="REVELATION_DESCRIPTION">
            <string />
            <string />
            <string>네 신앙을 깨워라</string>
            <string />
            <string />
            <string />
            <string />
            <string />
        </key>
        <key name="CONSOLATION_PRIZE_NAME">
            <string />
            <string />
            <string>위로상</string>
            <string />
            <string />
            <string />
            <string />
            <string />
        </key>
        <key name="CONSOLATION_PRIZE_DESCRIPTION">
            <string />
            <string />
            <string>가장 낮은 능력치 +1</string>
            <string />
            <string />
            <string />
            <string />
            <string />
        </key>
        <key name="TINYTOMA_NAME">
            <string />
            <string />
            <string>타이니토마</string>
            <string />
            <string />
            <string />
            <string />
            <string />
        </key>
        <key name="TINYTOMA_DESCRIPTION">
            <string />
            <string />
            <string>근질거리는 복수심</string>
            <string />
            <string />
            <string />
            <string />
            <string />
        </key>
        <key name="BRIMSTONE_BOMBS_NAME">
            <string />
            <string />
            <string>유황 폭탄</string>
            <string />
            <string />
            <string />
            <string />
            <string />
        </key>
        <key name="BRIMSTONE_BOMBS_DESCRIPTION">
            <string />
            <string />
            <string>악마 폭발 + 폭탄 5개</string>
            <string />
            <string />
            <string />
            <string />
            <string />
        </key>
        <key name="4_5_VOLT_NAME">
            <string />
            <string />
            <string>4.5볼트 배터리</string>
            <string />
            <string />
            <string />
            <string />
            <string />
        </key>
        <key name="4_5_VOLT_DESCRIPTION">
            <string />
            <string />
            <string>즙까지 짜내버려!</string>
            <string />
            <string />
            <string />
            <string />
            <string />
        </key>
        <key name="FRUITY_PLUM_NAME">
            <string />
            <string />
            <string>탱탱한 플럼</string>
            <string />
            <string />
            <string />
            <string />
            <string />
        </key>
        <key name="FRUITY_PLUM_DESCRIPTION">
            <string />
            <string />
            <string>통통 튀는 친구</string>
            <string />
            <string />
            <string />
            <string />
            <string />
        </key>
        <key name="PLUM_FLUTE_NAME">
            <string />
            <string />
            <string>플럼 피리</string>
            <string />
            <string />
            <string />
            <string />
            <string />
        </key>
        <key name="PLUM_FLUTE_DESCRIPTION">
            <string />
            <string />
            <string>노는 시간!</string>
            <string />
            <string />
            <string />
            <string />
            <string />
        </key>
        <key name="STAR_OF_BETHLEHEM_NAME">
            <string />
            <string />
            <string>베들레헴의 별</string>
            <string />
            <string />
            <string />
            <string />
            <string />
        </key>
        <key name="STAR_OF_BETHLEHEM_DESCRIPTION">
            <string />
            <string />
            <string>빛을 따라가라</string>
            <string />
            <string />
            <string />
            <string />
            <string />
        </key>
        <key name="CUBE_BABY_NAME">
            <string />
            <string />
            <string>큐브 아기</string>
            <string />
            <string />
            <string />
            <string />
            <string />
        </key>
        <key name="CUBE_BABY_DESCRIPTION">
            <string />
            <string />
            <string>발로 차!</string>
            <string />
            <string />
            <string />
            <string />
            <string />
        </key>
        <key name="VADE_RETRO_NAME">
            <string />
            <string />
            <string>사탄아 물러가라</string>
            <string />
            <string />
            <string />
            <string />
            <string />
        </key>
        <key name="VADE_RETRO_DESCRIPTION">
            <string />
            <string />
            <string>썩 꺼져라!</string>
            <string />
            <string />
            <string />
            <string />
            <string />
        </key>
        <key name="FALSE_PHD_NAME">
            <string />
            <string />
            <string>위조 박사학위</string>
            <string />
            <string />
            <string />
            <string />
            <string />
        </key>
        <key name="FALSE_PHD_DESCRIPTION">
            <string />
            <string />
            <string>더 나쁜 알약들 + 악함 증가</string>
            <string />
            <string />
            <string />
            <string />
            <string />
        </key>
        <key name="SPIN_TO_WIN_NAME">
            <string />
            <string />
            <string>룰렛 팽이</string>
            <string />
            <string />
            <string />
            <string />
            <string />
        </key>
        <key name="SPIN_TO_WIN_DESCRIPTION">
            <string />
            <string />
            <string>고 슛!</string>
            <string />
            <string />
            <string />
            <string />
            <string />
        </key>
        <key name="VASCULITIS_NAME">
            <string />
            <string />
            <string>혈관염</string>
            <string />
            <string />
            <string />
            <string />
            <string />
        </key>
        <key name="VASCULITIS_DESCRIPTION">
            <string />
            <string />
            <string>꽉 막힌 적들</string>
            <string />
            <string />
            <string />
            <string />
            <string />
        </key>
        <key name="GIANT_CELL_NAME">
            <string />
            <string />
            <string>거대한 세포</string>
            <string />
            <string />
            <string />
            <string />
            <string />
        </key>
        <key name="GIANT_CELL_DESCRIPTION">
            <string />
            <string />
            <string>미세한 친구들</string>
            <string />
            <string />
            <string />
            <string />
            <string />
        </key>
        <key name="TROPICAMIDE_NAME">
            <string />
            <string />
            <string>산동제</string>
            <string />
            <string />
            <string />
            <string />
            <string />
        </key>
        <key name="TROPICAMIDE_DESCRIPTION">
            <string />
            <string />
            <string>눈물 크기 + 사거리 증가</string>
            <string />
            <string />
            <string />
            <string />
            <string />
        </key>
        <key name="CARD_READING_NAME">
            <string />
            <string />
            <string>카드점</string>
            <string />
            <string />
            <string />
            <string />
            <string />
        </key>
        <key name="CARD_READING_DESCRIPTION">
            <string />
            <string />
            <string>미래로의 길</string>
            <string />
            <string />
            <string />
            <string />
            <string />
        </key>
        <key name="QUINTS_NAME">
            <string />
            <string />
            <string>다섯 쌍둥이</string>
            <string />
            <string />
            <string />
            <string />
            <string />
        </key>
        <key name="QUINTS_DESCRIPTION">
            <string />
            <string />
            <string>속에 도사린 것들</string>
            <string />
            <string />
            <string />
            <string />
            <string />
        </key>
        <key name="TOOTH_AND_NAIL_NAME">
            <string />
            <string />
            <string>이빨과 손톱</string>
            <string />
            <string />
            <string />
            <string />
            <string />
        </key>
        <key name="TOOTH_AND_NAIL_DESCRIPTION">
            <string />
            <string />
            <string>날이 선 느낌</string>
            <string />
            <string />
            <string />
            <string />
            <string />
        </key>
        <key name="BINGE_EATER_NAME">
            <string />
            <string />
            <string>폭식가</string>
            <string />
            <string />
            <string />
            <string />
            <string />
        </key>
        <key name="BINGE_EATER_DESCRIPTION">
            <string />
            <string />
            <string>무한으로 즐겨요</string>
            <string />
            <string />
            <string />
            <string />
            <string />
        </key>
        <key name="GUPPYS_EYE_NAME">
            <string />
            <string />
            <string>구피의 눈</string>
            <string />
            <string />
            <string />
            <string />
            <string />
        </key>
        <key name="GUPPYS_EYE_DESCRIPTION">
            <string />
            <string />
            <string>비밀을 보는 눈</string>
            <string />
            <string />
            <string />
            <string />
            <string />
        </key>
        <key name="STRAWMAN_NAME">
            <string />
            <string />
            <string>밀짚인형</string>
            <string />
            <string />
            <string />
            <string />
            <string />
        </key>
        <key name="STRAWMAN_DESCRIPTION">
            <string />
            <string />
            <string>도움의 손길</string>
            <string />
            <string />
            <string />
            <string />
            <string />
        </key>
        <key name="DADS_NOTE_NAME">
            <string />
            <string />
            <string>아빠의 쪽지</string>
            <string />
            <string />
            <string />
            <string />
            <string />
        </key>
        <key name="DADS_NOTE_DESCRIPTION">
            <string />
            <string />
            <string>...</string>
            <string />
            <string />
            <string />
            <string />
            <string />
        </key>
        <key name="SAUSAGE_NAME">
            <string />
            <string />
            <string>소시지</string>
            <string />
            <string />
            <string />
            <string />
            <string />
        </key>
        <key name="SAUSAGE_DESCRIPTION">
            <string />
            <string />
            <string>모든 능력치 증가</string>
            <string />
            <string />
            <string />
            <string />
            <string />
        </key>
        <key name="OPTIONS_NAME">
            <string />
            <string />
            <string>선택권?</string>
            <string />
            <string />
            <string />
            <string />
            <string />
        </key>
        <key name="OPTIONS_DESCRIPTION">
            <string />
            <string />
            <string>선택지가 있을지도</string>
            <string />
            <string />
            <string />
            <string />
            <string />
        </key>
        <key name="CANDY_HEART_NAME">
            <string />
            <string />
            <string>사탕 심장</string>
            <string />
            <string />
            <string />
            <string />
            <string />
        </key>
        <key name="CANDY_HEART_DESCRIPTION">
            <string />
            <string />
            <string>사랑의 힘</string>
            <string />
            <string />
            <string />
            <string />
            <string />
        </key>
        <key name="A_POUND_OF_FLESH_NAME">
            <string />
            <string />
            <string>살점 1파운드</string>
            <string />
            <string />
            <string />
            <string />
            <string />
        </key>
        <key name="A_POUND_OF_FLESH_DESCRIPTION">
            <string />
            <string />
            <string>피로 물든 돈</string>
            <string />
            <string />
            <string />
            <string />
            <string />
        </key>
        <key name="REDEMPTION_NAME">
            <string />
            <string />
            <string>회개</string>
            <string />
            <string />
            <string />
            <string />
            <string />
        </key>
        <key name="REDEMPTION_DESCRIPTION">
            <string />
            <string />
            <string>악으로부터 구해 주소서</string>
            <string />
            <string />
            <string />
            <string />
            <string />
        </key>
        <key name="SPIRIT_SHACKLES_NAME">
            <string />
            <string />
            <string>영혼 족쇄</string>
            <string />
            <string />
            <string />
            <string />
            <string />
        </key>
        <key name="SPIRIT_SHACKLES_DESCRIPTION">
            <string />
            <string />
            <string>끝나지 않은 일</string>
            <string />
            <string />
            <string />
            <string />
            <string />
        </key>
        <key name="CRACKED_ORB_NAME">
            <string />
            <string />
            <string>깨진 오브</string>
            <string />
            <string />
            <string />
            <string />
            <string />
        </key>
        <key name="CRACKED_ORB_DESCRIPTION">
            <string />
            <string />
            <string>지식의 파편</string>
            <string />
            <string />
            <string />
            <string />
            <string />
        </key>
        <key name="EMPTY_HEART_NAME">
            <string />
            <string />
            <string>빈 심장</string>
            <string />
            <string />
            <string />
            <string />
            <string />
        </key>
        <key name="EMPTY_HEART_DESCRIPTION">
            <string />
            <string />
            <string>증식</string>
            <string />
            <string />
            <string />
            <string />
            <string />
        </key>
        <key name="ASTRAL_PROJECTION_NAME">
            <string />
            <string />
            <string>유체 이탈</string>
            <string />
            <string />
            <string />
            <string />
            <string />
        </key>
        <key name="ASTRAL_PROJECTION_DESCRIPTION">
            <string />
            <string />
            <string>진정한 근사 체험!</string>
            <string />
            <string />
            <string />
            <string />
            <string />
        </key>
        <key name="C_SECTION_NAME">
            <string />
            <string />
            <string>제왕절개</string>
            <string />
            <string />
            <string />
            <string />
            <string />
        </key>
        <key name="C_SECTION_DESCRIPTION">
            <string />
            <string />
            <string>태아 공격</string>
            <string />
            <string />
            <string />
            <string />
            <string />
        </key>
        <key name="LIL_ABADDON_NAME">
            <string />
            <string />
            <string>꼬마 아바돈</string>
            <string />
            <string />
            <string />
            <string />
            <string />
        </key>
        <key name="LIL_ABADDON_DESCRIPTION">
            <string />
            <string />
            <string>무저갱에서 온 친구</string>
            <string />
            <string />
            <string />
            <string />
            <string />
        </key>
        <key name="MONTEZUMAS_REVENGE_NAME">
            <string />
            <string />
            <string>몬테수마의 복수</string>
            <string />
            <string />
            <string />
            <string />
            <string />
        </key>
        <key name="MONTEZUMAS_REVENGE_DESCRIPTION">
            <string />
            <string />
            <string>뱃속이 이상해...</string>
            <string />
            <string />
            <string />
            <string />
            <string />
        </key>
        <key name="LIL_PORTAL_NAME">
            <string />
            <string />
            <string>꼬마 포탈</string>
            <string />
            <string />
            <string />
            <string />
            <string />
        </key>
        <key name="LIL_PORTAL_DESCRIPTION">
            <string />
            <string />
            <string>굶주림</string>
            <string />
            <string />
            <string />
            <string />
            <string />
        </key>
        <key name="WORM_FRIEND_NAME">
            <string />
            <string />
            <string>지렁이 친구</string>
            <string />
            <string />
            <string />
            <string />
            <string />
        </key>
        <key name="WORM_FRIEND_DESCRIPTION">
            <string />
            <string />
            <string>들러붙는 친구</string>
            <string />
            <string />
            <string />
            <string />
            <string />
        </key>
        <key name="BONE_SPURS_NAME">
            <string />
            <string />
            <string>골극</string>
            <string />
            <string />
            <string />
            <string />
            <string />
        </key>
        <key name="BONE_SPURS_DESCRIPTION">
            <string />
            <string />
            <string>적들을 박살내자</string>
            <string />
            <string />
            <string />
            <string />
            <string />
        </key>
        <key name="HUNGRY_SOUL_NAME">
            <string />
            <string />
            <string>배고픈 영혼</string>
            <string />
            <string />
            <string />
            <string />
            <string />
        </key>
        <key name="HUNGRY_SOUL_DESCRIPTION">
            <string />
            <string />
            <string>피를 노린다</string>
            <string />
            <string />
            <string />
            <string />
            <string />
        </key>
        <key name="JAR_OF_WISPS_NAME">
            <string />
            <string />
            <string>위습이 담긴 병</string>
            <string />
            <string />
            <string />
            <string />
            <string />
        </key>
        <key name="JAR_OF_WISPS_DESCRIPTION">
            <string />
            <string />
            <string>신앙이 차오른다</string>
            <string />
            <string />
            <string />
            <string />
            <string />
        </key>
        <key name="SOUL_LOCKET_NAME">
            <string />
            <string />
            <string>영혼 로켓</string>
            <string />
            <string />
            <string />
            <string />
            <string />
        </key>
        <key name="SOUL_LOCKET_DESCRIPTION">
            <string />
            <string />
            <string>신앙의 힘</string>
            <string />
            <string />
            <string />
            <string />
            <string />
        </key>
        <key name="FRIEND_FINDER_NAME">
            <string />
            <string />
            <string>친구 찾기</string>
            <string />
            <string />
            <string />
            <string />
            <string />
        </key>
        <key name="FRIEND_FINDER_DESCRIPTION">
            <string />
            <string />
            <string>영원히 최고의 친구야!</string>
            <string />
            <string />
            <string />
            <string />
            <string />
        </key>
        <key name="INNER_CHILD_NAME">
            <string />
            <string />
            <string>내면의 아이</string>
            <string />
            <string />
            <string />
            <string />
            <string />
        </key>
        <key name="INNER_CHILD_DESCRIPTION">
            <string />
            <string />
            <string>해방시켜라</string>
            <string />
            <string />
            <string />
            <string />
            <string />
        </key>
        <key name="GLITCHED_CROWN_NAME">
            <string />
            <string />
            <string>글리치 왕관</string>
            <string />
            <string />
            <string />
            <string />
            <string />
        </key>
        <key name="GLITCHED_CROWN_DESCRIPTION">
            <string />
            <string />
            <string>?????</string>
            <string />
            <string />
            <string />
            <string />
            <string />
        </key>
        <key name="BELLY_JELLY_NAME">
            <string />
            <string />
            <string>젤리빈</string>
            <string />
            <string />
            <string />
            <string />
            <string />
        </key>
        <key name="BELLY_JELLY_DESCRIPTION">
            <string />
            <string />
            <string>통통 튀어라!</string>
            <string />
            <string />
            <string />
            <string />
            <string />
        </key>
        <key name="SACRED_ORB_NAME">
            <string />
            <string />
            <string>성스러운 오브</string>
            <string />
            <string />
            <string />
            <string />
            <string />
        </key>
        <key name="SACRED_ORB_DESCRIPTION">
            <string />
            <string />
            <string>위대해질 운명이니라</string>
            <string />
            <string />
            <string />
            <string />
            <string />
        </key>
        <key name="SANGUINE_BOND_NAME">
            <string />
            <string />
            <string>피의 결속</string>
            <string />
            <string />
            <string />
            <string />
            <string />
        </key>
        <key name="SANGUINE_BOND_DESCRIPTION">
            <string />
            <string />
            <string>네 제물을 기다리신다</string>
            <string />
            <string />
            <string />
            <string />
            <string />
        </key>
        <key name="THE_SWARM_NAME">
            <string />
            <string />
            <string>군단</string>
            <string />
            <string />
            <string />
            <string />
            <string />
        </key>
        <key name="THE_SWARM_DESCRIPTION">
            <string />
            <string />
            <string>우글우글</string>
            <string />
            <string />
            <string />
            <string />
            <string />
        </key>
        <key name="HEARTBREAK_NAME">
            <string />
            <string />
            <string>심장앓이</string>
            <string />
            <string />
            <string />
            <string />
            <string />
        </key>
        <key name="HEARTBREAK_DESCRIPTION">
            <string />
            <string />
            <string>영원한 슬픔</string>
            <string />
            <string />
            <string />
            <string />
            <string />
        </key>
        <key name="BLOODY_GUST_NAME">
            <string />
            <string />
            <string>피바람</string>
            <string />
            <string />
            <string />
            <string />
            <string />
        </key>
        <key name="BLOODY_GUST_DESCRIPTION">
            <string />
            <string />
            <string>분노가 그대를 재촉하길</string>
            <string />
            <string />
            <string />
            <string />
            <string />
        </key>
        <key name="SALVATION_NAME">
            <string />
            <string />
            <string>구원</string>
            <string />
            <string />
            <string />
            <string />
            <string />
        </key>
        <key name="SALVATION_DESCRIPTION">
            <string />
            <string />
            <string>신의 보호</string>
            <string />
            <string />
            <string />
            <string />
            <string />
        </key>
        <key name="VANISHING_TWIN_NAME">
            <string />
            <string />
            <string>사라진 쌍둥이</string>
            <string />
            <string />
            <string />
            <string />
            <string />
        </key>
        <key name="VANISHING_TWIN_DESCRIPTION">
            <string />
            <string />
            <string>복수를 원한다</string>
            <string />
            <string />
            <string />
            <string />
            <string />
        </key>
        <key name="TWISTED_PAIR_NAME">
            <string />
            <string />
            <string>뒤틀린 한 쌍</string>
            <string />
            <string />
            <string />
            <string />
            <string />
        </key>
        <key name="TWISTED_PAIR_DESCRIPTION">
            <string />
            <string />
            <string>두 배의 시련!</string>
            <string />
            <string />
            <string />
            <string />
            <string />
        </key>
        <key name="AZAZELS_RAGE_NAME">
            <string />
            <string />
            <string>아자젤의 분노</string>
            <string />
            <string />
            <string />
            <string />
            <string />
        </key>
        <key name="AZAZELS_RAGE_DESCRIPTION">
            <string />
            <string />
            <string>고대의 힘</string>
            <string />
            <string />
            <string />
            <string />
            <string />
        </key>
        <key name="ECHO_CHAMBER_NAME">
            <string />
            <string />
            <string>반향 효과</string>
            <string />
            <string />
            <string />
            <string />
            <string />
        </key>
        <key name="ECHO_CHAMBER_DESCRIPTION">
            <string />
            <string />
            <string>미미래래가가 보보인인다다다다다다...</string>
            <string />
            <string />
            <string />
            <string />
            <string />
        </key>
        <key name="ISAACS_TOMB_NAME">
            <string />
            <string />
            <string>아이작의 무덤</string>
            <string />
            <string />
            <string />
            <string />
            <string />
        </key>
        <key name="ISAACS_TOMB_DESCRIPTION">
            <string />
            <string />
            <string>매장된 기억들</string>
            <string />
            <string />
            <string />
            <string />
            <string />
        </key>
        <key name="VENGEFUL_SPIRIT_NAME">
            <string />
            <string />
            <string>복수심의 영혼</string>
            <string />
            <string />
            <string />
            <string />
            <string />
        </key>
        <key name="VENGEFUL_SPIRIT_DESCRIPTION">
            <string />
            <string />
            <string>피가 끓는다</string>
            <string />
            <string />
            <string />
            <string />
            <string />
        </key>
        <key name="ESAU_JR_NAME">
            <string />
            <string />
            <string>에사우 주니어</string>
            <string />
            <string />
            <string />
            <string />
            <string />
        </key>
        <key name="ESAU_JR_DESCRIPTION">
            <string />
            <string />
            <string>잃어버린 형제</string>
            <string />
            <string />
            <string />
            <string />
            <string />
        </key>
        <key name="BERSERK_NAME">
            <string />
            <string />
            <string>폭주!</string>
            <string />
            <string />
            <string />
            <string />
            <string />
        </key>
        <key name="BERSERK_DESCRIPTION">
            <string />
            <string />
            <string>찢어 죽여라</string>
            <string />
            <string />
            <string />
            <string />
            <string />
        </key>
        <key name="DARK_ARTS_NAME">
            <string />
            <string />
            <string>흑마술</string>
            <string />
            <string />
            <string />
            <string />
            <string />
        </key>
        <key name="DARK_ARTS_DESCRIPTION">
            <string />
            <string />
            <string>어둠과 하나 된 자</string>
            <string />
            <string />
            <string />
            <string />
            <string />
        </key>
        <key name="ABYSS_NAME">
            <string />
            <string />
            <string>무저갱</string>
            <string />
            <string />
            <string />
            <string />
            <string />
        </key>
        <key name="ABYSS_DESCRIPTION">
            <string />
            <string />
            <string>나락에서 올라오라</string>
            <string />
            <string />
            <string />
            <string />
            <string />
        </key>
        <key name="SUPPER_NAME">
            <string />
            <string />
            <string>만찬</string>
            <string />
            <string />
            <string />
            <string />
            <string />
        </key>
        <key name="SUPPER_DESCRIPTION">
            <string />
            <string />
            <string>체력 증가</string>
            <string />
            <string />
            <string />
            <string />
            <string />
        </key>
        <key name="STAPLER_NAME">
            <string />
            <string />
            <string>스테이플러</string>
            <string />
            <string />
            <string />
            <string />
            <string />
        </key>
        <key name="STAPLER_DESCRIPTION">
            <string />
            <string />
            <string>공격력 증가</string>
            <string />
            <string />
            <string />
            <string />
            <string />
        </key>
        <key name="SUPLEX_NAME">
            <string />
            <string />
            <string>수플렉스!</string>
            <string />
            <string />
            <string />
            <string />
            <string />
        </key>
        <key name="SUPLEX_DESCRIPTION">
            <string />
            <string />
            <string>천사도 이길 기술</string>
            <string />
            <string />
            <string />
            <string />
            <string />
        </key>
        <key name="BAG_OF_CRAFTING_NAME">
            <string />
            <string />
            <string>제작 가방</string>
            <string />
            <string />
            <string />
            <string />
            <string />
        </key>
        <key name="BAG_OF_CRAFTING_DESCRIPTION">
            <string />
            <string />
            <string>운명을 만들어라</string>
            <string />
            <string />
            <string />
            <string />
            <string />
        </key>
        <key name="FLIP_NAME">
            <string />
            <string />
            <string>뒤집기</string>
            <string />
            <string />
            <string />
            <string />
            <string />
        </key>
        <key name="FLIP_DESCRIPTION">
            <string />
            <string />
            <string>생사의 경계에서</string>
            <string />
            <string />
            <string />
            <string />
            <string />
        </key>
        <key name="LEMEGETON_NAME">
            <string />
            <string />
            <string>레메게톤</string>
            <string />
            <string />
            <string />
            <string />
            <string />
        </key>
        <key name="LEMEGETON_DESCRIPTION">
            <string />
            <string />
            <string>아이템 소환서</string>
            <string />
            <string />
            <string />
            <string />
            <string />
        </key>
        <key name="SUMPTORIUM_NAME">
            <string />
            <string />
            <string>섬토리움</string>
            <string />
            <string />
            <string />
            <string />
            <string />
        </key>
        <key name="SUMPTORIUM_DESCRIPTION">
            <string />
            <string />
            <string>피에서 피로</string>
            <string />
            <string />
            <string />
            <string />
            <string />
        </key>
        <key name="RECALL_NAME">
            <string />
            <string />
            <string>회수</string>
            <string />
            <string />
            <string />
            <string />
            <string />
        </key>
        <key name="RECALL_DESCRIPTION">
            <string />
            <string />
            <string>돌아오렴</string>
            <string />
            <string />
            <string />
            <string />
            <string />
        </key>
        <key name="HOLD_NAME">
            <string />
            <string />
            <string>저장</string>
            <string />
            <string />
            <string />
            <string />
            <string />
        </key>
        <key name="HOLD_DESCRIPTION">
            <string />
            <string />
            <string>나중을 위해</string>
            <string />
            <string />
            <string />
            <string />
            <string />
        </key>
        <key name="KEEPERS_SACK_NAME">
            <string />
            <string />
            <string>키퍼의 자루</string>
            <string />
            <string />
            <string />
            <string />
            <string />
        </key>
        <key name="KEEPERS_SACK_DESCRIPTION">
            <string />
            <string />
            <string>구매력</string>
            <string />
            <string />
            <string />
            <string />
            <string />
        </key>
        <key name="KEEPERS_KIN_NAME">
            <string />
            <string />
            <string>키퍼의 친척</string>
            <string />
            <string />
            <string />
            <string />
            <string />
        </key>
        <key name="KEEPERS_KIN_DESCRIPTION">
            <string />
            <string />
            <string>바위 밑에</string>
            <string />
            <string />
            <string />
            <string />
            <string />
        </key>
        <key name="KEEPERS_BOX_NAME">
            <string />
            <string />
            <string>키퍼의 상자</string>
            <string />
            <string />
            <string />
            <string />
            <string />
        </key>
        <key name="KEEPERS_BOX_DESCRIPTION">
            <string />
            <string />
            <string>휴대용 상점</string>
            <string />
            <string />
            <string />
            <string />
            <string />
        </key>
        <key name="EVERYTHING_JAR_NAME">
            <string />
            <string />
            <string>모든 게 담긴 병</string>
            <string />
            <string />
            <string />
            <string />
            <string />
        </key>
        <key name="EVERYTHING_JAR_DESCRIPTION">
            <string />
            <string />
            <string>무엇이든 가능해</string>
            <string />
            <string />
            <string />
            <string />
            <string />
        </key>
        <key name="TMTRAINER_NAME">
            <string />
            <string />
            <string>TMTRAINER</string>
            <string />
            <string />
            <string />
            <string />
            <string />
        </key>
        <key name="TMTRAINER_DESCRIPTION">
            <string />
            <string />
            <string>아이작과 그의 엄마는 언덕 위 작은 집에 살았습니다</string>
            <string />
            <string />
            <string />
            <string />
            <string />
        </key>
        <key name="ANIMA_SOLA_NAME">
            <string />
            <string />
            <string>아니마 솔라</string>
            <string />
            <string />
            <string />
            <string />
            <string />
        </key>
        <key name="ANIMA_SOLA_DESCRIPTION">
            <string />
            <string />
            <string>회개하라</string>
            <string />
            <string />
            <string />
            <string />
            <string />
        </key>
        <key name="SPINDOWN_DICE_NAME">
            <string />
            <string />
            <string>스핀다운 주사위</string>
            <string />
            <string />
            <string />
            <string />
            <string />
        </key>
        <key name="SPINDOWN_DICE_DESCRIPTION">
            <string />
            <string />
            <string>-1</string>
            <string />
            <string />
            <string />
            <string />
            <string />
        </key>
        <key name="HYPERCOAGULATION_NAME">
            <string />
            <string />
            <string>과응고</string>
            <string />
            <string />
            <string />
            <string />
            <string />
        </key>
        <key name="HYPERCOAGULATION_DESCRIPTION">
            <string />
            <string />
            <string>진득한 피</string>
            <string />
            <string />
            <string />
            <string />
            <string />
        </key>
        <key name="IBS_NAME">
            <string />
            <string />
            <string>과민성 대장 증후군</string>
            <string />
            <string />
            <string />
            <string />
            <string />
        </key>
        <key name="IBS_DESCRIPTION">
            <string />
            <string />
            <string>뱃속이 꾸물거린다</string>
            <string />
            <string />
            <string />
            <string />
            <string />
        </key>
        <key name="HEMOPTYSIS_NAME">
            <string />
            <string />
            <string>각혈</string>
            <string />
            <string />
            <string />
            <string />
            <string />
        </key>
        <key name="HEMOPTYSIS_DESCRIPTION">
            <string />
            <string />
            <string>두 번 눌러 재채기</string>
            <string />
            <string />
            <string />
            <string />
            <string />
        </key>
        <key name="GHOST_BOMBS_NAME">
            <string />
            <string />
            <string>유령 폭탄</string>
            <string />
            <string />
            <string />
            <string />
            <string />
        </key>
        <key name="GHOST_BOMBS_DESCRIPTION">
            <string />
            <string />
            <string>으스스한 폭발 + 폭탄 5개</string>
            <string />
            <string />
            <string />
            <string />
            <string />
        </key>
        <key name="GELLO_NAME">
            <string />
            <string />
            <string>겔로</string>
            <string />
            <string />
            <string />
            <string />
            <string />
        </key>
        <key name="GELLO_DESCRIPTION">
            <string />
            <string />
            <string>악마의 잉태</string>
            <string />
            <string />
            <string />
            <string />
            <string />
        </key>
        <key name="DECAP_ATTACK_NAME">
            <string />
            <string />
            <string>참수 공격</string>
            <string />
            <string />
            <string />
            <string />
            <string />
        </key>
        <key name="DECAP_ATTACK_DESCRIPTION">
            <string />
            <string />
            <string>던져버려!</string>
            <string />
            <string />
            <string />
            <string />
            <string />
        </key>
        <key name="GLASS_EYE_NAME">
            <string />
            <string />
            <string>의안</string>
            <string />
            <string />
            <string />
            <string />
            <string />
        </key>
        <key name="GLASS_EYE_DESCRIPTION">
            <string />
            <string />
            <string>공격력 + 행운 증가</string>
            <string />
            <string />
            <string />
            <string />
            <string />
        </key>
        <key name="STYE_NAME">
            <string />
            <string />
            <string>다래끼</string>
            <string />
            <string />
            <string />
            <string />
            <string />
        </key>
        <key name="STYE_DESCRIPTION">
            <string />
            <string />
            <string>공격력 + 사거리 증가</string>
            <string />
            <string />
            <string />
            <string />
            <string />
        </key>
        <key name="MOMS_RING_NAME">
            <string />
            <string />
            <string>엄마의 반지</string>
            <string />
            <string />
            <string />
            <string />
            <string />
        </key>
        <key name="MOMS_RING_DESCRIPTION">
            <string />
            <string />
            <string>공격력 증가</string>
            <string />
            <string />
            <string />
            <string />
            <string />
        </key>
        <key name="SWALLOWED_PENNY_NAME">
            <string />
            <string />
            <string>삼킨 동전</string>
            <string />
            <string />
            <string />
            <string />
            <string />
        </key>
        <key name="SWALLOWED_PENNY_DESCRIPTION">
            <string />
            <string />
            <string>꿀꺽!</string>
            <string />
            <string />
            <string />
            <string />
            <string />
        </key>
        <key name="PETRIFIED_POOP_NAME">
            <string />
            <string />
            <string>굳은 응아</string>
            <string />
            <string />
            <string />
            <string />
            <string />
        </key>
        <key name="PETRIFIED_POOP_DESCRIPTION">
            <string />
            <string />
            <string>운이 좋은 건가?</string>
            <string />
            <string />
            <string />
            <string />
            <string />
        </key>
        <key name="AAA_BATTERY_NAME">
            <string />
            <string />
            <string>AAA 배터리</string>
            <string />
            <string />
            <string />
            <string />
            <string />
        </key>
        <key name="AAA_BATTERY_DESCRIPTION">
            <string />
            <string />
            <string>세류충전</string>
            <string />
            <string />
            <string />
            <string />
            <string />
        </key>
        <key name="BROKEN_REMOTE_NAME">
            <string />
            <string />
            <string>고장난 조종기</string>
            <string />
            <string />
            <string />
            <string />
            <string />
        </key>
        <key name="BROKEN_REMOTE_DESCRIPTION">
            <string />
            <string />
            <string>고장났다</string>
            <string />
            <string />
            <string />
            <string />
            <string />
        </key>
        <key name="PURPLE_HEART_NAME">
            <string />
            <string />
            <string>퍼플 하트 훈장</string>
            <string />
            <string />
            <string />
            <string />
            <string />
        </key>
        <key name="PURPLE_HEART_DESCRIPTION">
            <string />
            <string />
            <string>도전 정신</string>
            <string />
            <string />
            <string />
            <string />
            <string />
        </key>
        <key name="BROKEN_MAGNET_NAME">
            <string />
            <string />
            <string>깨진 자석</string>
            <string />
            <string />
            <string />
            <string />
            <string />
        </key>
        <key name="BROKEN_MAGNET_DESCRIPTION">
            <string />
            <string />
            <string>반은 멀쩡해</string>
            <string />
            <string />
            <string />
            <string />
            <string />
        </key>
        <key name="ROSARY_BEAD_NAME">
            <string />
            <string />
            <string>묵주 구슬</string>
            <string />
            <string />
            <string />
            <string />
            <string />
        </key>
        <key name="ROSARY_BEAD_DESCRIPTION">
            <string />
            <string />
            <string>신앙심 증가</string>
            <string />
            <string />
            <string />
            <string />
            <string />
        </key>
        <key name="CARTRIDGE_NAME">
            <string />
            <string />
            <string>카트리지</string>
            <string />
            <string />
            <string />
            <string />
            <string />
        </key>
        <key name="CARTRIDGE_DESCRIPTION">
            <string />
            <string />
            <string>추억의 물건</string>
            <string />
            <string />
            <string />
            <string />
            <string />
        </key>
        <key name="PULSE_WORM_NAME">
            <string />
            <string />
            <string>파동벌레</string>
            <string />
            <string />
            <string />
            <string />
            <string />
        </key>
        <key name="PULSE_WORM_DESCRIPTION">
            <string />
            <string />
            <string>꿀렁꿀렁!</string>
            <string />
            <string />
            <string />
            <string />
            <string />
        </key>
        <key name="WIGGLE_WORM_NAME">
            <string />
            <string />
            <string>씰룩벌레</string>
            <string />
            <string />
            <string />
            <string />
            <string />
        </key>
        <key name="WIGGLE_WORM_DESCRIPTION">
            <string />
            <string />
            <string>씰룩씰룩!</string>
            <string />
            <string />
            <string />
            <string />
            <string />
        </key>
        <key name="RING_WORM_NAME">
            <string />
            <string />
            <string>둥글벌레</string>
            <string />
            <string />
            <string />
            <string />
            <string />
        </key>
        <key name="RING_WORM_DESCRIPTION">
            <string />
            <string />
            <string>둥글둥글!</string>
            <string />
            <string />
            <string />
            <string />
            <string />
        </key>
        <key name="FLAT_WORM_NAME">
            <string />
            <string />
            <string>납작벌레</string>
            <string />
            <string />
            <string />
            <string />
            <string />
        </key>
        <key name="FLAT_WORM_DESCRIPTION">
            <string />
            <string />
            <string>납작납작!</string>
            <string />
            <string />
            <string />
            <string />
            <string />
        </key>
        <key name="STORE_CREDIT_NAME">
            <string />
            <string />
            <string>상점 상품권</string>
            <string />
            <string />
            <string />
            <string />
            <string />
        </key>
        <key name="STORE_CREDIT_DESCRIPTION">
            <string />
            <string />
            <string>좋습니다!</string>
            <string />
            <string />
            <string />
            <string />
            <string />
        </key>
        <key name="CALLUS_NAME">
            <string />
            <string />
            <string>굳은살</string>
            <string />
            <string />
            <string />
            <string />
            <string />
        </key>
        <key name="CALLUS_DESCRIPTION">
            <string />
            <string />
            <string>발바닥이 강해진 느낌</string>
            <string />
            <string />
            <string />
            <string />
            <string />
        </key>
        <key name="LUCKY_ROCK_NAME">
            <string />
            <string />
            <string>행운의 돌조각</string>
            <string />
            <string />
            <string />
            <string />
            <string />
        </key>
        <key name="LUCKY_ROCK_DESCRIPTION">
            <string />
            <string />
            <string>속에 뭔가가 있다</string>
            <string />
            <string />
            <string />
            <string />
            <string />
        </key>
        <key name="MOMS_TOENAIL_NAME">
            <string />
            <string />
            <string>엄마의 발톱</string>
            <string />
            <string />
            <string />
            <string />
            <string />
        </key>
        <key name="MOMS_TOENAIL_DESCRIPTION">
            <string />
            <string />
            <string>???</string>
            <string />
            <string />
            <string />
            <string />
            <string />
        </key>
        <key name="BLACK_LIPSTICK_NAME">
            <string />
            <string />
            <string>검은 립스틱</string>
            <string />
            <string />
            <string />
            <string />
            <string />
        </key>
        <key name="BLACK_LIPSTICK_DESCRIPTION">
            <string />
            <string />
            <string>악함 증가</string>
            <string />
            <string />
            <string />
            <string />
            <string />
        </key>
        <key name="BIBLE_TRACT_NAME">
            <string />
            <string />
            <string>성경 책자</string>
            <string />
            <string />
            <string />
            <string />
            <string />
        </key>
        <key name="BIBLE_TRACT_DESCRIPTION">
            <string />
            <string />
            <string>신앙심 증가</string>
            <string />
            <string />
            <string />
            <string />
            <string />
        </key>
        <key name="PAPER_CLIP_NAME">
            <string />
            <string />
            <string>종이 클립</string>
            <string />
            <string />
            <string />
            <string />
            <string />
        </key>
        <key name="PAPER_CLIP_DESCRIPTION">
            <string />
            <string />
            <string>자물쇠 따기의 달인</string>
            <string />
            <string />
            <string />
            <string />
            <string />
        </key>
        <key name="MONKEY_PAW_NAME">
            <string />
            <string />
            <string>원숭이 손</string>
            <string />
            <string />
            <string />
            <string />
            <string />
        </key>
        <key name="MONKEY_PAW_DESCRIPTION">
            <string />
            <string />
            <string>소원이 이루어진다</string>
            <string />
            <string />
            <string />
            <string />
            <string />
        </key>
        <key name="MYSTERIOUS_PAPER_NAME">
            <string />
            <string />
            <string>신비한 종이</string>
            <string />
            <string />
            <string />
            <string />
            <string />
        </key>
        <key name="MYSTERIOUS_PAPER_DESCRIPTION">
            <string />
            <string />
            <string>???</string>
            <string />
            <string />
            <string />
            <string />
            <string />
        </key>
        <key name="DAEMONS_TAIL_NAME">
            <string />
            <string />
            <string>악마 꼬리</string>
            <string />
            <string />
            <string />
            <string />
            <string />
        </key>
        <key name="DAEMONS_TAIL_DESCRIPTION">
            <string />
            <string />
            <string>악함 증가</string>
            <string />
            <string />
            <string />
            <string />
            <string />
        </key>
        <key name="MISSING_POSTER_NAME">
            <string />
            <string />
            <string>실종 포스터</string>
            <string />
            <string />
            <string />
            <string />
            <string />
        </key>
        <key name="MISSING_POSTER_DESCRIPTION">
            <string />
            <string />
            <string>???</string>
            <string />
            <string />
            <string />
            <string />
            <string />
        </key>
        <key name="BUTT_PENNY_NAME">
            <string />
            <string />
            <string>똥전</string>
            <string />
            <string />
            <string />
            <string />
            <string />
        </key>
        <key name="BUTT_PENNY_DESCRIPTION">
            <string />
            <string />
            <string>가스 부자</string>
            <string />
            <string />
            <string />
            <string />
            <string />
        </key>
        <key name="MYSTERIOUS_CANDY_NAME">
            <string />
            <string />
            <string>이상한 초콜릿</string>
            <string />
            <string />
            <string />
            <string />
            <string />
        </key>
        <key name="MYSTERIOUS_CANDY_DESCRIPTION">
            <string />
            <string />
            <string>으엑!</string>
            <string />
            <string />
            <string />
            <string />
            <string />
        </key>
        <key name="HOOK_WORM_NAME">
            <string />
            <string />
            <string>꺾기벌레</string>
            <string />
            <string />
            <string />
            <string />
            <string />
        </key>
        <key name="HOOK_WORM_DESCRIPTION">
            <string />
            <string />
            <string>지그재그!</string>
            <string />
            <string />
            <string />
            <string />
            <string />
        </key>
        <key name="WHIP_WORM_NAME">
            <string />
            <string />
            <string>채찍벌레</string>
            <string />
            <string />
            <string />
            <string />
            <string />
        </key>
        <key name="WHIP_WORM_DESCRIPTION">
            <string />
            <string />
            <string>찰싹찰싹!</string>
            <string />
            <string />
            <string />
            <string />
            <string />
        </key>
        <key name="BROKEN_ANKH_NAME">
            <string />
            <string />
            <string>부서진 앙크</string>
            <string />
            <string />
            <string />
            <string />
            <string />
        </key>
        <key name="BROKEN_ANKH_DESCRIPTION">
            <string />
            <string />
            <string>영원한 생명?</string>
            <string />
            <string />
            <string />
            <string />
            <string />
        </key>
        <key name="FISH_HEAD_NAME">
            <string />
            <string />
            <string>생선 머리</string>
            <string />
            <string />
            <string />
            <string />
            <string />
        </key>
        <key name="FISH_HEAD_DESCRIPTION">
            <string />
            <string />
            <string>냄새나</string>
            <string />
            <string />
            <string />
            <string />
            <string />
        </key>
        <key name="PINKY_EYE_NAME">
            <string />
            <string />
            <string>분홍 눈알</string>
            <string />
            <string />
            <string />
            <string />
            <string />
        </key>
        <key name="PINKY_EYE_DESCRIPTION">
            <string />
            <string />
            <string>독성 공격</string>
            <string />
            <string />
            <string />
            <string />
            <string />
        </key>
        <key name="PUSH_PIN_NAME">
            <string />
            <string />
            <string>압정</string>
            <string />
            <string />
            <string />
            <string />
            <string />
        </key>
        <key name="PUSH_PIN_DESCRIPTION">
            <string />
            <string />
            <string>관통 공격</string>
            <string />
            <string />
            <string />
            <string />
            <string />
        </key>
        <key name="LIBERTY_CAP_NAME">
            <string />
            <string />
            <string>환각버섯</string>
            <string />
            <string />
            <string />
            <string />
            <string />
        </key>
        <key name="LIBERTY_CAP_DESCRIPTION">
            <string />
            <string />
            <string>만지면 어질어질</string>
            <string />
            <string />
            <string />
            <string />
            <string />
        </key>
        <key name="UMBILICAL_CORD_NAME">
            <string />
            <string />
            <string>탯줄</string>
            <string />
            <string />
            <string />
            <string />
            <string />
        </key>
        <key name="UMBILICAL_CORD_DESCRIPTION">
            <string />
            <string />
            <string>태아 보호</string>
            <string />
            <string />
            <string />
            <string />
            <string />
        </key>
        <key name="CHILDS_HEART_NAME">
            <string />
            <string />
            <string>아이의 심장</string>
            <string />
            <string />
            <string />
            <string />
            <string />
        </key>
        <key name="CHILDS_HEART_DESCRIPTION">
            <string />
            <string />
            <string>형제들을 소리쳐 부르고 있다</string>
            <string />
            <string />
            <string />
            <string />
            <string />
        </key>
        <key name="CURVED_HORN_NAME">
            <string />
            <string />
            <string>휘어진 뿔</string>
            <string />
            <string />
            <string />
            <string />
            <string />
        </key>
        <key name="CURVED_HORN_DESCRIPTION">
            <string />
            <string />
            <string>공격력 증가</string>
            <string />
            <string />
            <string />
            <string />
            <string />
        </key>
        <key name="RUSTED_KEY_NAME">
            <string />
            <string />
            <string>녹슨 열쇠</string>
            <string />
            <string />
            <string />
            <string />
            <string />
        </key>
        <key name="RUSTED_KEY_DESCRIPTION">
            <string />
            <string />
            <string>운이 좋은 건가?</string>
            <string />
            <string />
            <string />
            <string />
            <string />
        </key>
        <key name="GOAT_HOOF_NAME">
            <string />
            <string />
            <string>염소 발굽</string>
            <string />
            <string />
            <string />
            <string />
            <string />
        </key>
        <key name="GOAT_HOOF_DESCRIPTION">
            <string />
            <string />
            <string>이동 속도 증가</string>
            <string />
            <string />
            <string />
            <string />
            <string />
        </key>
        <key name="MOMS_PEARL_NAME">
            <string />
            <string />
            <string>엄마의 진주</string>
            <string />
            <string />
            <string />
            <string />
            <string />
        </key>
        <key name="MOMS_PEARL_DESCRIPTION">
            <string />
            <string />
            <string>순수함을 빛내고 있다</string>
            <string />
            <string />
            <string />
            <string />
            <string />
        </key>
        <key name="CANCER_TRINKET_NAME">
            <string />
            <string />
            <string>암</string>
            <string />
            <string />
            <string />
            <string />
            <string />
        </key>
        <key name="CANCER_TRINKET_DESCRIPTION">
            <string />
            <string />
            <string>우와 암이다!</string>
            <string />
            <string />
            <string />
            <string />
            <string />
        </key>
        <key name="RED_PATCH_NAME">
            <string />
            <string />
            <string>빨간 누더기</string>
            <string />
            <string />
            <string />
            <string />
            <string />
        </key>
        <key name="RED_PATCH_DESCRIPTION">
            <string />
            <string />
            <string>분노가 차오르다</string>
            <string />
            <string />
            <string />
            <string />
            <string />
        </key>
        <key name="MATCH_STICK_NAME">
            <string />
            <string />
            <string>성냥개비</string>
            <string />
            <string />
            <string />
            <string />
            <string />
        </key>
        <key name="MATCH_STICK_DESCRIPTION">
            <string />
            <string />
            <string>타는 듯한 맛</string>
            <string />
            <string />
            <string />
            <string />
            <string />
        </key>
        <key name="LUCKY_TOE_NAME">
            <string />
            <string />
            <string>행운의 발가락</string>
            <string />
            <string />
            <string />
            <string />
            <string />
        </key>
        <key name="LUCKY_TOE_DESCRIPTION">
            <string />
            <string />
            <string>행운 증가!</string>
            <string />
            <string />
            <string />
            <string />
            <string />
        </key>
        <key name="CURSED_SKULL_NAME">
            <string />
            <string />
            <string>저주받은 해골</string>
            <string />
            <string />
            <string />
            <string />
            <string />
        </key>
        <key name="CURSED_SKULL_DESCRIPTION">
            <string />
            <string />
            <string>저주?</string>
            <string />
            <string />
            <string />
            <string />
            <string />
        </key>
        <key name="SAFETY_CAP_NAME">
            <string />
            <string />
            <string>안전 마개</string>
            <string />
            <string />
            <string />
            <string />
            <string />
        </key>
        <key name="SAFETY_CAP_DESCRIPTION">
            <string />
            <string />
            <string>삼키지 마시오</string>
            <string />
            <string />
            <string />
            <string />
            <string />
        </key>
        <key name="ACE_OF_SPADES_NAME">
            <string />
            <string />
            <string>스페이드 에이스</string>
            <string />
            <string />
            <string />
            <string />
            <string />
        </key>
        <key name="ACE_OF_SPADES_DESCRIPTION">
            <string />
            <string />
            <string>카드 뽑기의 행운</string>
            <string />
            <string />
            <string />
            <string />
            <string />
        </key>
        <key name="ISAACS_FORK_NAME">
            <string />
            <string />
            <string>아이작의 포크</string>
            <string />
            <string />
            <string />
            <string />
            <string />
        </key>
        <key name="ISAACS_FORK_DESCRIPTION">
            <string />
            <string />
            <string>적을 삼켜버리자</string>
            <string />
            <string />
            <string />
            <string />
            <string />
        </key>
        <key name="A_MISSING_PAGE_NAME">
            <string />
            <string />
            <string>찢어진 페이지</string>
            <string />
            <string />
            <string />
            <string />
            <string />
        </key>
        <key name="A_MISSING_PAGE_DESCRIPTION">
            <string />
            <string />
            <string>힘을 지니고 있다</string>
            <string />
            <string />
            <string />
            <string />
            <string />
        </key>
        <key name="BLOODY_PENNY_NAME">
            <string />
            <string />
            <string>피 묻은 동전</string>
            <string />
            <string />
            <string />
            <string />
            <string />
        </key>
        <key name="BLOODY_PENNY_DESCRIPTION">
            <string />
            <string />
            <string>피부자</string>
            <string />
            <string />
            <string />
            <string />
            <string />
        </key>
        <key name="BURNT_PENNY_NAME">
            <string />
            <string />
            <string>타버린 동전</string>
            <string />
            <string />
            <string />
            <string />
            <string />
        </key>
        <key name="BURNT_PENNY_DESCRIPTION">
            <string />
            <string />
            <string>폭탄 부자</string>
            <string />
            <string />
            <string />
            <string />
            <string />
        </key>
        <key name="FLAT_PENNY_NAME">
            <string />
            <string />
            <string>납작한 동전</string>
            <string />
            <string />
            <string />
            <string />
            <string />
        </key>
        <key name="FLAT_PENNY_DESCRIPTION">
            <string />
            <string />
            <string>열쇠 부자</string>
            <string />
            <string />
            <string />
            <string />
            <string />
        </key>
        <key name="COUNTERFEIT_PENNY_NAME">
            <string />
            <string />
            <string>가짜 동전</string>
            <string />
            <string />
            <string />
            <string />
            <string />
        </key>
        <key name="COUNTERFEIT_PENNY_DESCRIPTION">
            <string />
            <string />
            <string>동전 부자</string>
            <string />
            <string />
            <string />
            <string />
            <string />
        </key>
        <key name="TICK_NAME">
            <string />
            <string />
            <string>진드기</string>
            <string />
            <string />
            <string />
            <string />
            <string />
        </key>
        <key name="TICK_DESCRIPTION">
            <string />
            <string />
            <string>떼어낼 수 없어</string>
            <string />
            <string />
            <string />
            <string />
            <string />
        </key>
        <key name="ISAACS_HEAD_NAME">
            <string />
            <string />
            <string>아이작의 머리</string>
            <string />
            <string />
            <string />
            <string />
            <string />
        </key>
        <key name="ISAACS_HEAD_DESCRIPTION">
            <string />
            <string />
            <string>죽은 친구</string>
            <string />
            <string />
            <string />
            <string />
            <string />
        </key>
        <key name="MAGGYS_FAITH_NAME">
            <string />
            <string />
            <string>매기의 믿음</string>
            <string />
            <string />
            <string />
            <string />
            <string />
        </key>
        <key name="MAGGYS_FAITH_DESCRIPTION">
            <string />
            <string />
            <string>믿음의 보상</string>
            <string />
            <string />
            <string />
            <string />
            <string />
        </key>
        <key name="JUDAS_TONGUE_NAME">
            <string />
            <string />
            <string>유다의 혀</string>
            <string />
            <string />
            <string />
            <string />
            <string />
        </key>
        <key name="JUDAS_TONGUE_DESCRIPTION">
            <string />
            <string />
            <string>대가는 이미 받았다</string>
            <string />
            <string />
            <string />
            <string />
            <string />
        </key>
        <key name="S_SOUL_NAME">
            <string />
            <string />
            <string>???의 영혼</string>
            <string />
            <string />
            <string />
            <string />
            <string />
        </key>
        <key name="S_SOUL_DESCRIPTION">
            <string />
            <string />
            <string>상상 속의 친구</string>
            <string />
            <string />
            <string />
            <string />
            <string />
        </key>
        <key name="SAMSONS_LOCK_NAME">
            <string />
            <string />
            <string>삼손의 머리채</string>
            <string />
            <string />
            <string />
            <string />
            <string />
        </key>
        <key name="SAMSONS_LOCK_DESCRIPTION">
            <string />
            <string />
            <string>분노가 차오르다</string>
            <string />
            <string />
            <string />
            <string />
            <string />
        </key>
        <key name="CAINS_EYE_NAME">
            <string />
            <string />
            <string>카인의 오른쪽 눈</string>
            <string />
            <string />
            <string />
            <string />
            <string />
        </key>
        <key name="CAINS_EYE_DESCRIPTION">
            <string />
            <string />
            <string>네 목적지가 보이리라</string>
            <string />
            <string />
            <string />
            <string />
            <string />
        </key>
        <key name="EVES_BIRD_FOOT_NAME">
            <string />
            <string />
            <string>이브의 새 다리</string>
            <string />
            <string />
            <string />
            <string />
            <string />
        </key>
        <key name="EVES_BIRD_FOOT_DESCRIPTION">
            <string />
            <string />
            <string>저편에서 온 복수</string>
            <string />
            <string />
            <string />
            <string />
            <string />
        </key>
        <key name="THE_LEFT_HAND_NAME">
            <string />
            <string />
            <string>왼손목</string>
            <string />
            <string />
            <string />
            <string />
            <string />
        </key>
        <key name="THE_LEFT_HAND_DESCRIPTION">
            <string />
            <string />
            <string>어둠의 보상을 거두어들이다</string>
            <string />
            <string />
            <string />
            <string />
            <string />
        </key>
        <key name="SHINY_ROCK_NAME">
            <string />
            <string />
            <string>빛나는 돌</string>
            <string />
            <string />
            <string />
            <string />
            <string />
        </key>
        <key name="SHINY_ROCK_DESCRIPTION">
            <string />
            <string />
            <string>형제들을 위하여 빛낼지어다</string>
            <string />
            <string />
            <string />
            <string />
            <string />
        </key>
        <key name="SAFETY_SCISSORS_NAME">
            <string />
            <string />
            <string>안전 가위</string>
            <string />
            <string />
            <string />
            <string />
            <string />
        </key>
        <key name="SAFETY_SCISSORS_DESCRIPTION">
            <string />
            <string />
            <string>도화선 자르기</string>
            <string />
            <string />
            <string />
            <string />
            <string />
        </key>
        <key name="RAINBOW_WORM_NAME">
            <string />
            <string />
            <string>무지개 벌레</string>
            <string />
            <string />
            <string />
            <string />
            <string />
        </key>
        <key name="RAINBOW_WORM_DESCRIPTION">
            <string />
            <string />
            <string>둥글슈욱지그재그</string>
            <string />
            <string />
            <string />
            <string />
            <string />
        </key>
        <key name="TAPE_WORM_NAME">
            <string />
            <string />
            <string>테이프 벌레</string>
            <string />
            <string />
            <string />
            <string />
            <string />
        </key>
        <key name="TAPE_WORM_DESCRIPTION">
            <string />
            <string />
            <string>찌이이이이익!</string>
            <string />
            <string />
            <string />
            <string />
            <string />
        </key>
        <key name="LAZY_WORM_NAME">
            <string />
            <string />
            <string>게으른 벌레</string>
            <string />
            <string />
            <string />
            <string />
            <string />
        </key>
        <key name="LAZY_WORM_DESCRIPTION">
            <string />
            <string />
            <string>하암</string>
            <string />
            <string />
            <string />
            <string />
            <string />
        </key>
        <key name="CRACKED_DICE_NAME">
            <string />
            <string />
            <string>금이 간 주사위</string>
            <string />
            <string />
            <string />
            <string />
            <string />
        </key>
        <key name="CRACKED_DICE_DESCRIPTION">
            <string />
            <string />
            <string>저주받은 것 같다... 아마도.</string>
            <string />
            <string />
            <string />
            <string />
            <string />
        </key>
        <key name="SUPER_MAGNET_NAME">
            <string />
            <string />
            <string>슈퍼 자석</string>
            <string />
            <string />
            <string />
            <string />
            <string />
        </key>
        <key name="SUPER_MAGNET_DESCRIPTION">
            <string />
            <string />
            <string>끌어당기기</string>
            <string />
            <string />
            <string />
            <string />
            <string />
        </key>
        <key name="FADED_POLAROID_NAME">
            <string />
            <string />
            <string>흐려진 즉석사진</string>
            <string />
            <string />
            <string />
            <string />
            <string />
        </key>
        <key name="FADED_POLAROID_DESCRIPTION">
            <string />
            <string />
            <string>흐려진 느낌</string>
            <string />
            <string />
            <string />
            <string />
            <string />
        </key>
        <key name="LOUSE_NAME">
            <string />
            <string />
            <string>이</string>
            <string />
            <string />
            <string />
            <string />
            <string />
        </key>
        <key name="LOUSE_DESCRIPTION">
            <string />
            <string />
            <string>가려워 맛있</string>
            <string />
            <string />
            <string />
            <string />
            <string />
        </key>
        <key name="BOBS_BLADDER_NAME">
            <string />
            <string />
            <string>밥의 방광</string>
            <string />
            <string />
            <string />
            <string />
            <string />
        </key>
        <key name="BOBS_BLADDER_DESCRIPTION">
            <string />
            <string />
            <string>장판 폭탄</string>
            <string />
            <string />
            <string />
            <string />
            <string />
        </key>
        <key name="WATCH_BATTERY_NAME">
            <string />
            <string />
            <string>시계 배터리</string>
            <string />
            <string />
            <string />
            <string />
            <string />
        </key>
        <key name="WATCH_BATTERY_DESCRIPTION">
            <string />
            <string />
            <string>약한 충전</string>
            <string />
            <string />
            <string />
            <string />
            <string />
        </key>
        <key name="BLASTING_CAP_NAME">
            <string />
            <string />
            <string>폭파용 뇌관</string>
            <string />
            <string />
            <string />
            <string />
            <string />
        </key>
        <key name="BLASTING_CAP_DESCRIPTION">
            <string />
            <string />
            <string>펑! 펑!</string>
            <string />
            <string />
            <string />
            <string />
            <string />
        </key>
        <key name="STUD_FINDER_NAME">
            <string />
            <string />
            <string>벽체 탐지기</string>
            <string />
            <string />
            <string />
            <string />
            <string />
        </key>
        <key name="STUD_FINDER_DESCRIPTION">
            <string />
            <string />
            <string>땅 밑에 빈 공간이 있는 것 같아...</string>
            <string />
            <string />
            <string />
            <string />
            <string />
        </key>
        <key name="ERROR_NAME">
            <string />
            <string />
            <string>오류</string>
            <string />
            <string />
            <string />
            <string />
            <string />
        </key>
        <key name="ERROR_DESCRIPTION">
            <string />
            <string />
            <string>효과를 찾을 수 없습니다?</string>
            <string />
            <string />
            <string />
            <string />
            <string />
        </key>
        <key name="POKER_CHIP_NAME">
            <string />
            <string />
            <string>포커 칩</string>
            <string />
            <string />
            <string />
            <string />
            <string />
        </key>
        <key name="POKER_CHIP_DESCRIPTION">
            <string />
            <string />
            <string>묻고 더블로 가!</string>
            <string />
            <string />
            <string />
            <string />
            <string />
        </key>
        <key name="BLISTER_NAME">
            <string />
            <string />
            <string>물집</string>
            <string />
            <string />
            <string />
            <string />
            <string />
        </key>
        <key name="BLISTER_DESCRIPTION">
            <string />
            <string />
            <string>튕겨나가라!</string>
            <string />
            <string />
            <string />
            <string />
            <string />
        </key>
        <key name="SECOND_HAND_NAME">
            <string />
            <string />
            <string>초침</string>
            <string />
            <string />
            <string />
            <string />
            <string />
        </key>
        <key name="SECOND_HAND_DESCRIPTION">
            <string />
            <string />
            <string>효과 지속 시간 증가!</string>
            <string />
            <string />
            <string />
            <string />
            <string />
        </key>
        <key name="ENDLESS_NAMELESS_NAME">
            <string />
            <string />
            <string>끝없는 무명</string>
            <string />
            <string />
            <string />
            <string />
            <string />
        </key>
        <key name="ENDLESS_NAMELESS_DESCRIPTION">
            <string />
            <string />
            <string>루프에 갇혀버렸어...</string>
            <string />
            <string />
            <string />
            <string />
            <string />
        </key>
        <key name="BLACK_FEATHER_NAME">
            <string />
            <string />
            <string>검은 깃털</string>
            <string />
            <string />
            <string />
            <string />
            <string />
        </key>
        <key name="BLACK_FEATHER_DESCRIPTION">
            <string />
            <string />
            <string>어둠과 함께라면 힘이 오리라</string>
            <string />
            <string />
            <string />
            <string />
            <string />
        </key>
        <key name="BLIND_RAGE_NAME">
            <string />
            <string />
            <string>눈먼 분노</string>
            <string />
            <string />
            <string />
            <string />
            <string />
        </key>
        <key name="BLIND_RAGE_DESCRIPTION">
            <string />
            <string />
            <string>눈에 뵈는 게 없다</string>
            <string />
            <string />
            <string />
            <string />
            <string />
        </key>
        <key name="GOLDEN_HORSE_SHOE_NAME">
            <string />
            <string />
            <string>황금 말발굽</string>
            <string />
            <string />
            <string />
            <string />
            <string />
        </key>
        <key name="GOLDEN_HORSE_SHOE_DESCRIPTION">
            <string />
            <string />
            <string>운이 좋은 건가?</string>
            <string />
            <string />
            <string />
            <string />
            <string />
        </key>
        <key name="STORE_KEY_NAME">
            <string />
            <string />
            <string>상점 열쇠</string>
            <string />
            <string />
            <string />
            <string />
            <string />
        </key>
        <key name="STORE_KEY_DESCRIPTION">
            <string />
            <string />
            <string>상점은 언제나 열려있습니다</string>
            <string />
            <string />
            <string />
            <string />
            <string />
        </key>
        <key name="RIB_OF_GREED_NAME">
            <string />
            <string />
            <string>탐욕의 갈비뼈</string>
            <string />
            <string />
            <string />
            <string />
            <string />
        </key>
        <key name="RIB_OF_GREED_DESCRIPTION">
            <string />
            <string />
            <string>탐욕스러워</string>
            <string />
            <string />
            <string />
            <string />
            <string />
        </key>
        <key name="KARMA_NAME">
            <string />
            <string />
            <string>업보</string>
            <string />
            <string />
            <string />
            <string />
            <string />
        </key>
        <key name="KARMA_DESCRIPTION">
            <string />
            <string />
            <string>업보 증가</string>
            <string />
            <string />
            <string />
            <string />
            <string />
        </key>
        <key name="LIL_LARVA_NAME">
            <string />
            <string />
            <string>꼬마 라바</string>
            <string />
            <string />
            <string />
            <string />
            <string />
        </key>
        <key name="LIL_LARVA_DESCRIPTION">
            <string />
            <string />
            <string>응아가 움직여</string>
            <string />
            <string />
            <string />
            <string />
            <string />
        </key>
        <key name="MOMS_LOCKET_NAME">
            <string />
            <string />
            <string>엄마의 로켓</string>
            <string />
            <string />
            <string />
            <string />
            <string />
        </key>
        <key name="MOMS_LOCKET_DESCRIPTION">
            <string />
            <string />
            <string>엄마의 사랑이 느껴져</string>
            <string />
            <string />
            <string />
            <string />
            <string />
        </key>
        <key name="NO_NAME">
            <string />
            <string />
            <string>아니!</string>
            <string />
            <string />
            <string />
            <string />
            <string />
        </key>
        <key name="NO_DESCRIPTION">
            <string />
            <string />
            <string>필요 없어!</string>
            <string />
            <string />
            <string />
            <string />
            <string />
        </key>
        <key name="CHILD_LEASH_NAME">
            <string />
            <string />
            <string>미아 방지끈</string>
            <string />
            <string />
            <string />
            <string />
            <string />
        </key>
        <key name="CHILD_LEASH_DESCRIPTION">
            <string />
            <string />
            <string>친구들과 떨어지지 마...</string>
            <string />
            <string />
            <string />
            <string />
            <string />
        </key>
        <key name="BROWN_CAP_NAME">
            <string />
            <string />
            <string>갈색 마개</string>
            <string />
            <string />
            <string />
            <string />
            <string />
        </key>
        <key name="BROWN_CAP_DESCRIPTION">
            <string />
            <string />
            <string>뿌릉꽝!</string>
            <string />
            <string />
            <string />
            <string />
            <string />
        </key>
        <key name="MECONIUM_NAME">
            <string />
            <string />
            <string>태변</string>
            <string />
            <string />
            <string />
            <string />
            <string />
        </key>
        <key name="MECONIUM_DESCRIPTION">
            <string />
            <string />
            <string>우웩</string>
            <string />
            <string />
            <string />
            <string />
            <string />
        </key>
        <key name="CRACKED_CROWN_NAME">
            <string />
            <string />
            <string>금이 간 왕관</string>
            <string />
            <string />
            <string />
            <string />
            <string />
        </key>
        <key name="CRACKED_CROWN_DESCRIPTION">
            <string />
            <string />
            <string>능력치 증폭</string>
            <string />
            <string />
            <string />
            <string />
            <string />
        </key>
        <key name="USED_DIAPER_NAME">
            <string />
            <string />
            <string>다 쓴 기저귀</string>
            <string />
            <string />
            <string />
            <string />
            <string />
        </key>
        <key name="USED_DIAPER_DESCRIPTION">
            <string />
            <string />
            <string>냄새 나</string>
            <string />
            <string />
            <string />
            <string />
            <string />
        </key>
        <key name="FISH_TAIL_NAME">
            <string />
            <string />
            <string>생선 꼬리</string>
            <string />
            <string />
            <string />
            <string />
            <string />
        </key>
        <key name="FISH_TAIL_DESCRIPTION">
            <string />
            <string />
            <string>이것도 냄새 나!</string>
            <string />
            <string />
            <string />
            <string />
            <string />
        </key>
        <key name="BLACK_TOOTH_NAME">
            <string />
            <string />
            <string>검은 이빨</string>
            <string />
            <string />
            <string />
            <string />
            <string />
        </key>
        <key name="BLACK_TOOTH_DESCRIPTION">
            <string />
            <string />
            <string>썩은 것 같아</string>
            <string />
            <string />
            <string />
            <string />
            <string />
        </key>
        <key name="OUROBOROS_WORM_NAME">
            <string />
            <string />
            <string>우주뱀 벌레</string>
            <string />
            <string />
            <string />
            <string />
            <string />
        </key>
        <key name="OUROBOROS_WORM_DESCRIPTION">
            <string />
            <string />
            <string>붕붕!</string>
            <string />
            <string />
            <string />
            <string />
            <string />
        </key>
        <key name="TONSIL_NAME">
            <string />
            <string />
            <string>편도선</string>
            <string />
            <string />
            <string />
            <string />
            <string />
        </key>
        <key name="TONSIL_DESCRIPTION">
            <string />
            <string />
            <string>아파...</string>
            <string />
            <string />
            <string />
            <string />
            <string />
        </key>
        <key name="NOSE_GOBLIN_NAME">
            <string />
            <string />
            <string>콧물딱지</string>
            <string />
            <string />
            <string />
            <string />
            <string />
        </key>
        <key name="NOSE_GOBLIN_DESCRIPTION">
            <string />
            <string />
            <string>마법 같아...</string>
            <string />
            <string />
            <string />
            <string />
            <string />
        </key>
        <key name="SUPER_BALL_NAME">
            <string />
            <string />
            <string>탱탱볼</string>
            <string />
            <string />
            <string />
            <string />
            <string />
        </key>
        <key name="SUPER_BALL_DESCRIPTION">
            <string />
            <string />
            <string>띠용!</string>
            <string />
            <string />
            <string />
            <string />
            <string />
        </key>
        <key name="VIBRANT_BULB_NAME">
            <string />
            <string />
            <string>밝은 전구</string>
            <string />
            <string />
            <string />
            <string />
            <string />
        </key>
        <key name="VIBRANT_BULB_DESCRIPTION">
            <string />
            <string />
            <string>전력이 필요해</string>
            <string />
            <string />
            <string />
            <string />
            <string />
        </key>
        <key name="DIM_BULB_NAME">
            <string />
            <string />
            <string>꺼진 전구</string>
            <string />
            <string />
            <string />
            <string />
            <string />
        </key>
        <key name="DIM_BULB_DESCRIPTION">
            <string />
            <string />
            <string>망가진 것 같아</string>
            <string />
            <string />
            <string />
            <string />
            <string />
        </key>
        <key name="FRAGMENTED_CARD_NAME">
            <string />
            <string />
            <string>조각난 카드</string>
            <string />
            <string />
            <string />
            <string />
            <string />
        </key>
        <key name="FRAGMENTED_CARD_DESCRIPTION">
            <string />
            <string />
            <string>달이 두 배로</string>
            <string />
            <string />
            <string />
            <string />
            <string />
        </key>
        <key name="EQUALITY_NAME">
            <string />
            <string />
            <string>똑같다!</string>
            <string />
            <string />
            <string />
            <string />
            <string />
        </key>
        <key name="EQUALITY_DESCRIPTION">
            <string />
            <string />
            <string>=</string>
            <string />
            <string />
            <string />
            <string />
            <string />
        </key>
        <key name="WISH_BONE_NAME">
            <string />
            <string />
            <string>창사골</string>
            <string />
            <string />
            <string />
            <string />
            <string />
        </key>
        <key name="WISH_BONE_DESCRIPTION">
            <string />
            <string />
            <string>소원을 빌어봐</string>
            <string />
            <string />
            <string />
            <string />
            <string />
        </key>
        <key name="BAG_LUNCH_NAME">
            <string />
            <string />
            <string>점심 도시락</string>
            <string />
            <string />
            <string />
            <string />
            <string />
        </key>
        <key name="BAG_LUNCH_DESCRIPTION">
            <string />
            <string />
            <string>뭐가 들어 있을까</string>
            <string />
            <string />
            <string />
            <string />
            <string />
        </key>
        <key name="LOST_CORK_NAME">
            <string />
            <string />
            <string>잃어버린 코르크</string>
            <string />
            <string />
            <string />
            <string />
            <string />
        </key>
        <key name="LOST_CORK_DESCRIPTION">
            <string />
            <string />
            <string>따인 코르크</string>
            <string />
            <string />
            <string />
            <string />
            <string />
        </key>
        <key name="CROW_HEART_NAME">
            <string />
            <string />
            <string>까마귀 심장</string>
            <string />
            <string />
            <string />
            <string />
            <string />
        </key>
        <key name="CROW_HEART_DESCRIPTION">
            <string />
            <string />
            <string>내 피부터 빨아 줘</string>
            <string />
            <string />
            <string />
            <string />
            <string />
        </key>
        <key name="WALNUT_NAME">
            <string />
            <string />
            <string>호두</string>
            <string />
            <string />
            <string />
            <string />
            <string />
        </key>
        <key name="WALNUT_DESCRIPTION">
            <string />
            <string />
            <string>단단한 녀석이구만!</string>
            <string />
            <string />
            <string />
            <string />
            <string />
        </key>
        <key name="DUCT_TAPE_NAME">
            <string />
            <string />
            <string>청테이프</string>
            <string />
            <string />
            <string />
            <string />
            <string />
        </key>
        <key name="DUCT_TAPE_DESCRIPTION">
            <string />
            <string />
            <string>딱 붙어라!</string>
            <string />
            <string />
            <string />
            <string />
            <string />
        </key>
        <key name="SILVER_DOLLAR_NAME">
            <string />
            <string />
            <string>은화</string>
            <string />
            <string />
            <string />
            <string />
            <string />
        </key>
        <key name="SILVER_DOLLAR_DESCRIPTION">
            <string />
            <string />
            <string>운이 좋은 느낌...</string>
            <string />
            <string />
            <string />
            <string />
            <string />
        </key>
        <key name="BLOODY_CROWN_NAME">
            <string />
            <string />
            <string>피투성이 왕관</string>
            <string />
            <string />
            <string />
            <string />
            <string />
        </key>
        <key name="BLOODY_CROWN_DESCRIPTION">
            <string />
            <string />
            <string>피가 뚝뚝 떨어져...</string>
            <string />
            <string />
            <string />
            <string />
            <string />
        </key>
        <key name="PAY_TO_WIN_NAME">
            <string />
            <string />
            <string>지갑 전사</string>
            <string />
            <string />
            <string />
            <string />
            <string />
        </key>
        <key name="PAY_TO_WIN_DESCRIPTION">
            <string />
            <string />
            <string>...</string>
            <string />
            <string />
            <string />
            <string />
            <string />
        </key>
        <key name="LOCUST_OF_WAR_NAME">
            <string />
            <string />
            <string>전쟁의 메뚜기</string>
            <string />
            <string />
            <string />
            <string />
            <string />
        </key>
        <key name="LOCUST_OF_WAR_DESCRIPTION">
            <string />
            <string />
            <string>전쟁을 가져오는 자</string>
            <string />
            <string />
            <string />
            <string />
            <string />
        </key>
        <key name="LOCUST_OF_PESTILENCE_NAME">
            <string />
            <string />
            <string>역병의 메뚜기</string>
            <string />
            <string />
            <string />
            <string />
            <string />
        </key>
        <key name="LOCUST_OF_PESTILENCE_DESCRIPTION">
            <string />
            <string />
            <string>역병을 가져오는 자</string>
            <string />
            <string />
            <string />
            <string />
            <string />
        </key>
        <key name="LOCUST_OF_FAMINE_NAME">
            <string />
            <string />
            <string>기근의 메뚜기</string>
            <string />
            <string />
            <string />
            <string />
            <string />
        </key>
        <key name="LOCUST_OF_FAMINE_DESCRIPTION">
            <string />
            <string />
            <string>기근을 가져오는 자</string>
            <string />
            <string />
            <string />
            <string />
            <string />
        </key>
        <key name="LOCUST_OF_DEATH_NAME">
            <string />
            <string />
            <string>죽음의 메뚜기</string>
            <string />
            <string />
            <string />
            <string />
            <string />
        </key>
        <key name="LOCUST_OF_DEATH_DESCRIPTION">
            <string />
            <string />
            <string>죽음을 가져오는 자</string>
            <string />
            <string />
            <string />
            <string />
            <string />
        </key>
        <key name="LOCUST_OF_CONQUEST_NAME">
            <string />
            <string />
            <string>정복의 메뚜기</string>
            <string />
            <string />
            <string />
            <string />
            <string />
        </key>
        <key name="LOCUST_OF_CONQUEST_DESCRIPTION">
            <string />
            <string />
            <string>정복을 가져오는 자</string>
            <string />
            <string />
            <string />
            <string />
            <string />
        </key>
        <key name="BAT_WING_NAME">
            <string />
            <string />
            <string>박쥐 날개</string>
            <string />
            <string />
            <string />
            <string />
            <string />
        </key>
        <key name="BAT_WING_DESCRIPTION">
            <string />
            <string />
            <string>자라나고 있어...</string>
            <string />
            <string />
            <string />
            <string />
            <string />
        </key>
        <key name="STEM_CELL_NAME">
            <string />
            <string />
            <string>줄기 세포</string>
            <string />
            <string />
            <string />
            <string />
            <string />
        </key>
        <key name="STEM_CELL_DESCRIPTION">
            <string />
            <string />
            <string>회복!</string>
            <string />
            <string />
            <string />
            <string />
            <string />
        </key>
        <key name="HAIRPIN_NAME">
            <string />
            <string />
            <string>머리핀</string>
            <string />
            <string />
            <string />
            <string />
            <string />
        </key>
        <key name="HAIRPIN_DESCRIPTION">
            <string />
            <string />
            <string>위험한 충전</string>
            <string />
            <string />
            <string />
            <string />
            <string />
        </key>
        <key name="WOODEN_CROSS_NAME">
            <string />
            <string />
            <string>나무 십자가</string>
            <string />
            <string />
            <string />
            <string />
            <string />
        </key>
        <key name="WOODEN_CROSS_DESCRIPTION">
            <string />
            <string />
            <string>내 믿음이 나의 방패라</string>
            <string />
            <string />
            <string />
            <string />
            <string />
        </key>
        <key name="BUTTER_NAME">
            <string />
            <string />
            <string>버터!</string>
            <string />
            <string />
            <string />
            <string />
            <string />
        </key>
        <key name="BUTTER_DESCRIPTION">
            <string />
            <string />
            <string>너무 미끄러워!</string>
            <string />
            <string />
            <string />
            <string />
            <string />
        </key>
        <key name="FILIGREE_FEATHER_NAME">
            <string />
            <string />
            <string>세공 깃털</string>
            <string />
            <string />
            <string />
            <string />
            <string />
        </key>
        <key name="FILIGREE_FEATHER_DESCRIPTION">
            <string />
            <string />
            <string>천사의 유물</string>
            <string />
            <string />
            <string />
            <string />
            <string />
        </key>
        <key name="DOOR_STOP_NAME">
            <string />
            <string />
            <string>문받침대</string>
            <string />
            <string />
            <string />
            <string />
            <string />
        </key>
        <key name="DOOR_STOP_DESCRIPTION">
            <string />
            <string />
            <string>문을 열어 둬</string>
            <string />
            <string />
            <string />
            <string />
            <string />
        </key>
        <key name="EXTENSION_CORD_NAME">
            <string />
            <string />
            <string>연장 코드</string>
            <string />
            <string />
            <string />
            <string />
            <string />
        </key>
        <key name="EXTENSION_CORD_DESCRIPTION">
            <string />
            <string />
            <string>충전된 친구들</string>
            <string />
            <string />
            <string />
            <string />
            <string />
        </key>
        <key name="ROTTEN_PENNY_NAME">
            <string />
            <string />
            <string>썩은 동전</string>
            <string />
            <string />
            <string />
            <string />
            <string />
        </key>
        <key name="ROTTEN_PENNY_DESCRIPTION">
            <string />
            <string />
            <string>파리 부자</string>
            <string />
            <string />
            <string />
            <string />
            <string />
        </key>
        <key name="BABYBENDER_NAME">
            <string />
            <string />
            <string>아기 초능력자</string>
            <string />
            <string />
            <string />
            <string />
            <string />
        </key>
        <key name="BABYBENDER_DESCRIPTION">
            <string />
            <string />
            <string>마법을 먹여 키워!</string>
            <string />
            <string />
            <string />
            <string />
            <string />
        </key>
        <key name="FINGER_BONE_NAME">
            <string />
            <string />
            <string>손가락 뼈</string>
            <string />
            <string />
            <string />
            <string />
            <string />
        </key>
        <key name="FINGER_BONE_DESCRIPTION">
            <string />
            <string />
            <string>잘 부러질 것 같아</string>
            <string />
            <string />
            <string />
            <string />
            <string />
        </key>
        <key name="JAWBREAKER_NAME">
            <string />
            <string />
            <string>눈깔사탕</string>
            <string />
            <string />
            <string />
            <string />
            <string />
        </key>
        <key name="JAWBREAKER_DESCRIPTION">
            <string />
            <string />
            <string>깨물지 마시오</string>
            <string />
            <string />
            <string />
            <string />
            <string />
        </key>
        <key name="CHEWED_PEN_NAME">
            <string />
            <string />
            <string>씹던 펜</string>
            <string />
            <string />
            <string />
            <string />
            <string />
        </key>
        <key name="CHEWED_PEN_DESCRIPTION">
            <string />
            <string />
            <string>잉크가 새네</string>
            <string />
            <string />
            <string />
            <string />
            <string />
        </key>
        <key name="BLESSED_PENNY_NAME">
            <string />
            <string />
            <string>축복받은 동전</string>
            <string />
            <string />
            <string />
            <string />
            <string />
        </key>
        <key name="BLESSED_PENNY_DESCRIPTION">
            <string />
            <string />
            <string>순수함 부자</string>
            <string />
            <string />
            <string />
            <string />
            <string />
        </key>
        <key name="BROKEN_SYRINGE_NAME">
            <string />
            <string />
            <string>깨진 주사기</string>
            <string />
            <string />
            <string />
            <string />
            <string />
        </key>
        <key name="BROKEN_SYRINGE_DESCRIPTION">
            <string />
            <string />
            <string>수수께끼의 약물</string>
            <string />
            <string />
            <string />
            <string />
            <string />
        </key>
        <key name="SHORT_FUSE_NAME">
            <string />
            <string />
            <string>짧은 도화선</string>
            <string />
            <string />
            <string />
            <string />
            <string />
        </key>
        <key name="SHORT_FUSE_DESCRIPTION">
            <string />
            <string />
            <string>더 빠른 폭발</string>
            <string />
            <string />
            <string />
            <string />
            <string />
        </key>
        <key name="GIGANTE_BEAN_NAME">
            <string />
            <string />
            <string>대왕 콩</string>
            <string />
            <string />
            <string />
            <string />
            <string />
        </key>
        <key name="GIGANTE_BEAN_DESCRIPTION">
            <string />
            <string />
            <string>대왕 방귀</string>
            <string />
            <string />
            <string />
            <string />
            <string />
        </key>
        <key name="A_LIGHTER_NAME">
            <string />
            <string />
            <string>라이터</string>
            <string />
            <string />
            <string />
            <string />
            <string />
        </key>
        <key name="A_LIGHTER_DESCRIPTION">
            <string />
            <string />
            <string>세상이 불타는 꼴을 봐라</string>
            <string />
            <string />
            <string />
            <string />
            <string />
        </key>
        <key name="BROKEN_PADLOCK_NAME">
            <string />
            <string />
            <string>부서진 자물쇠</string>
            <string />
            <string />
            <string />
            <string />
            <string />
        </key>
        <key name="BROKEN_PADLOCK_DESCRIPTION">
            <string />
            <string />
            <string>폭탄은 곧 열쇠</string>
            <string />
            <string />
            <string />
            <string />
            <string />
        </key>
        <key name="MYOSOTIS_NAME">
            <string />
            <string />
            <string>물망초</string>
            <string />
            <string />
            <string />
            <string />
            <string />
        </key>
        <key name="MYOSOTIS_DESCRIPTION">
            <string />
            <string />
            <string>날 잊지 말아요...</string>
            <string />
            <string />
            <string />
            <string />
            <string />
        </key>
        <key name="M_NAME">
            <string />
            <string />
            <string>'M</string>
            <string />
            <string />
            <string />
            <string />
            <string />
        </key>
        <key name="M_DESCRIPTION">
            <string />
            <string />
            <string>고장ㄴㅏㅆ9운명을굴ㄹㅑㅕ</string>
            <string />
            <string />
            <string />
            <string />
            <string />
        </key>
        <key name="TEARDROP_CHARM_NAME">
            <string />
            <string />
            <string>눈물 부적</string>
            <string />
            <string />
            <string />
            <string />
            <string />
        </key>
        <key name="TEARDROP_CHARM_DESCRIPTION">
            <string />
            <string />
            <string>운이 좋은 느낌</string>
            <string />
            <string />
            <string />
            <string />
            <string />
        </key>
        <key name="APPLE_OF_SODOM_NAME">
            <string />
            <string />
            <string>소돔의 사과</string>
            <string />
            <string />
            <string />
            <string />
            <string />
        </key>
        <key name="APPLE_OF_SODOM_DESCRIPTION">
            <string />
            <string />
            <string>공허한 느낌</string>
            <string />
            <string />
            <string />
            <string />
            <string />
        </key>
        <key name="FORGOTTEN_LULLABY_NAME">
            <string />
            <string />
            <string>잊혀진 자장가</string>
            <string />
            <string />
            <string />
            <string />
            <string />
        </key>
        <key name="FORGOTTEN_LULLABY_DESCRIPTION">
            <string />
            <string />
            <string>친구들을 위한 노래</string>
            <string />
            <string />
            <string />
            <string />
            <string />
        </key>
        <key name="BETHS_FAITH_NAME">
            <string />
            <string />
            <string>베다니의 믿음</string>
            <string />
            <string />
            <string />
            <string />
            <string />
        </key>
        <key name="BETHS_FAITH_DESCRIPTION">
            <string />
            <string />
            <string>내 믿음이 날 지켜줄 거야</string>
            <string />
            <string />
            <string />
            <string />
            <string />
        </key>
        <key name="OLD_CAPACITOR_NAME">
            <string />
            <string />
            <string>낡은 축전기</string>
            <string />
            <string />
            <string />
            <string />
            <string />
        </key>
        <key name="OLD_CAPACITOR_DESCRIPTION">
            <string />
            <string />
            <string>배터리 부족</string>
            <string />
            <string />
            <string />
            <string />
            <string />
        </key>
        <key name="BRAIN_WORM_NAME">
            <string />
            <string />
            <string>두뇌 벌레</string>
            <string />
            <string />
            <string />
            <string />
            <string />
        </key>
        <key name="BRAIN_WORM_DESCRIPTION">
            <string />
            <string />
            <string>띵!</string>
            <string />
            <string />
            <string />
            <string />
            <string />
        </key>
        <key name="PERFECTION_NAME">
            <string />
            <string />
            <string>올백</string>
            <string />
            <string />
            <string />
            <string />
            <string />
        </key>
        <key name="PERFECTION_DESCRIPTION">
            <string />
            <string />
            <string>행운 수직 상승. 잃지 말라구!</string>
            <string />
            <string />
            <string />
            <string />
            <string />
        </key>
        <key name="DEVILS_CROWN_NAME">
            <string />
            <string />
            <string>악마의 왕관</string>
            <string />
            <string />
            <string />
            <string />
            <string />
        </key>
        <key name="DEVILS_CROWN_DESCRIPTION">
            <string />
            <string />
            <string>그의 특별한 손님</string>
            <string />
            <string />
            <string />
            <string />
            <string />
        </key>
        <key name="CHARGED_PENNY_NAME">
            <string />
            <string />
            <string>충전된 동전</string>
            <string />
            <string />
            <string />
            <string />
            <string />
        </key>
        <key name="CHARGED_PENNY_DESCRIPTION">
            <string />
            <string />
            <string>에너지 부자</string>
            <string />
            <string />
            <string />
            <string />
            <string />
        </key>
        <key name="FRIENDSHIP_NECKLACE_NAME">
            <string />
            <string />
            <string>우정 목걸이</string>
            <string />
            <string />
            <string />
            <string />
            <string />
        </key>
        <key name="FRIENDSHIP_NECKLACE_DESCRIPTION">
            <string />
            <string />
            <string>여기여기 붙어라</string>
            <string />
            <string />
            <string />
            <string />
            <string />
        </key>
        <key name="PANIC_BUTTON_NAME">
            <string />
            <string />
            <string>패닉 버튼</string>
            <string />
            <string />
            <string />
            <string />
            <string />
        </key>
        <key name="PANIC_BUTTON_DESCRIPTION">
            <string />
            <string />
            <string>비상시에 눌러 주세요</string>
            <string />
            <string />
            <string />
            <string />
            <string />
        </key>
        <key name="BLUE_KEY_NAME">
            <string />
            <string />
            <string>파란 열쇠</string>
            <string />
            <string />
            <string />
            <string />
            <string />
        </key>
        <key name="BLUE_KEY_DESCRIPTION">
            <string />
            <string />
            <string>방 사이를 들여다보다</string>
            <string />
            <string />
            <string />
            <string />
            <string />
        </key>
        <key name="FLAT_FILE_NAME">
            <string />
            <string />
            <string>쇠줄</string>
            <string />
            <string />
            <string />
            <string />
            <string />
        </key>
        <key name="FLAT_FILE_DESCRIPTION">
            <string />
            <string />
            <string>이제 가시는 없어</string>
            <string />
            <string />
            <string />
            <string />
            <string />
        </key>
        <key name="TELESCOPE_LENS_NAME">
            <string />
            <string />
            <string>망원경 렌즈</string>
            <string />
            <string />
            <string />
            <string />
            <string />
        </key>
        <key name="TELESCOPE_LENS_DESCRIPTION">
            <string />
            <string />
            <string>별들을 봐</string>
            <string />
            <string />
            <string />
            <string />
            <string />
        </key>
        <key name="MOMS_LOCK_NAME">
            <string />
            <string />
            <string>엄마의 머리뭉치</string>
            <string />
            <string />
            <string />
            <string />
            <string />
        </key>
        <key name="MOMS_LOCK_DESCRIPTION">
            <string />
            <string />
            <string>잘라낸 엄마의 사랑</string>
            <string />
            <string />
            <string />
            <string />
            <string />
        </key>
        <key name="DICE_BAG_NAME">
            <string />
            <string />
            <string>주사위 가방</string>
            <string />
            <string />
            <string />
            <string />
            <string />
        </key>
        <key name="DICE_BAG_DESCRIPTION">
            <string />
            <string />
            <string>한번 더 굴려</string>
            <string />
            <string />
            <string />
            <string />
            <string />
        </key>
        <key name="HOLY_CROWN_NAME">
            <string />
            <string />
            <string>신성한 왕관</string>
            <string />
            <string />
            <string />
            <string />
            <string />
        </key>
        <key name="HOLY_CROWN_DESCRIPTION">
            <string />
            <string />
            <string>성인의 길을 걸어라</string>
            <string />
            <string />
            <string />
            <string />
            <string />
        </key>
        <key name="MOTHERS_KISS_NAME">
            <string />
            <string />
            <string>어머니의 키스</string>
            <string />
            <string />
            <string />
            <string />
            <string />
        </key>
        <key name="MOTHERS_KISS_DESCRIPTION">
            <string />
            <string />
            <string>체력 증가</string>
            <string />
            <string />
            <string />
            <string />
            <string />
        </key>
        <key name="TORN_CARD_NAME">
            <string />
            <string />
            <string>찢어진 카드</string>
            <string />
            <string />
            <string />
            <string />
            <string />
        </key>
        <key name="TORN_CARD_DESCRIPTION">
            <string />
            <string />
            <string>죽음이 기다린다</string>
            <string />
            <string />
            <string />
            <string />
            <string />
        </key>
        <key name="TORN_POCKET_NAME">
            <string />
            <string />
            <string>찢어진 주머니</string>
            <string />
            <string />
            <string />
            <string />
            <string />
        </key>
        <key name="TORN_POCKET_DESCRIPTION">
            <string />
            <string />
            <string>구멍난 주머니</string>
            <string />
            <string />
            <string />
            <string />
            <string />
        </key>
        <key name="GILDED_KEY_NAME">
            <string />
            <string />
            <string>도금 열쇠</string>
            <string />
            <string />
            <string />
            <string />
            <string />
        </key>
        <key name="GILDED_KEY_DESCRIPTION">
            <string />
            <string />
            <string>잃는 게 얻는 것</string>
            <string />
            <string />
            <string />
            <string />
            <string />
        </key>
        <key name="LUCKY_SACK_NAME">
            <string />
            <string />
            <string>복주머니</string>
            <string />
            <string />
            <string />
            <string />
            <string />
        </key>
        <key name="LUCKY_SACK_DESCRIPTION">
            <string />
            <string />
            <string>공짜 선물!</string>
            <string />
            <string />
            <string />
            <string />
            <string />
        </key>
        <key name="WICKED_CROWN_NAME">
            <string />
            <string />
            <string>사악한 왕관</string>
            <string />
            <string />
            <string />
            <string />
            <string />
        </key>
        <key name="WICKED_CROWN_DESCRIPTION">
            <string />
            <string />
            <string>악인의 길을 걸어라</string>
            <string />
            <string />
            <string />
            <string />
            <string />
        </key>
        <key name="AZAZELS_STUMP_NAME">
            <string />
            <string />
            <string>아자젤의 뿔대</string>
            <string />
            <string />
            <string />
            <string />
            <string />
        </key>
        <key name="AZAZELS_STUMP_DESCRIPTION">
            <string />
            <string />
            <string>내면의 악마를 해방시켜라</string>
            <string />
            <string />
            <string />
            <string />
            <string />
        </key>
        <key name="DINGLE_BERRY_NAME">
            <string />
            <string />
            <string>잔변</string>
            <string />
            <string />
            <string />
            <string />
            <string />
        </key>
        <key name="DINGLE_BERRY_DESCRIPTION">
            <string />
            <string />
            <string>아앗!</string>
            <string />
            <string />
            <string />
            <string />
            <string />
        </key>
        <key name="RING_CAP_NAME">
            <string />
            <string />
            <string>딱총 화약</string>
            <string />
            <string />
            <string />
            <string />
            <string />
        </key>
        <key name="RING_CAP_DESCRIPTION">
            <string />
            <string />
            <string>폭발이 두 배!</string>
            <string />
            <string />
            <string />
            <string />
            <string />
        </key>
        <key name="NUH_UH_NAME">
            <string />
            <string />
            <string>아니거든!</string>
            <string />
            <string />
            <string />
            <string />
            <string />
        </key>
        <key name="NUH_UH_DESCRIPTION">
            <string />
            <string />
            <string>싫거든!</string>
            <string />
            <string />
            <string />
            <string />
            <string />
        </key>
        <key name="MODELING_CLAY_NAME">
            <string />
            <string />
            <string>조형 찰흙</string>
            <string />
            <string />
            <string />
            <string />
            <string />
        </key>
        <key name="MODELING_CLAY_DESCRIPTION">
            <string />
            <string />
            <string>???</string>
            <string />
            <string />
            <string />
            <string />
            <string />
        </key>
        <key name="POLISHED_BONE_NAME">
            <string />
            <string />
            <string>연마한 뼈</string>
            <string />
            <string />
            <string />
            <string />
            <string />
        </key>
        <key name="POLISHED_BONE_DESCRIPTION">
            <string />
            <string />
            <string>저 너머의 친구</string>
            <string />
            <string />
            <string />
            <string />
            <string />
        </key>
        <key name="HOLLOW_HEART_NAME">
            <string />
            <string />
            <string>공허한 심장</string>
            <string />
            <string />
            <string />
            <string />
            <string />
        </key>
        <key name="HOLLOW_HEART_DESCRIPTION">
            <string />
            <string />
            <string>취약한 축복</string>
            <string />
            <string />
            <string />
            <string />
            <string />
        </key>
        <key name="KIDS_DRAWING_NAME">
            <string />
            <string />
            <string>아이의 그림</string>
            <string />
            <string />
            <string />
            <string />
            <string />
        </key>
        <key name="KIDS_DRAWING_DESCRIPTION">
            <string />
            <string />
            <string>낯이 익어 보이는데...</string>
            <string />
            <string />
            <string />
            <string />
            <string />
        </key>
        <key name="CRYSTAL_KEY_NAME">
            <string />
            <string />
            <string>수정 열쇠</string>
            <string />
            <string />
            <string />
            <string />
            <string />
        </key>
        <key name="CRYSTAL_KEY_DESCRIPTION">
            <string />
            <string />
            <string>저 너머로의 부름</string>
            <string />
            <string />
            <string />
            <string />
            <string />
        </key>
        <key name="KEEPERS_BARGAIN_NAME">
            <string />
            <string />
            <string>키퍼의 흥정</string>
            <string />
            <string />
            <string />
            <string />
            <string />
        </key>
        <key name="KEEPERS_BARGAIN_DESCRIPTION">
            <string />
            <string />
            <string>돈은 만국 공통어지</string>
            <string />
            <string />
            <string />
            <string />
            <string />
        </key>
        <key name="CURSED_PENNY_NAME">
            <string />
            <string />
            <string>저주받은 동전</string>
            <string />
            <string />
            <string />
            <string />
            <string />
        </key>
        <key name="CURSED_PENNY_DESCRIPTION">
            <string />
            <string />
            <string>비참함 부자</string>
            <string />
            <string />
            <string />
            <string />
            <string />
        </key>
        <key name="YOUR_SOUL_NAME">
            <string />
            <string />
            <string>네 영혼</string>
            <string />
            <string />
            <string />
            <string />
            <string />
        </key>
        <key name="YOUR_SOUL_DESCRIPTION">
            <string />
            <string />
            <string>제게 주세요</string>
            <string />
            <string />
            <string />
            <string />
            <string />
        </key>
        <key name="NUMBER_MAGNET_NAME">
            <string />
            <string />
            <string>숫자 자석</string>
            <string />
            <string />
            <string />
            <string />
            <string />
        </key>
        <key name="NUMBER_MAGNET_DESCRIPTION">
            <string />
            <string />
            <string>6</string>
            <string />
            <string />
            <string />
            <string />
            <string />
        </key>
        <key name="STRANGE_KEY_NAME">
            <string />
            <string />
            <string>이상한 열쇠</string>
            <string />
            <string />
            <string />
            <string />
            <string />
        </key>
        <key name="STRANGE_KEY_DESCRIPTION">
            <string />
            <string />
            <string>뭘 열 수 있을까?</string>
            <string />
            <string />
            <string />
            <string />
            <string />
        </key>
        <key name="LIL_CLOT_NAME">
            <string />
            <string />
            <string>꼬마 혈전</string>
            <string />
            <string />
            <string />
            <string />
            <string />
        </key>
        <key name="LIL_CLOT_DESCRIPTION">
            <string />
            <string />
            <string>조그만 친구</string>
            <string />
            <string />
            <string />
            <string />
            <string />
        </key>
        <key name="TEMPORARY_TATTOO_NAME">
            <string />
            <string />
            <string>스티커 문신</string>
            <string />
            <string />
            <string />
            <string />
            <string />
        </key>
        <key name="TEMPORARY_TATTOO_DESCRIPTION">
            <string />
            <string />
            <string>용감해진 느낌</string>
            <string />
            <string />
            <string />
            <string />
            <string />
        </key>
        <key name="SWALLOWED_M80_NAME">
            <string />
            <string />
            <string>삼킨 M80</string>
            <string />
            <string />
            <string />
            <string />
            <string />
        </key>
        <key name="SWALLOWED_M80_DESCRIPTION">
            <string />
            <string />
            <string>빵!</string>
            <string />
            <string />
            <string />
            <string />
            <string />
        </key>
        <key name="RC_REMOTE_NAME">
            <string />
            <string />
            <string>RC 리모콘</string>
            <string />
            <string />
            <string />
            <string />
            <string />
        </key>
        <key name="RC_REMOTE_DESCRIPTION">
            <string />
            <string />
            <string>조종할 수 있는 친구들!</string>
            <string />
            <string />
            <string />
            <string />
            <string />
        </key>
        <key name="FOUND_SOUL_NAME">
            <string />
            <string />
            <string>되찾은 영혼</string>
            <string />
            <string />
            <string />
            <string />
            <string />
        </key>
        <key name="FOUND_SOUL_DESCRIPTION">
            <string />
            <string />
            <string>마침내!</string>
            <string />
            <string />
            <string />
            <string />
            <string />
        </key>
        <key name="EXPANSION_PACK_NAME">
            <string />
            <string />
            <string>확장팩</string>
            <string />
            <string />
            <string />
            <string />
            <string />
        </key>
        <key name="EXPANSION_PACK_DESCRIPTION">
            <string />
            <string />
            <string>더해지는 재미</string>
            <string />
            <string />
            <string />
            <string />
            <string />
        </key>
        <key name="BETHS_ESSENCE_NAME">
            <string />
            <string />
            <string>베다니의 정수</string>
            <string />
            <string />
            <string />
            <string />
            <string />
        </key>
        <key name="BETHS_ESSENCE_DESCRIPTION">
            <string />
            <string />
            <string>미덕의 보상</string>
            <string />
            <string />
            <string />
            <string />
            <string />
        </key>
        <key name="THE_TWINS_NAME">
            <string />
            <string />
            <string>쌍둥이</string>
            <string />
            <string />
            <string />
            <string />
            <string />
        </key>
        <key name="THE_TWINS_DESCRIPTION">
            <string />
            <string />
            <string>두 개로 보여...</string>
            <string />
            <string />
            <string />
            <string />
            <string />
        </key>
        <key name="ADOPTION_PAPERS_NAME">
            <string />
            <string />
            <string>입양 서류</string>
            <string />
            <string />
            <string />
            <string />
            <string />
        </key>
        <key name="ADOPTION_PAPERS_DESCRIPTION">
            <string />
            <string />
            <string>가족을 찾아 줘</string>
            <string />
            <string />
            <string />
            <string />
            <string />
        </key>
        <key name="CRICKET_LEG_NAME">
            <string />
            <string />
            <string>귀뚜라미 다리</string>
            <string />
            <string />
            <string />
            <string />
            <string />
        </key>
        <key name="CRICKET_LEG_DESCRIPTION">
            <string />
            <string />
            <string>감염</string>
            <string />
            <string />
            <string />
            <string />
            <string />
        </key>
        <key name="APOLLYONS_BEST_FRIEND_NAME">
            <string />
            <string />
            <string>아폴리온의 절친</string>
            <string />
            <string />
            <string />
            <string />
            <string />
        </key>
        <key name="APOLLYONS_BEST_FRIEND_DESCRIPTION">
            <string />
            <string />
            <string>공격적인 친구</string>
            <string />
            <string />
            <string />
            <string />
            <string />
        </key>
        <key name="BROKEN_GLASSES_NAME">
            <string />
            <string />
            <string>깨진 안경</string>
            <string />
            <string />
            <string />
            <string />
            <string />
        </key>
        <key name="BROKEN_GLASSES_DESCRIPTION">
            <string />
            <string />
            <string>복시?</string>
            <string />
            <string />
            <string />
            <string />
            <string />
        </key>
        <key name="ICE_CUBE_NAME">
            <string />
            <string />
            <string>얼음 큐브</string>
            <string />
            <string />
            <string />
            <string />
            <string />
        </key>
        <key name="ICE_CUBE_DESCRIPTION">
            <string />
            <string />
            <string>얼어붙어라</string>
            <string />
            <string />
            <string />
            <string />
            <string />
        </key>
        <key name="SIGIL_OF_BAPHOMET_NAME">
            <string />
            <string />
            <string>바포메트의 인장</string>
            <string />
            <string />
            <string />
            <string />
            <string />
        </key>
        <key name="SIGIL_OF_BAPHOMET_DESCRIPTION">
            <string />
            <string />
            <string>죽음을 즐겨라</string>
            <string />
            <string />
            <string />
            <string />
            <string />
        </key>
    </category>
    <category name="Curses">
        <key name="CURSE_OF_DARKNESS_NAME">
            <string />
            <string />
            <string>어둠의 저주!</string>
            <string />
            <string />
            <string />
            <string />
            <string />
        </key>
        <key name="CURSE_OF_THE_LABYRINTH_NAME">
            <string />
            <string />
            <string>미궁의 저주!</string>
            <string />
            <string />
            <string />
            <string />
            <string />
        </key>
        <key name="CURSE_OF_THE_LOST_NAME">
            <string />
            <string />
            <string>길 잃은 자의 저주!</string>
            <string />
            <string />
            <string />
            <string />
            <string />
        </key>
        <key name="CURSE_OF_THE_UNKNOWN_NAME">
            <string />
            <string />
            <string>미지의 저주!</string>
            <string />
            <string />
            <string />
            <string />
            <string />
        </key>
        <key name="CURSE_OF_THE_CURSED_NAME">
            <string />
            <string />
            <string>저주받은 자의 저주!</string>
            <string />
            <string />
            <string />
            <string />
            <string />
        </key>
        <key name="CURSE_OF_THE_MAZE_NAME">
            <string />
            <string />
            <string>미로의 저주!</string>
            <string />
            <string />
            <string />
            <string />
            <string />
        </key>
        <key name="CURSE_OF_THE_BLIND_NAME">
            <string />
            <string />
            <string>눈먼 자의 저주!</string>
            <string />
            <string />
            <string />
            <string />
            <string />
        </key>
        <key name="CURSE_OF_THE_GIANT_NAME">
            <string />
            <string />
            <string>거인의 저주!</string>
            <string />
            <string />
            <string />
            <string />
            <string />
        </key>
    </category>
    <category name="Entities">
        <key name="FROWNING_GAPER">
            <string />
            <string />
            <string>험상궂은 게이퍼</string>
            <string />
            <string />
            <string />
            <string />
            <string />
        </key>
        <key name="GAPER">
            <string />
            <string />
            <string>게이퍼</string>
            <string />
            <string />
            <string />
            <string />
            <string />
        </key>
        <key name="FLAMING_GAPER">
            <string />
            <string />
            <string>불타는 게이퍼</string>
            <string />
            <string />
            <string />
            <string />
            <string />
        </key>
        <key name="ROTTEN_GAPER">
            <string />
            <string />
            <string>부패한 게이퍼</string>
            <string />
            <string />
            <string />
            <string />
            <string />
        </key>
        <key name="GUSHER">
            <string />
            <string />
            <string>거셔</string>
            <string />
            <string />
            <string />
            <string />
            <string />
        </key>
        <key name="PACER">
            <string />
            <string />
            <string>페이서</string>
            <string />
            <string />
            <string />
            <string />
            <string />
        </key>
        <key name="HORF">
            <string />
            <string />
            <string>홀프</string>
            <string />
            <string />
            <string />
            <string />
            <string />
        </key>
        <key name="FLY">
            <string />
            <string />
            <string>파리</string>
            <string />
            <string />
            <string />
            <string />
            <string />
        </key>
        <key name="POOTER">
            <string />
            <string />
            <string>푸터</string>
            <string />
            <string />
            <string />
            <string />
            <string />
        </key>
        <key name="SUPER_POOTER">
            <string />
            <string />
            <string>슈퍼 푸터</string>
            <string />
            <string />
            <string />
            <string />
            <string />
        </key>
        <key name="TAINTED_POOTER">
            <string />
            <string />
            <string>더럽혀진 푸터</string>
            <string />
            <string />
            <string />
            <string />
            <string />
        </key>
        <key name="CLOTTY">
            <string />
            <string />
            <string>핏고기</string>
            <string />
            <string />
            <string />
            <string />
            <string />
        </key>
        <key name="CLOT">
            <string />
            <string />
            <string>클롯</string>
            <string />
            <string />
            <string />
            <string />
            <string />
        </key>
        <key name="IBLOB">
            <string />
            <string />
            <string>I.블롭</string>
            <string />
            <string />
            <string />
            <string />
            <string />
        </key>
        <key name="GRILLED_CLOTTY">
            <string />
            <string />
            <string>구운 핏고기</string>
            <string />
            <string />
            <string />
            <string />
            <string />
        </key>
        <key name="MULLIGAN">
            <string />
            <string />
            <string>멀리건</string>
            <string />
            <string />
            <string />
            <string />
            <string />
        </key>
        <key name="MULLIGOON">
            <string />
            <string />
            <string>멀리군</string>
            <string />
            <string />
            <string />
            <string />
            <string />
        </key>
        <key name="MULLIBOOM">
            <string />
            <string />
            <string>멀리붐</string>
            <string />
            <string />
            <string />
            <string />
            <string />
        </key>
        <key name="ATTACK_FLY">
            <string />
            <string />
            <string>공격 파리</string>
            <string />
            <string />
            <string />
            <string />
            <string />
        </key>
        <key name="LARRY_JR">
            <string />
            <string />
            <string>래리 주니어</string>
            <string />
            <string />
            <string />
            <string />
            <string />
        </key>
        <key name="THE_HOLLOW">
            <string />
            <string />
            <string>공허</string>
            <string />
            <string />
            <string />
            <string />
            <string />
        </key>
        <key name="TUFF_TWIN">
            <string />
            <string />
            <string>암석 쌍둥이</string>
            <string />
            <string />
            <string />
            <string />
            <string />
        </key>
        <key name="THE_SHELL">
            <string />
            <string />
            <string>공각</string>
            <string />
            <string />
            <string />
            <string />
            <string />
        </key>
        <key name="MONSTRO">
            <string />
            <string />
            <string>몬스트로</string>
            <string />
            <string />
            <string />
            <string />
            <string />
        </key>
        <key name="MAGGOT">
            <string />
            <string />
            <string>구더기</string>
            <string />
            <string />
            <string />
            <string />
            <string />
        </key>
        <key name="HIVE">
            <string />
            <string />
            <string>하이브</string>
            <string />
            <string />
            <string />
            <string />
            <string />
        </key>
        <key name="DROWNED_HIVE">
            <string />
            <string />
            <string>익사한 하이브</string>
            <string />
            <string />
            <string />
            <string />
            <string />
        </key>
        <key name="HOLY_MULLIGAN">
            <string />
            <string />
            <string>신성한 멀리건</string>
            <string />
            <string />
            <string />
            <string />
            <string />
        </key>
        <key name="TAINTED_MULLIGAN">
            <string />
            <string />
            <string>더럽혀진 멀리건</string>
            <string />
            <string />
            <string />
            <string />
            <string />
        </key>
        <key name="CHARGER">
            <string />
            <string />
            <string>차저</string>
            <string />
            <string />
            <string />
            <string />
            <string />
        </key>
        <key name="DROWNED_CHARGER">
            <string />
            <string />
            <string>익사한 차저</string>
            <string />
            <string />
            <string />
            <string />
            <string />
        </key>
        <key name="DANK_CHARGER">
            <string />
            <string />
            <string>눅눅한 차저</string>
            <string />
            <string />
            <string />
            <string />
            <string />
        </key>
        <key name="CARRION_PRINCESS">
            <string />
            <string />
            <string>썩은 공주</string>
            <string />
            <string />
            <string />
            <string />
            <string />
        </key>
        <key name="GLOBIN">
            <string />
            <string />
            <string>글로빈</string>
            <string />
            <string />
            <string />
            <string />
            <string />
        </key>
        <key name="GAZING_GLOBIN">
            <string />
            <string />
            <string>응시하는 글로빈</string>
            <string />
            <string />
            <string />
            <string />
            <string />
        </key>
        <key name="DANK_GLOBIN">
            <string />
            <string />
            <string>눅눅한 글로빈</string>
            <string />
            <string />
            <string />
            <string />
            <string />
        </key>
        <key name="CURSED_GLOBIN">
            <string />
            <string />
            <string>저주받은 글로빈</string>
            <string />
            <string />
            <string />
            <string />
            <string />
        </key>
        <key name="BOOM_FLY">
            <string />
            <string />
            <string>붐 파리</string>
            <string />
            <string />
            <string />
            <string />
            <string />
        </key>
        <key name="RED_BOOM_FLY">
            <string />
            <string />
            <string>붉은 붐 파리</string>
            <string />
            <string />
            <string />
            <string />
            <string />
        </key>
        <key name="DROWNED_BOOM_FLY">
            <string />
            <string />
            <string>익사한 붐 파리</string>
            <string />
            <string />
            <string />
            <string />
            <string />
        </key>
        <key name="DRAGON_FLY">
            <string />
            <string />
            <string>용 파리</string>
            <string />
            <string />
            <string />
            <string />
            <string />
        </key>
        <key name="DRAGON_FLY_X">
            <string />
            <string />
            <string>용 파리 X</string>
            <string />
            <string />
            <string />
            <string />
            <string />
        </key>
        <key name="BONE_FLY">
            <string />
            <string />
            <string>본 파리</string>
            <string />
            <string />
            <string />
            <string />
            <string />
        </key>
        <key name="SICK_BOOM_FLY">
            <string />
            <string />
            <string>아픈 붐 파리</string>
            <string />
            <string />
            <string />
            <string />
            <string />
        </key>
        <key name="TAINTED_BOOM_FLY">
            <string />
            <string />
            <string>더럽혀진 붐 파리</string>
            <string />
            <string />
            <string />
            <string />
            <string />
        </key>
        <key name="MAW">
            <string />
            <string />
            <string>구렁텅이</string>
            <string />
            <string />
            <string />
            <string />
            <string />
        </key>
        <key name="RED_MAW">
            <string />
            <string />
            <string>붉은 구렁텅이</string>
            <string />
            <string />
            <string />
            <string />
            <string />
        </key>
        <key name="PSYCHIC_MAW">
            <string />
            <string />
            <string>심령술사 구렁텅이</string>
            <string />
            <string />
            <string />
            <string />
            <string />
        </key>
        <key name="HOST">
            <string />
            <string />
            <string>호스트</string>
            <string />
            <string />
            <string />
            <string />
            <string />
        </key>
        <key name="RED_HOST">
            <string />
            <string />
            <string>붉은 호스트</string>
            <string />
            <string />
            <string />
            <string />
            <string />
        </key>
        <key name="HARD_HOST">
            <string />
            <string />
            <string>단단한 호스트</string>
            <string />
            <string />
            <string />
            <string />
            <string />
        </key>
        <key name="CHUB">
            <string />
            <string />
            <string>처브</string>
            <string />
            <string />
            <string />
            <string />
            <string />
        </key>
        <key name="CHAD">
            <string />
            <string />
            <string>차드</string>
            <string />
            <string />
            <string />
            <string />
            <string />
        </key>
        <key name="THE_CARRION_QUEEN">
            <string />
            <string />
            <string>썩은 여왕</string>
            <string />
            <string />
            <string />
            <string />
            <string />
        </key>
        <key name="HOPPER">
            <string />
            <string />
            <string>호퍼</string>
            <string />
            <string />
            <string />
            <string />
            <string />
        </key>
        <key name="TRITE">
            <string />
            <string />
            <string>트라이트</string>
            <string />
            <string />
            <string />
            <string />
            <string />
        </key>
        <key name="EGGY">
            <string />
            <string />
            <string>에기</string>
            <string />
            <string />
            <string />
            <string />
            <string />
        </key>
        <key name="TAINTED_HOPPER">
            <string />
            <string />
            <string>더럽혀진 호퍼</string>
            <string />
            <string />
            <string />
            <string />
            <string />
        </key>
        <key name="BOIL">
            <string />
            <string />
            <string>붉은 거미집</string>
            <string />
            <string />
            <string />
            <string />
            <string />
        </key>
        <key name="GUT">
            <string />
            <string />
            <string>초록 거미집</string>
            <string />
            <string />
            <string />
            <string />
            <string />
        </key>
        <key name="SACK">
            <string />
            <string />
            <string>하얀 거미집</string>
            <string />
            <string />
            <string />
            <string />
            <string />
        </key>
        <key name="SPITTY">
            <string />
            <string />
            <string>스피티</string>
            <string />
            <string />
            <string />
            <string />
            <string />
        </key>
        <key name="TAINTED_SPITTY">
            <string />
            <string />
            <string>더럽혀진 스피티</string>
            <string />
            <string />
            <string />
            <string />
            <string />
        </key>
        <key name="BRAIN">
            <string />
            <string />
            <string>브레인</string>
            <string />
            <string />
            <string />
            <string />
            <string />
        </key>
        <key name="COAL">
            <string />
            <string />
            <string>석탄</string>
            <string />
            <string />
            <string />
            <string />
            <string />
        </key>
        <key name="LEAPER">
            <string />
            <string />
            <string>곡예사</string>
            <string />
            <string />
            <string />
            <string />
            <string />
        </key>
        <key name="STICKY_LEAPER">
            <string />
            <string />
            <string>끈적한 곡예사</string>
            <string />
            <string />
            <string />
            <string />
            <string />
        </key>
        <key name="MR_MAW">
            <string />
            <string />
            <string>구렁텅이 씨</string>
            <string />
            <string />
            <string />
            <string />
            <string />
        </key>
        <key name="MR_MAW_HEAD">
            <string />
            <string />
            <string>구렁텅이 씨의 머리</string>
            <string />
            <string />
            <string />
            <string />
            <string />
        </key>
        <key name="MR_RED_MAW">
            <string />
            <string />
            <string>붉은 구렁텅이 씨</string>
            <string />
            <string />
            <string />
            <string />
            <string />
        </key>
        <key name="MR_RED_MAW_HEAD">
            <string />
            <string />
            <string>붉은 구렁텅이 씨의 머리</string>
            <string />
            <string />
            <string />
            <string />
            <string />
        </key>
        <key name="GURDY">
            <string />
            <string />
            <string>거디</string>
            <string />
            <string />
            <string />
            <string />
            <string />
        </key>
        <key name="BABY">
            <string />
            <string />
            <string>아기</string>
            <string />
            <string />
            <string />
            <string />
            <string />
        </key>
        <key name="ANGELIC_BABY">
            <string />
            <string />
            <string>천사 같은 아기</string>
            <string />
            <string />
            <string />
            <string />
            <string />
        </key>
        <key name="ULTRA_PRIDE_BABY">
            <string />
            <string />
            <string>왕 교만의 아기</string>
            <string />
            <string />
            <string />
            <string />
            <string />
        </key>
        <key name="WRINKLY_BABY">
            <string />
            <string />
            <string>쭈글쭈글한 아기</string>
            <string />
            <string />
            <string />
            <string />
            <string />
        </key>
        <key name="VIS">
            <string />
            <string />
            <string>비스</string>
            <string />
            <string />
            <string />
            <string />
            <string />
        </key>
        <key name="DOUBLE_VIS">
            <string />
            <string />
            <string>더블 비스</string>
            <string />
            <string />
            <string />
            <string />
            <string />
        </key>
        <key name="CHUBBER">
            <string />
            <string />
            <string>처버</string>
            <string />
            <string />
            <string />
            <string />
            <string />
        </key>
        <key name="SCARRED_DOUBLE_VIS">
            <string />
            <string />
            <string>상처난 더블 비스</string>
            <string />
            <string />
            <string />
            <string />
            <string />
        </key>
        <key name="GUTS">
            <string />
            <string />
            <string>내장</string>
            <string />
            <string />
            <string />
            <string />
            <string />
        </key>
        <key name="SCARRED_GUTS">
            <string />
            <string />
            <string>상처난 내장</string>
            <string />
            <string />
            <string />
            <string />
            <string />
        </key>
        <key name="SLOG">
            <string />
            <string />
            <string>슬로그</string>
            <string />
            <string />
            <string />
            <string />
            <string />
        </key>
        <key name="KNIGHT">
            <string />
            <string />
            <string>나이트</string>
            <string />
            <string />
            <string />
            <string />
            <string />
        </key>
        <key name="SELFLESS_KNIGHT">
            <string />
            <string />
            <string>이타적인 나이트</string>
            <string />
            <string />
            <string />
            <string />
            <string />
        </key>
        <key name="LOOSE_KNIGHT">
            <string />
            <string />
            <string>헐거운 나이트</string>
            <string />
            <string />
            <string />
            <string />
            <string />
        </key>
        <key name="BRAINLESS_KNIGHT">
            <string />
            <string />
            <string>무뇌 나이트</string>
            <string />
            <string />
            <string />
            <string />
            <string />
        </key>
        <key name="BLACK_KNIGHT">
            <string />
            <string />
            <string>블랙 나이트</string>
            <string />
            <string />
            <string />
            <string />
            <string />
        </key>
        <key name="STONE_GRIMACE">
            <string />
            <string />
            <string>찡그린 바위</string>
            <string />
            <string />
            <string />
            <string />
            <string />
        </key>
        <key name="VOMIT_GRIMACE">
            <string />
            <string />
            <string>찡그린 바위</string>
            <string />
            <string />
            <string />
            <string />
            <string />
        </key>
        <key name="TRIPLE_GRIMACE">
            <string />
            <string />
            <string>찡그린 세 눈</string>
            <string />
            <string />
            <string />
            <string />
            <string />
        </key>
        <key name="MONSTRO_II">
            <string />
            <string />
            <string>몬스트로 2</string>
            <string />
            <string />
            <string />
            <string />
            <string />
        </key>
        <key name="GISH">
            <string />
            <string />
            <string>기쉬</string>
            <string />
            <string />
            <string />
            <string />
            <string />
        </key>
        <key name="POKY">
            <string />
            <string />
            <string>포키</string>
            <string />
            <string />
            <string />
            <string />
            <string />
        </key>
        <key name="SLIDE">
            <string />
            <string />
            <string>슬라이드</string>
            <string />
            <string />
            <string />
            <string />
            <string />
        </key>
        <key name="MOM">
            <string />
            <string />
            <string>엄마</string>
            <string />
            <string />
            <string />
            <string />
            <string />
        </key>
        <key name="SLOTH">
            <string />
            <string />
            <string>나태</string>
            <string />
            <string />
            <string />
            <string />
            <string />
        </key>
        <key name="SUPER_SLOTH">
            <string />
            <string />
            <string>초 나태</string>
            <string />
            <string />
            <string />
            <string />
            <string />
        </key>
        <key name="ULTRA_PRIDE">
            <string />
            <string />
            <string>왕 교만</string>
            <string />
            <string />
            <string />
            <string />
            <string />
        </key>
        <key name="LUST">
            <string />
            <string />
            <string>성욕</string>
            <string />
            <string />
            <string />
            <string />
            <string />
        </key>
        <key name="SUPER_LUST">
            <string />
            <string />
            <string>초 성욕</string>
            <string />
            <string />
            <string />
            <string />
            <string />
        </key>
        <key name="WRATH">
            <string />
            <string />
            <string>분노</string>
            <string />
            <string />
            <string />
            <string />
            <string />
        </key>
        <key name="SUPER_WRATH">
            <string />
            <string />
            <string>초 분노</string>
            <string />
            <string />
            <string />
            <string />
            <string />
        </key>
        <key name="GLUTTONY">
            <string />
            <string />
            <string>대식</string>
            <string />
            <string />
            <string />
            <string />
            <string />
        </key>
        <key name="SUPER_GLUTTONY">
            <string />
            <string />
            <string>초 대식</string>
            <string />
            <string />
            <string />
            <string />
            <string />
        </key>
        <key name="GREED">
            <string />
            <string />
            <string>탐욕</string>
            <string />
            <string />
            <string />
            <string />
            <string />
        </key>
        <key name="SUPER_GREED">
            <string />
            <string />
            <string>초 탐욕</string>
            <string />
            <string />
            <string />
            <string />
            <string />
        </key>
        <key name="ENVY">
            <string />
            <string />
            <string>질투</string>
            <string />
            <string />
            <string />
            <string />
            <string />
        </key>
        <key name="SUPER_ENVY">
            <string />
            <string />
            <string>초 질투</string>
            <string />
            <string />
            <string />
            <string />
            <string />
        </key>
        <key name="PRIDE">
            <string />
            <string />
            <string>교만</string>
            <string />
            <string />
            <string />
            <string />
            <string />
        </key>
        <key name="SUPER_PRIDE">
            <string />
            <string />
            <string>초 교만</string>
            <string />
            <string />
            <string />
            <string />
            <string />
        </key>
        <key name="DOPLE">
            <string />
            <string />
            <string>도플</string>
            <string />
            <string />
            <string />
            <string />
            <string />
        </key>
        <key name="EVIL_TWIN">
            <string />
            <string />
            <string>사악한 쌍둥이</string>
            <string />
            <string />
            <string />
            <string />
            <string />
        </key>
        <key name="FLAMING_HOPPER">
            <string />
            <string />
            <string>불타는 호퍼</string>
            <string />
            <string />
            <string />
            <string />
            <string />
        </key>
        <key name="LEECH">
            <string />
            <string />
            <string>거머리</string>
            <string />
            <string />
            <string />
            <string />
            <string />
        </key>
        <key name="KAMIKAZE_LEECH">
            <string />
            <string />
            <string>가미카제 거머리</string>
            <string />
            <string />
            <string />
            <string />
            <string />
        </key>
        <key name="HOLY_LEECH">
            <string />
            <string />
            <string>신성한 거머리</string>
            <string />
            <string />
            <string />
            <string />
            <string />
        </key>
        <key name="LUMP">
            <string />
            <string />
            <string>응어리</string>
            <string />
            <string />
            <string />
            <string />
            <string />
        </key>
        <key name="MEMBRAIN">
            <string />
            <string />
            <string>멤브레인</string>
            <string />
            <string />
            <string />
            <string />
            <string />
        </key>
        <key name="MAMA_GUTS">
            <string />
            <string />
            <string>엄마의 내장</string>
            <string />
            <string />
            <string />
            <string />
            <string />
        </key>
        <key name="DEAD_MEAT">
            <string />
            <string />
            <string>죽은 고기</string>
            <string />
            <string />
            <string />
            <string />
            <string />
        </key>
        <key name="PARABITE">
            <string />
            <string />
            <string>파라바이트</string>
            <string />
            <string />
            <string />
            <string />
            <string />
        </key>
        <key name="SCARRED_PARABITE">
            <string />
            <string />
            <string>상처난 파라바이트</string>
            <string />
            <string />
            <string />
            <string />
            <string />
        </key>
        <key name="FRED">
            <string />
            <string />
            <string>프레드</string>
            <string />
            <string />
            <string />
            <string />
            <string />
        </key>
        <key name="EYE">
            <string />
            <string />
            <string>눈</string>
            <string />
            <string />
            <string />
            <string />
            <string />
        </key>
        <key name="BLOODSHOT_EYE">
            <string />
            <string />
            <string>충혈된 눈</string>
            <string />
            <string />
            <string />
            <string />
            <string />
        </key>
        <key name="HOLY_EYE">
            <string />
            <string />
            <string>신성한 눈</string>
            <string />
            <string />
            <string />
            <string />
            <string />
        </key>
        <key name="SUCKER">
            <string />
            <string />
            <string>따라오는 파리</string>
            <string />
            <string />
            <string />
            <string />
            <string />
        </key>
        <key name="SPIT">
            <string />
            <string />
            <string>침뱉는 파리</string>
            <string />
            <string />
            <string />
            <string />
            <string />
        </key>
        <key name="SOUL_SUCKER">
            <string />
            <string />
            <string>영혼 따라오는 파리</string>
            <string />
            <string />
            <string />
            <string />
            <string />
        </key>
        <key name="INK">
            <string />
            <string />
            <string>먹물 파리</string>
            <string />
            <string />
            <string />
            <string />
            <string />
        </key>
        <key name="MAMA_FLY">
            <string />
            <string />
            <string>엄마 파리</string>
            <string />
            <string />
            <string />
            <string />
            <string />
        </key>
        <key name="BULB">
            <string />
            <string />
            <string>전구</string>
            <string />
            <string />
            <string />
            <string />
            <string />
        </key>
        <key name="BLOODFLY">
            <string />
            <string />
            <string>핏빛 파리</string>
            <string />
            <string />
            <string />
            <string />
            <string />
        </key>
        <key name="TAINTED_SUCKER">
            <string />
            <string />
            <string>더럽혀진 따라오는 파리</string>
            <string />
            <string />
            <string />
            <string />
            <string />
        </key>
        <key name="PIN">
            <string />
            <string />
            <string>핀</string>
            <string />
            <string />
            <string />
            <string />
            <string />
        </key>
        <key name="SCOLEX">
            <string />
            <string />
            <string>두절</string>
            <string />
            <string />
            <string />
            <string />
            <string />
        </key>
        <key name="THE_FRAIL">
            <string />
            <string />
            <string>노쇠</string>
            <string />
            <string />
            <string />
            <string />
            <string />
        </key>
        <key name="WORMWOOD">
            <string />
            <string />
            <string>웜우드</string>
            <string />
            <string />
            <string />
            <string />
            <string />
        </key>
        <key name="FAMINE">
            <string />
            <string />
            <string>기근</string>
            <string />
            <string />
            <string />
            <string />
            <string />
        </key>
        <key name="PESTILENCE">
            <string />
            <string />
            <string>역병</string>
            <string />
            <string />
            <string />
            <string />
            <string />
        </key>
        <key name="WAR">
            <string />
            <string />
            <string>전쟁</string>
            <string />
            <string />
            <string />
            <string />
            <string />
        </key>
        <key name="CONQUEST">
            <string />
            <string />
            <string>정복</string>
            <string />
            <string />
            <string />
            <string />
            <string />
        </key>
        <key name="DEATH">
            <string />
            <string />
            <string>죽음</string>
            <string />
            <string />
            <string />
            <string />
            <string />
        </key>
        <key name="THE_DUKE_OF_FLIES">
            <string />
            <string />
            <string>파리 공작</string>
            <string />
            <string />
            <string />
            <string />
            <string />
        </key>
        <key name="THE_HUSK">
            <string />
            <string />
            <string>겉껍질</string>
            <string />
            <string />
            <string />
            <string />
            <string />
        </key>
        <key name="PEEP">
            <string />
            <string />
            <string>오줌보</string>
            <string />
            <string />
            <string />
            <string />
            <string />
        </key>
        <key name="THE_BLOAT">
            <string />
            <string />
            <string>고창증</string>
            <string />
            <string />
            <string />
            <string />
            <string />
        </key>
        <key name="LOKI">
            <string />
            <string />
            <string>로키</string>
            <string />
            <string />
            <string />
            <string />
            <string />
        </key>
        <key name="LOKII">
            <string />
            <string />
            <string>로키이</string>
            <string />
            <string />
            <string />
            <string />
            <string />
        </key>
        <key name="FISTULA">
            <string />
            <string />
            <string>누공</string>
            <string />
            <string />
            <string />
            <string />
            <string />
        </key>
        <key name="TERATOMA">
            <string />
            <string />
            <string>테라토마</string>
            <string />
            <string />
            <string />
            <string />
            <string />
        </key>
        <key name="BLASTOCYST">
            <string />
            <string />
            <string>배반포</string>
            <string />
            <string />
            <string />
            <string />
            <string />
        </key>
        <key name="EMBRYO">
            <string />
            <string />
            <string>배아</string>
            <string />
            <string />
            <string />
            <string />
            <string />
        </key>
        <key name="MOMS_HEART">
            <string />
            <string />
            <string>엄마의 심장</string>
            <string />
            <string />
            <string />
            <string />
            <string />
        </key>
        <key name="IT_LIVES">
            <string />
            <string />
            <string>핏덩이</string>
            <string />
            <string />
            <string />
            <string />
            <string />
        </key>
        <key name="MOMS_GUTS">
            <string />
            <string />
            <string>엄마의 내장</string>
            <string />
            <string />
            <string />
            <string />
            <string />
        </key>
        <key name="GEMINI">
            <string />
            <string />
            <string>쌍둥이</string>
            <string />
            <string />
            <string />
            <string />
            <string />
        </key>
        <key name="STEVEN">
            <string />
            <string />
            <string>스티븐</string>
            <string />
            <string />
            <string />
            <string />
            <string />
        </key>
        <key name="THE_BLIGHTED_OVUM">
            <string />
            <string />
            <string>계류유산</string>
            <string />
            <string />
            <string />
            <string />
            <string />
        </key>
        <key name="GEMINI_BABY">
            <string />
            <string />
            <string>쌍둥이 아기</string>
            <string />
            <string />
            <string />
            <string />
            <string />
        </key>
        <key name="STEVEN_BABY">
            <string />
            <string />
            <string>스티븐 아기</string>
            <string />
            <string />
            <string />
            <string />
            <string />
        </key>
        <key name="THE_BLIGHTED_OVUM_BABY">
            <string />
            <string />
            <string>계류유산 아기</string>
            <string />
            <string />
            <string />
            <string />
            <string />
        </key>
        <key name="MOTER">
            <string />
            <string />
            <string>모터 파리</string>
            <string />
            <string />
            <string />
            <string />
            <string />
        </key>
        <key name="THE_FALLEN">
            <string />
            <string />
            <string>타락한 자</string>
            <string />
            <string />
            <string />
            <string />
            <string />
        </key>
        <key name="KRAMPUS">
            <string />
            <string />
            <string>크람푸스</string>
            <string />
            <string />
            <string />
            <string />
            <string />
        </key>
        <key name="HEADLESS_HORSEMAN">
            <string />
            <string />
            <string>머리없는 기마병</string>
            <string />
            <string />
            <string />
            <string />
            <string />
        </key>
        <key name="HEADLESS_HORSEMANS_HEAD">
            <string />
            <string />
            <string>머리없는 기마병의 머리</string>
            <string />
            <string />
            <string />
            <string />
            <string />
        </key>
        <key name="SATAN">
            <string />
            <string />
            <string>사탄</string>
            <string />
            <string />
            <string />
            <string />
            <string />
        </key>
        <key name="SPIDER">
            <string />
            <string />
            <string>거미</string>
            <string />
            <string />
            <string />
            <string />
            <string />
        </key>
        <key name="KEEPER">
            <string />
            <string />
            <string>주인장</string>
            <string />
            <string />
            <string />
            <string />
            <string />
        </key>
        <key name="GURGLE">
            <string />
            <string />
            <string>가글</string>
            <string />
            <string />
            <string />
            <string />
            <string />
        </key>
        <key name="CRACKLE">
            <string />
            <string />
            <string>크래클</string>
            <string />
            <string />
            <string />
            <string />
            <string />
        </key>
        <key name="WALKING_BOIL">
            <string />
            <string />
            <string>걸어다니는 붉은 거미집</string>
            <string />
            <string />
            <string />
            <string />
            <string />
        </key>
        <key name="WALKING_GUT">
            <string />
            <string />
            <string>걸어다니는 초록 거미집</string>
            <string />
            <string />
            <string />
            <string />
            <string />
        </key>
        <key name="WALKING_SACK">
            <string />
            <string />
            <string>걸어다니는 하얀 거미집</string>
            <string />
            <string />
            <string />
            <string />
            <string />
        </key>
        <key name="BUTTLICKER">
            <string />
            <string />
            <string>버트리커</string>
            <string />
            <string />
            <string />
            <string />
            <string />
        </key>
        <key name="HANGER">
            <string />
            <string />
            <string>매달린 자</string>
            <string />
            <string />
            <string />
            <string />
            <string />
        </key>
        <key name="SWARMER">
            <string />
            <string />
            <string>파리군주</string>
            <string />
            <string />
            <string />
            <string />
            <string />
        </key>
        <key name="HEART">
            <string />
            <string />
            <string>심장</string>
            <string />
            <string />
            <string />
            <string />
            <string />
        </key>
        <key name="HALF_HEART">
            <string />
            <string />
            <string>1/2 심장</string>
            <string />
            <string />
            <string />
            <string />
            <string />
        </key>
        <key name="MASK">
            <string />
            <string />
            <string>가면</string>
            <string />
            <string />
            <string />
            <string />
            <string />
        </key>
        <key name="MASK_II">
            <string />
            <string />
            <string>가면 II</string>
            <string />
            <string />
            <string />
            <string />
            <string />
        </key>
        <key name="BIG_SPIDER">
            <string />
            <string />
            <string>큰거미</string>
            <string />
            <string />
            <string />
            <string />
            <string />
        </key>
        <key name="ETERNAL_FLY">
            <string />
            <string />
            <string>영원한 파리</string>
            <string />
            <string />
            <string />
            <string />
            <string />
        </key>
        <key name="MASK_OF_INFAMY">
            <string />
            <string />
            <string>악명 높은 가면</string>
            <string />
            <string />
            <string />
            <string />
            <string />
        </key>
        <key name="HEART_OF_INFAMY">
            <string />
            <string />
            <string>악명 높은 심장</string>
            <string />
            <string />
            <string />
            <string />
            <string />
        </key>
        <key name="GURDY_JR">
            <string />
            <string />
            <string>거디 주니어</string>
            <string />
            <string />
            <string />
            <string />
            <string />
        </key>
        <key name="WIDOW">
            <string />
            <string />
            <string>과부</string>
            <string />
            <string />
            <string />
            <string />
            <string />
        </key>
        <key name="THE_WRETCHED">
            <string />
            <string />
            <string>흉물</string>
            <string />
            <string />
            <string />
            <string />
            <string />
        </key>
        <key name="DADDY_LONG_LEGS">
            <string />
            <string />
            <string>장님거미</string>
            <string />
            <string />
            <string />
            <string />
            <string />
        </key>
        <key name="TRIACHNID">
            <string />
            <string />
            <string>세다리거미</string>
            <string />
            <string />
            <string />
            <string />
            <string />
        </key>
        <key name="ISAAC">
            <string />
            <string />
            <string>아이작</string>
            <string />
            <string />
            <string />
            <string />
            <string />
        </key>
        <key name="BLUEBABY">
            <string />
            <string />
            <string>???</string>
            <string />
            <string />
            <string />
            <string />
            <string />
        </key>
        <key name="STONE_EYE">
            <string />
            <string />
            <string>석화된 눈</string>
            <string />
            <string />
            <string />
            <string />
            <string />
        </key>
        <key name="CONSTANT_STONE_SHOOTER">
            <string />
            <string />
            <string>연사하는 돌머리</string>
            <string />
            <string />
            <string />
            <string />
            <string />
        </key>
        <key name="CROSS_STONE_SHOOTER">
            <string />
            <string />
            <string>십자 돌머리</string>
            <string />
            <string />
            <string />
            <string />
            <string />
        </key>
        <key name="BRIMSTONE_HEAD">
            <string />
            <string />
            <string>유황 머리</string>
            <string />
            <string />
            <string />
            <string />
            <string />
        </key>
        <key name="MOBILE_HOST">
            <string />
            <string />
            <string>이동식 호스트</string>
            <string />
            <string />
            <string />
            <string />
            <string />
        </key>
        <key name="NEST">
            <string />
            <string />
            <string>둥지</string>
            <string />
            <string />
            <string />
            <string />
            <string />
        </key>
        <key name="BABY_LONG_LEGS">
            <string />
            <string />
            <string>키다리 아기</string>
            <string />
            <string />
            <string />
            <string />
            <string />
        </key>
        <key name="SMALL_BABY_LONG_LEGS">
            <string />
            <string />
            <string>작은 키다리 아기</string>
            <string />
            <string />
            <string />
            <string />
            <string />
        </key>
        <key name="CRAZY_LONG_LEGS">
            <string />
            <string />
            <string>미친 키다리 아기</string>
            <string />
            <string />
            <string />
            <string />
            <string />
        </key>
        <key name="SMALL_CRAZY_LONG_LEGS">
            <string />
            <string />
            <string>작고 미친 키다리 아기</string>
            <string />
            <string />
            <string />
            <string />
            <string />
        </key>
        <key name="FATTY">
            <string />
            <string />
            <string>뚱뚱보</string>
            <string />
            <string />
            <string />
            <string />
            <string />
        </key>
        <key name="PALE_FATTY">
            <string />
            <string />
            <string>창백한 뚱뚱보</string>
            <string />
            <string />
            <string />
            <string />
            <string />
        </key>
        <key name="FLAMING_FATTY">
            <string />
            <string />
            <string>불타는 뚱뚱보</string>
            <string />
            <string />
            <string />
            <string />
            <string />
        </key>
        <key name="FAT_SACK">
            <string />
            <string />
            <string>피투성이 뚱뚱보</string>
            <string />
            <string />
            <string />
            <string />
            <string />
        </key>
        <key name="BLUBBER">
            <string />
            <string />
            <string>뚱뚱보의 몸</string>
            <string />
            <string />
            <string />
            <string />
            <string />
        </key>
        <key name="HALF_SACK">
            <string />
            <string />
            <string>뚱뚱보의 하체</string>
            <string />
            <string />
            <string />
            <string />
            <string />
        </key>
        <key name="DEATHS_HEAD">
            <string />
            <string />
            <string>죽음의 머리</string>
            <string />
            <string />
            <string />
            <string />
            <string />
        </key>
        <key name="DANK_DEATHS_HEAD">
            <string />
            <string />
            <string>검은 죽음의 머리</string>
            <string />
            <string />
            <string />
            <string />
            <string />
        </key>
        <key name="CURSED_DEATHS_HEAD">
            <string />
            <string />
            <string>저주받은 죽음의 머리</string>
            <string />
            <string />
            <string />
            <string />
            <string />
        </key>
        <key name="BRIMSTONE_DEATHS_HEAD">
            <string />
            <string />
            <string>유황 죽음의 머리</string>
            <string />
            <string />
            <string />
            <string />
            <string />
        </key>
        <key name="REDSKULL">
            <string />
            <string />
            <string>붉은 해골</string>
            <string />
            <string />
            <string />
            <string />
            <string />
        </key>
        <key name="MOMS_HAND">
            <string />
            <string />
            <string>엄마의 손</string>
            <string />
            <string />
            <string />
            <string />
            <string />
        </key>
        <key name="LEVEL_2_FLY">
            <string />
            <string />
            <string>lvl2 파리</string>
            <string />
            <string />
            <string />
            <string />
            <string />
        </key>
        <key name="LEVEL_2_SPIDER">
            <string />
            <string />
            <string>lvl2 거미</string>
            <string />
            <string />
            <string />
            <string />
            <string />
        </key>
        <key name="SWINGER">
            <string />
            <string />
            <string>스윙어</string>
            <string />
            <string />
            <string />
            <string />
            <string />
        </key>
        <key name="SWINGER_HEAD">
            <string />
            <string />
            <string>스윙어의 머리</string>
            <string />
            <string />
            <string />
            <string />
            <string />
        </key>
        <key name="DIP">
            <string />
            <string />
            <string>딥</string>
            <string />
            <string />
            <string />
            <string />
            <string />
        </key>
        <key name="CORN">
            <string />
            <string />
            <string>콘</string>
            <string />
            <string />
            <string />
            <string />
            <string />
        </key>
        <key name="BROWNIE_CORN">
            <string />
            <string />
            <string>브라우니 콘</string>
            <string />
            <string />
            <string />
            <string />
            <string />
        </key>
        <key name="BIG_CORN">
            <string />
            <string />
            <string>큰 콘</string>
            <string />
            <string />
            <string />
            <string />
            <string />
        </key>
        <key name="WALL_HUGGER">
            <string />
            <string />
            <string>가시 함정</string>
            <string />
            <string />
            <string />
            <string />
            <string />
        </key>
        <key name="WIZOOB">
            <string />
            <string />
            <string>위즈브</string>
            <string />
            <string />
            <string />
            <string />
            <string />
        </key>
        <key name="SQUIRT">
            <string />
            <string />
            <string>응가</string>
            <string />
            <string />
            <string />
            <string />
            <string />
        </key>
        <key name="DANK_SQUIRT">
            <string />
            <string />
            <string>눅눅한 응가</string>
            <string />
            <string />
            <string />
            <string />
            <string />
        </key>
        <key name="COD_WORM">
            <string />
            <string />
            <string>바깥지렁이</string>
            <string />
            <string />
            <string />
            <string />
            <string />
        </key>
        <key name="RING_FLY">
            <string />
            <string />
            <string>원 파리</string>
            <string />
            <string />
            <string />
            <string />
            <string />
        </key>
        <key name="DINGA">
            <string />
            <string />
            <string>똥</string>
            <string />
            <string />
            <string />
            <string />
            <string />
        </key>
        <key name="OOB">
            <string />
            <string />
            <string>우브</string>
            <string />
            <string />
            <string />
            <string />
            <string />
        </key>
        <key name="BLACK_MAW">
            <string />
            <string />
            <string>검은 구렁텅이</string>
            <string />
            <string />
            <string />
            <string />
            <string />
        </key>
        <key name="SKINNY">
            <string />
            <string />
            <string>스키니</string>
            <string />
            <string />
            <string />
            <string />
            <string />
        </key>
        <key name="ROTTY">
            <string />
            <string />
            <string>로티</string>
            <string />
            <string />
            <string />
            <string />
            <string />
        </key>
        <key name="CRISPY">
            <string />
            <string />
            <string>크리스피</string>
            <string />
            <string />
            <string />
            <string />
            <string />
        </key>
        <key name="BONY">
            <string />
            <string />
            <string>해골</string>
            <string />
            <string />
            <string />
            <string />
            <string />
        </key>
        <key name="HOLY_BONY">
            <string />
            <string />
            <string>신성한 해골</string>
            <string />
            <string />
            <string />
            <string />
            <string />
        </key>
        <key name="HOMUNCULUS">
            <string />
            <string />
            <string>호문쿨루스</string>
            <string />
            <string />
            <string />
            <string />
            <string />
        </key>
        <key name="TUMOR">
            <string />
            <string />
            <string>종양</string>
            <string />
            <string />
            <string />
            <string />
            <string />
        </key>
        <key name="PLANETOID">
            <string />
            <string />
            <string>플레인토이드</string>
            <string />
            <string />
            <string />
            <string />
            <string />
        </key>
        <key name="CAMILLO_JR">
            <string />
            <string />
            <string>카미로 주니어</string>
            <string />
            <string />
            <string />
            <string />
            <string />
        </key>
        <key name="NERVE_ENDING">
            <string />
            <string />
            <string>너브 엔딩</string>
            <string />
            <string />
            <string />
            <string />
            <string />
        </key>
        <key name="NERVE_ENDING_2">
            <string />
            <string />
            <string>너브 엔딩 2</string>
            <string />
            <string />
            <string />
            <string />
            <string />
        </key>
        <key name="ONE_TOOTH">
            <string />
            <string />
            <string>이빨 빠진 박쥐</string>
            <string />
            <string />
            <string />
            <string />
            <string />
        </key>
        <key name="GAPING_MAW">
            <string />
            <string />
            <string>입 버린 구렁텅이</string>
            <string />
            <string />
            <string />
            <string />
            <string />
        </key>
        <key name="BROKEN_GAPING_MAW">
            <string />
            <string />
            <string>망가진 입 버린 구렁텅이</string>
            <string />
            <string />
            <string />
            <string />
            <string />
        </key>
        <key name="GURGLING">
            <string />
            <string />
            <string>거글링</string>
            <string />
            <string />
            <string />
            <string />
            <string />
        </key>
        <key name="GURGLING_BOSS">
            <string />
            <string />
            <string>거글링 (보스)</string>
            <string />
            <string />
            <string />
            <string />
            <string />
        </key>
        <key name="TURDLING">
            <string />
            <string />
            <string>응가링</string>
            <string />
            <string />
            <string />
            <string />
            <string />
        </key>
        <key name="SPLASHER">
            <string />
            <string />
            <string>스플레셔</string>
            <string />
            <string />
            <string />
            <string />
            <string />
        </key>
        <key name="GRUB">
            <string />
            <string />
            <string>유충</string>
            <string />
            <string />
            <string />
            <string />
            <string />
        </key>
        <key name="CORPSE_EATER">
            <string />
            <string />
            <string>시체 먹보</string>
            <string />
            <string />
            <string />
            <string />
            <string />
        </key>
        <key name="CARRION_RIDER">
            <string />
            <string />
            <string>썩은 기수</string>
            <string />
            <string />
            <string />
            <string />
            <string />
        </key>
        <key name="WALL_CREEP">
            <string />
            <string />
            <string>벽타는 크리프</string>
            <string />
            <string />
            <string />
            <string />
            <string />
        </key>
        <key name="SOY_CREEP">
            <string />
            <string />
            <string>콩리프</string>
            <string />
            <string />
            <string />
            <string />
            <string />
        </key>
        <key name="RAG_CREEP">
            <string />
            <string />
            <string>누더기 크리프</string>
            <string />
            <string />
            <string />
            <string />
            <string />
        </key>
        <key name="TAINTED_SOY_CREEP">
            <string />
            <string />
            <string>더럽혀진 콩리프</string>
            <string />
            <string />
            <string />
            <string />
            <string />
        </key>
        <key name="RAGE_CREEP">
            <string />
            <string />
            <string>격노한 크리프</string>
            <string />
            <string />
            <string />
            <string />
            <string />
        </key>
        <key name="SPLIT_RAGE_CREEP">
            <string />
            <string />
            <string>분열된 격노한 크리프</string>
            <string />
            <string />
            <string />
            <string />
            <string />
        </key>
        <key name="BLIND_CREEP">
            <string />
            <string />
            <string>눈먼 크리프</string>
            <string />
            <string />
            <string />
            <string />
            <string />
        </key>
        <key name="CONJOINED_SPITTY">
            <string />
            <string />
            <string>샴쌍둥이 스피티</string>
            <string />
            <string />
            <string />
            <string />
            <string />
        </key>
        <key name="ROUND_WORM">
            <string />
            <string />
            <string>낮지렁이</string>
            <string />
            <string />
            <string />
            <string />
            <string />
        </key>
        <key name="TUBE_WORM">
            <string />
            <string />
            <string>관지렁이</string>
            <string />
            <string />
            <string />
            <string />
            <string />
        </key>
        <key name="TAINTED_ROUND_WORM">
            <string />
            <string />
            <string>더럽혀진 낮지렁이</string>
            <string />
            <string />
            <string />
            <string />
            <string />
        </key>
        <key name="TAINTED_TUBE_WORM">
            <string />
            <string />
            <string>더럽혀진 관지렁이</string>
            <string />
            <string />
            <string />
            <string />
            <string />
        </key>
        <key name="RAGLING">
            <string />
            <string />
            <string>랭링</string>
            <string />
            <string />
            <string />
            <string />
            <string />
        </key>
        <key name="FLESH_MOBILE_HOST">
            <string />
            <string />
            <string>이동식 핏고기 호스트</string>
            <string />
            <string />
            <string />
            <string />
            <string />
        </key>
        <key name="PSYCHIC_HORF">
            <string />
            <string />
            <string>심령술사 홀프</string>
            <string />
            <string />
            <string />
            <string />
            <string />
        </key>
        <key name="FULL_FLY">
            <string />
            <string />
            <string>커다란 파리</string>
            <string />
            <string />
            <string />
            <string />
            <string />
        </key>
        <key name="TICKING_SPIDER">
            <string />
            <string />
            <string>똑딱 거미</string>
            <string />
            <string />
            <string />
            <string />
            <string />
        </key>
        <key name="BEGOTTEN">
            <string />
            <string />
            <string>비가튼</string>
            <string />
            <string />
            <string />
            <string />
            <string />
        </key>
        <key name="NULLS">
            <string />
            <string />
            <string>널</string>
            <string />
            <string />
            <string />
            <string />
            <string />
        </key>
        <key name="PSY_TUMOR">
            <string />
            <string />
            <string>불안한 종양</string>
            <string />
            <string />
            <string />
            <string />
            <string />
        </key>
        <key name="FLOATING_KNIGHT">
            <string />
            <string />
            <string>떠다니는 나이트</string>
            <string />
            <string />
            <string />
            <string />
            <string />
        </key>
        <key name="NIGHT_CRAWLER">
            <string />
            <string />
            <string>밤지렁이</string>
            <string />
            <string />
            <string />
            <string />
            <string />
        </key>
        <key name="DART_FLY">
            <string />
            <string />
            <string>다트 파리</string>
            <string />
            <string />
            <string />
            <string />
            <string />
        </key>
        <key name="CONJOINED_FATTY">
            <string />
            <string />
            <string>샴쌍둥이 뚱뚱보</string>
            <string />
            <string />
            <string />
            <string />
            <string />
        </key>
        <key name="BLUE_CONJOINED_FATTY">
            <string />
            <string />
            <string>푸른 샴쌍둥이 뚱뚱보</string>
            <string />
            <string />
            <string />
            <string />
            <string />
        </key>
        <key name="FAT_BAT">
            <string />
            <string />
            <string>뚱뚱한 박쥐</string>
            <string />
            <string />
            <string />
            <string />
            <string />
        </key>
        <key name="IMP">
            <string />
            <string />
            <string>임프</string>
            <string />
            <string />
            <string />
            <string />
            <string />
        </key>
        <key name="HAUNT">
            <string />
            <string />
            <string>유령</string>
            <string />
            <string />
            <string />
            <string />
            <string />
        </key>
        <key name="LIL_HAUNT">
            <string />
            <string />
            <string>작은 유령</string>
            <string />
            <string />
            <string />
            <string />
            <string />
        </key>
        <key name="DINGLE">
            <string />
            <string />
            <string>딩글</string>
            <string />
            <string />
            <string />
            <string />
            <string />
        </key>
        <key name="DANGLE">
            <string />
            <string />
            <string>댕글</string>
            <string />
            <string />
            <string />
            <string />
            <string />
        </key>
        <key name="MEGA_MAW">
            <string />
            <string />
            <string>구렁텅이</string>
            <string />
            <string />
            <string />
            <string />
            <string />
        </key>
        <key name="THE_GATE">
            <string />
            <string />
            <string>수문장</string>
            <string />
            <string />
            <string />
            <string />
            <string />
        </key>
        <key name="MEGA_FATTY">
            <string />
            <string />
            <string>뚱땡이</string>
            <string />
            <string />
            <string />
            <string />
            <string />
        </key>
        <key name="THE_CAGE">
            <string />
            <string />
            <string>우리</string>
            <string />
            <string />
            <string />
            <string />
            <string />
        </key>
        <key name="MAMA_GURDY">
            <string />
            <string />
            <string>마마 거디</string>
            <string />
            <string />
            <string />
            <string />
            <string />
        </key>
        <key name="DARK_ONE">
            <string />
            <string />
            <string>어둠의 자식</string>
            <string />
            <string />
            <string />
            <string />
            <string />
        </key>
        <key name="THE_ADVERSARY">
            <string />
            <string />
            <string>대적</string>
            <string />
            <string />
            <string />
            <string />
            <string />
        </key>
        <key name="POLYCEPHALUS">
            <string />
            <string />
            <string>쌍두괴물</string>
            <string />
            <string />
            <string />
            <string />
            <string />
        </key>
        <key name="THE_PILE">
            <string />
            <string />
            <string>뼈다귀더미</string>
            <string />
            <string />
            <string />
            <string />
            <string />
        </key>
        <key name="MR_FRED">
            <string />
            <string />
            <string>미스터. 프레드</string>
            <string />
            <string />
            <string />
            <string />
            <string />
        </key>
        <key name="URIEL">
            <string />
            <string />
            <string>우리엘</string>
            <string />
            <string />
            <string />
            <string />
            <string />
        </key>
        <key name="FALLEN_URIEL">
            <string />
            <string />
            <string>타락한 우리엘</string>
            <string />
            <string />
            <string />
            <string />
            <string />
        </key>
        <key name="GABRIEL">
            <string />
            <string />
            <string>가브리엘</string>
            <string />
            <string />
            <string />
            <string />
            <string />
        </key>
        <key name="FALLEN_GABRIEL">
            <string />
            <string />
            <string>타락한 가브리엘</string>
            <string />
            <string />
            <string />
            <string />
            <string />
        </key>
        <key name="THE_LAMB">
            <string />
            <string />
            <string>어린 양</string>
            <string />
            <string />
            <string />
            <string />
            <string />
        </key>
        <key name="MEGA_SATAN">
            <string />
            <string />
            <string>메가 사탄</string>
            <string />
            <string />
            <string />
            <string />
            <string />
        </key>
        <key name="MEGA_SATAN_2">
            <string />
            <string />
            <string>메가 사탄 2</string>
            <string />
            <string />
            <string />
            <string />
            <string />
        </key>
        <key name="ROUNDY">
            <string />
            <string />
            <string>뚱뚱보 지렁이</string>
            <string />
            <string />
            <string />
            <string />
            <string />
        </key>
        <key name="BLACK_BONY">
            <string />
            <string />
            <string>검은 해골</string>
            <string />
            <string />
            <string />
            <string />
            <string />
        </key>
        <key name="BLACK_GLOBIN">
            <string />
            <string />
            <string>검은 글로빈</string>
            <string />
            <string />
            <string />
            <string />
            <string />
        </key>
        <key name="BLACK_GLOBINS_HEAD">
            <string />
            <string />
            <string>검은 글로빈의 머리</string>
            <string />
            <string />
            <string />
            <string />
            <string />
        </key>
        <key name="BLACK_GLOBINS_BODY">
            <string />
            <string />
            <string>검은 글로빈의 몸</string>
            <string />
            <string />
            <string />
            <string />
            <string />
        </key>
        <key name="SWARM">
            <string />
            <string />
            <string>파리 떼</string>
            <string />
            <string />
            <string />
            <string />
            <string />
        </key>
        <key name="MEGA_CLOTTY">
            <string />
            <string />
            <string>거대한 핏고기</string>
            <string />
            <string />
            <string />
            <string />
            <string />
        </key>
        <key name="BONE_KNIGHT">
            <string />
            <string />
            <string>해골 나이트</string>
            <string />
            <string />
            <string />
            <string />
            <string />
        </key>
        <key name="CYCLOPIA">
            <string />
            <string />
            <string>외눈박이</string>
            <string />
            <string />
            <string />
            <string />
            <string />
        </key>
        <key name="RED_GHOST">
            <string />
            <string />
            <string>붉은 유령</string>
            <string />
            <string />
            <string />
            <string />
            <string />
        </key>
        <key name="FLESH_DEATHS_HEAD">
            <string />
            <string />
            <string>핏고기 죽음의 머리</string>
            <string />
            <string />
            <string />
            <string />
            <string />
        </key>
        <key name="MOMS_DEAD_HAND">
            <string />
            <string />
            <string>엄마의 죽은 손</string>
            <string />
            <string />
            <string />
            <string />
            <string />
        </key>
        <key name="DUKIE">
            <string />
            <string />
            <string>꼬마 공작</string>
            <string />
            <string />
            <string />
            <string />
            <string />
        </key>
        <key name="ULCER">
            <string />
            <string />
            <string>궤양</string>
            <string />
            <string />
            <string />
            <string />
            <string />
        </key>
        <key name="MEATBALL">
            <string />
            <string />
            <string>미트볼</string>
            <string />
            <string />
            <string />
            <string />
            <string />
        </key>
        <key name="CORN_MINE">
            <string />
            <string />
            <string>콘 마인</string>
            <string />
            <string />
            <string />
            <string />
            <string />
        </key>
        <key name="HUSH_FLY">
            <string />
            <string />
            <string>침묵 파리</string>
            <string />
            <string />
            <string />
            <string />
            <string />
        </key>
        <key name="BLUE_GAPER">
            <string />
            <string />
            <string>푸른 게이퍼</string>
            <string />
            <string />
            <string />
            <string />
            <string />
        </key>
        <key name="BLUE_BOIL">
            <string />
            <string />
            <string>푸른 거미집</string>
            <string />
            <string />
            <string />
            <string />
            <string />
        </key>
        <key name="GREED_GAPER">
            <string />
            <string />
            <string>탐욕 게이퍼</string>
            <string />
            <string />
            <string />
            <string />
            <string />
        </key>
        <key name="MUSHROOM">
            <string />
            <string />
            <string>버섯</string>
            <string />
            <string />
            <string />
            <string />
            <string />
        </key>
        <key name="POISON_MIND">
            <string />
            <string />
            <string>포이즌 마인드</string>
            <string />
            <string />
            <string />
            <string />
            <string />
        </key>
        <key name="STONEY">
            <string />
            <string />
            <string>석화된 뚱뚱보</string>
            <string />
            <string />
            <string />
            <string />
            <string />
        </key>
        <key name="CROSS_STONEY">
            <string />
            <string />
            <string>석화된 십자 뚱뚱보</string>
            <string />
            <string />
            <string />
            <string />
            <string />
        </key>
        <key name="BLISTER">
            <string />
            <string />
            <string>블리스터</string>
            <string />
            <string />
            <string />
            <string />
            <string />
        </key>
        <key name="THE_THING">
            <string />
            <string />
            <string>더 띵</string>
            <string />
            <string />
            <string />
            <string />
            <string />
        </key>
        <key name="MINISTRO">
            <string />
            <string />
            <string>미니스트로</string>
            <string />
            <string />
            <string />
            <string />
            <string />
        </key>
        <key name="PORTAL">
            <string />
            <string />
            <string>포탈</string>
            <string />
            <string />
            <string />
            <string />
            <string />
        </key>
        <key name="LIL_PORTAL">
            <string />
            <string />
            <string>작은 포탈</string>
            <string />
            <string />
            <string />
            <string />
            <string />
        </key>
        <key name="TAR_BOY">
            <string />
            <string />
            <string>타르 보이</string>
            <string />
            <string />
            <string />
            <string />
            <string />
        </key>
        <key name="TAR_BOY_MOUTH">
            <string />
            <string />
            <string>타르 보이 (입)</string>
            <string />
            <string />
            <string />
            <string />
            <string />
        </key>
        <key name="FISTULOID">
            <string />
            <string />
            <string>피스툴로이드</string>
            <string />
            <string />
            <string />
            <string />
            <string />
        </key>
        <key name="GUSH">
            <string />
            <string />
            <string>거쉬</string>
            <string />
            <string />
            <string />
            <string />
            <string />
        </key>
        <key name="LEPER">
            <string />
            <string />
            <string>나병자</string>
            <string />
            <string />
            <string />
            <string />
            <string />
        </key>
        <key name="LEPER_STAGE_2">
            <string />
            <string />
            <string>나병자 (2 스테이지)</string>
            <string />
            <string />
            <string />
            <string />
            <string />
        </key>
        <key name="LEPER_STAGE_3">
            <string />
            <string />
            <string>나병자 (3 스테이지)</string>
            <string />
            <string />
            <string />
            <string />
            <string />
        </key>
        <key name="LEPER_STAGE_4">
            <string />
            <string />
            <string>나병자 (4 스테이지)</string>
            <string />
            <string />
            <string />
            <string />
            <string />
        </key>
        <key name="LEPER_FLESH">
            <string />
            <string />
            <string>나병 살갗</string>
            <string />
            <string />
            <string />
            <string />
            <string />
        </key>
        <key name="MR_MINE">
            <string />
            <string />
            <string>마인 씨</string>
            <string />
            <string />
            <string />
            <string />
            <string />
        </key>
        <key name="THE_STAIN">
            <string />
            <string />
            <string>부패</string>
            <string />
            <string />
            <string />
            <string />
            <string />
        </key>
        <key name="BROWNIE">
            <string />
            <string />
            <string>브라우니</string>
            <string />
            <string />
            <string />
            <string />
            <string />
        </key>
        <key name="THE_FORSAKEN">
            <string />
            <string />
            <string>버려진 자</string>
            <string />
            <string />
            <string />
            <string />
            <string />
        </key>
        <key name="LITTLE_HORN">
            <string />
            <string />
            <string>작은 뿔</string>
            <string />
            <string />
            <string />
            <string />
            <string />
        </key>
        <key name="RAG_MAN">
            <string />
            <string />
            <string>넝마주이</string>
            <string />
            <string />
            <string />
            <string />
            <string />
        </key>
        <key name="ULTRA_GREED">
            <string />
            <string />
            <string>왕 탐욕</string>
            <string />
            <string />
            <string />
            <string />
            <string />
        </key>
        <key name="ULTRA_GREEDIER">
            <string />
            <string />
            <string>왕 심한 탐욕</string>
            <string />
            <string />
            <string />
            <string />
            <string />
        </key>
        <key name="HUSH">
            <string />
            <string />
            <string>침묵</string>
            <string />
            <string />
            <string />
            <string />
            <string />
        </key>
        <key name="RAG_MEGA">
            <string />
            <string />
            <string>메가 넝마주이</string>
            <string />
            <string />
            <string />
            <string />
            <string />
        </key>
        <key name="SISTERS_VIS">
            <string />
            <string />
            <string>비스 자매</string>
            <string />
            <string />
            <string />
            <string />
            <string />
        </key>
        <key name="BIG_HORN">
            <string />
            <string />
            <string>큰 뿔</string>
            <string />
            <string />
            <string />
            <string />
            <string />
        </key>
        <key name="DELIRIUM">
            <string />
            <string />
            <string>섬망</string>
            <string />
            <string />
            <string />
            <string />
            <string />
        </key>
        <key name="THE_MATRIARCH">
            <string />
            <string />
            <string>여가장</string>
            <string />
            <string />
            <string />
            <string />
            <string />
        </key>
        <key name="BLOOD_PUPPY">
            <string />
            <string />
            <string>핏덩이 강아지</string>
            <string />
            <string />
            <string />
            <string />
            <string />
        </key>
        <key name="QUAKE_GRIMACE">
            <string />
            <string />
            <string>찡그린 지진</string>
            <string />
            <string />
            <string />
            <string />
            <string />
        </key>
        <key name="BISHOP">
            <string />
            <string />
            <string>비숍</string>
            <string />
            <string />
            <string />
            <string />
            <string />
        </key>
        <key name="BUBBLES">
            <string />
            <string />
            <string>거품</string>
            <string />
            <string />
            <string />
            <string />
            <string />
        </key>
        <key name="WRAITH">
            <string />
            <string />
            <string>망령</string>
            <string />
            <string />
            <string />
            <string />
            <string />
        </key>
        <key name="WILLO">
            <string />
            <string />
            <string>윌로</string>
            <string />
            <string />
            <string />
            <string />
            <string />
        </key>
        <key name="BOMB_GRIMACE">
            <string />
            <string />
            <string>찡그린 폭탄</string>
            <string />
            <string />
            <string />
            <string />
            <string />
        </key>
        <key name="SMALL_LEECH">
            <string />
            <string />
            <string>작은 구더기</string>
            <string />
            <string />
            <string />
            <string />
            <string />
        </key>
        <key name="DEEP_GAPER">
            <string />
            <string />
            <string>심해 게이퍼</string>
            <string />
            <string />
            <string />
            <string />
            <string />
        </key>
        <key name="SUB_HORF">
            <string />
            <string />
            <string>잠복 홀프</string>
            <string />
            <string />
            <string />
            <string />
            <string />
        </key>
        <key name="TAINTED_SUB_HORF">
            <string />
            <string />
            <string>더럽혀진 잠복 홀프</string>
            <string />
            <string />
            <string />
            <string />
            <string />
        </key>
        <key name="BLURB">
            <string />
            <string />
            <string>블럽</string>
            <string />
            <string />
            <string />
            <string />
            <string />
        </key>
        <key name="STRIDER">
            <string />
            <string />
            <string>스트라이더</string>
            <string />
            <string />
            <string />
            <string />
            <string />
        </key>
        <key name="FISSURE">
            <string />
            <string />
            <string>피셔</string>
            <string />
            <string />
            <string />
            <string />
            <string />
        </key>
        <key name="POLTY">
            <string />
            <string />
            <string>폴티</string>
            <string />
            <string />
            <string />
            <string />
            <string />
        </key>
        <key name="KINETI">
            <string />
            <string />
            <string>풀티</string>
            <string />
            <string />
            <string />
            <string />
            <string />
        </key>
        <key name="PREY">
            <string />
            <string />
            <string>물린건</string>
            <string />
            <string />
            <string />
            <string />
            <string />
        </key>
        <key name="MULLIGHOUL">
            <string />
            <string />
            <string>멀리굴</string>
            <string />
            <string />
            <string />
            <string />
            <string />
        </key>
        <key name="ROCK_SPIDER">
            <string />
            <string />
            <string>바위 거미</string>
            <string />
            <string />
            <string />
            <string />
            <string />
        </key>
        <key name="TINTED_ROCK_SPIDER">
            <string />
            <string />
            <string>옅은 바위 거미</string>
            <string />
            <string />
            <string />
            <string />
            <string />
        </key>
        <key name="COAL_SPIDER">
            <string />
            <string />
            <string>석탄 거미</string>
            <string />
            <string />
            <string />
            <string />
            <string />
        </key>
        <key name="FLY_BOMB">
            <string />
            <string />
            <string>파리 폭탄</string>
            <string />
            <string />
            <string />
            <string />
            <string />
        </key>
        <key name="ETERNAL_FLY_BOMB">
            <string />
            <string />
            <string>영원한 파리 폭탄</string>
            <string />
            <string />
            <string />
            <string />
            <string />
        </key>
        <key name="DANNY">
            <string />
            <string />
            <string>대니</string>
            <string />
            <string />
            <string />
            <string />
            <string />
        </key>
        <key name="COAL_BOY">
            <string />
            <string />
            <string>석태니</string>
            <string />
            <string />
            <string />
            <string />
            <string />
        </key>
        <key name="BLASTER">
            <string />
            <string />
            <string>블래스터</string>
            <string />
            <string />
            <string />
            <string />
            <string />
        </key>
        <key name="BOUNCER">
            <string />
            <string />
            <string>바운서</string>
            <string />
            <string />
            <string />
            <string />
            <string />
        </key>
        <key name="QUAKEY">
            <string />
            <string />
            <string>쿵쿵이</string>
            <string />
            <string />
            <string />
            <string />
            <string />
        </key>
        <key name="GYRO">
            <string />
            <string />
            <string>자이로</string>
            <string />
            <string />
            <string />
            <string />
            <string />
        </key>
        <key name="GRILLED_GYRO">
            <string />
            <string />
            <string>구운 자이로</string>
            <string />
            <string />
            <string />
            <string />
            <string />
        </key>
        <key name="FIRE_WORM">
            <string />
            <string />
            <string>불지렁이</string>
            <string />
            <string />
            <string />
            <string />
            <string />
        </key>
        <key name="HARDY">
            <string />
            <string />
            <string>돌똥</string>
            <string />
            <string />
            <string />
            <string />
            <string />
        </key>
        <key name="FACELESS">
            <string />
            <string />
            <string>이퍼</string>
            <string />
            <string />
            <string />
            <string />
            <string />
        </key>
        <key name="TAINTED_FACELESS">
            <string />
            <string />
            <string>더럽혀진 이퍼</string>
            <string />
            <string />
            <string />
            <string />
            <string />
        </key>
        <key name="NECRO">
            <string />
            <string />
            <string>네크로</string>
            <string />
            <string />
            <string />
            <string />
            <string />
        </key>
        <key name="MOLE">
            <string />
            <string />
            <string>두더지</string>
            <string />
            <string />
            <string />
            <string />
            <string />
        </key>
        <key name="TAINTED_MOLE">
            <string />
            <string />
            <string>더럽혀진 두더지</string>
            <string />
            <string />
            <string />
            <string />
            <string />
        </key>
        <key name="BIG_BONY">
            <string />
            <string />
            <string>큰 해골</string>
            <string />
            <string />
            <string />
            <string />
            <string />
        </key>
        <key name="GUTTED_FATTY">
            <string />
            <string />
            <string>배따인 뚱뚱보</string>
            <string />
            <string />
            <string />
            <string />
            <string />
        </key>
        <key name="FESTERING_GUTS">
            <string />
            <string />
            <string>썩어가는 내장</string>
            <string />
            <string />
            <string />
            <string />
            <string />
        </key>
        <key name="EXORCIST">
            <string />
            <string />
            <string>엑소시스트</string>
            <string />
            <string />
            <string />
            <string />
            <string />
        </key>
        <key name="FANATIC">
            <string />
            <string />
            <string>파나틱</string>
            <string />
            <string />
            <string />
            <string />
            <string />
        </key>
        <key name="CANDLER">
            <string />
            <string />
            <string>캔들러</string>
            <string />
            <string />
            <string />
            <string />
            <string />
        </key>
        <key name="WHIPPER">
            <string />
            <string />
            <string>휘퍼</string>
            <string />
            <string />
            <string />
            <string />
            <string />
        </key>
        <key name="SNAPPER">
            <string />
            <string />
            <string>스내퍼</string>
            <string />
            <string />
            <string />
            <string />
            <string />
        </key>
        <key name="FLAGELLANT">
            <string />
            <string />
            <string>플래절런트</string>
            <string />
            <string />
            <string />
            <string />
            <string />
        </key>
        <key name="PEEPING_FATTY">
            <string />
            <string />
            <string>엿보는 뚱뚱보</string>
            <string />
            <string />
            <string />
            <string />
            <string />
        </key>
        <key name="VIS_VERSA">
            <string />
            <string />
            <string>비스 벌사</string>
            <string />
            <string />
            <string />
            <string />
            <string />
        </key>
        <key name="HENRY">
            <string />
            <string />
            <string>앙리</string>
            <string />
            <string />
            <string />
            <string />
            <string />
        </key>
        <key name="LEVEL_2_WILLO">
            <string />
            <string />
            <string>lvl2 윌로</string>
            <string />
            <string />
            <string />
            <string />
            <string />
        </key>
        <key name="STRIFER">
            <string />
            <string />
            <string>스트라이퍼</string>
            <string />
            <string />
            <string />
            <string />
            <string />
        </key>
        <key name="PON">
            <string />
            <string />
            <string>뽕</string>
            <string />
            <string />
            <string />
            <string />
            <string />
        </key>
        <key name="REVENANT">
            <string />
            <string />
            <string>레버넌트</string>
            <string />
            <string />
            <string />
            <string />
            <string />
        </key>
        <key name="QUAD_REVENANT">
            <string />
            <string />
            <string>사중 레버넌트</string>
            <string />
            <string />
            <string />
            <string />
            <string />
        </key>
        <key name="NIGHTWATCH">
            <string />
            <string />
            <string>나이트워치</string>
            <string />
            <string />
            <string />
            <string />
            <string />
        </key>
        <key name="BOMBGAGGER">
            <string />
            <string />
            <string>폭탄물이</string>
            <string />
            <string />
            <string />
            <string />
            <string />
        </key>
        <key name="LEVEL_2_GAPER">
            <string />
            <string />
            <string>lvl2 게이퍼</string>
            <string />
            <string />
            <string />
            <string />
            <string />
        </key>
        <key name="LEVEL_2_HORF">
            <string />
            <string />
            <string>lvl2 홀프</string>
            <string />
            <string />
            <string />
            <string />
            <string />
        </key>
        <key name="LEVEL_2_GUSHER">
            <string />
            <string />
            <string>lvl2 거셔</string>
            <string />
            <string />
            <string />
            <string />
            <string />
        </key>
        <key name="TWITCHY">
            <string />
            <string />
            <string>트위치</string>
            <string />
            <string />
            <string />
            <string />
            <string />
        </key>
        <key name="SPIKEBALL">
            <string />
            <string />
            <string>가시공</string>
            <string />
            <string />
            <string />
            <string />
            <string />
        </key>
        <key name="SMALL_MAGGOT">
            <string />
            <string />
            <string>작은 거머리</string>
            <string />
            <string />
            <string />
            <string />
            <string />
        </key>
        <key name="ADULT_LEECH">
            <string />
            <string />
            <string>성체 거머리</string>
            <string />
            <string />
            <string />
            <string />
            <string />
        </key>
        <key name="LEVEL_2_CHARGER">
            <string />
            <string />
            <string>lvl2 차저</string>
            <string />
            <string />
            <string />
            <string />
            <string />
        </key>
        <key name="ELLEECH">
            <string />
            <string />
            <string>정예 거머리</string>
            <string />
            <string />
            <string />
            <string />
            <string />
        </key>
        <key name="GASBAG">
            <string />
            <string />
            <string>가스주머니</string>
            <string />
            <string />
            <string />
            <string />
            <string />
        </key>
        <key name="COHORT">
            <string />
            <string />
            <string>코호트</string>
            <string />
            <string />
            <string />
            <string />
            <string />
        </key>
        <key name="VESSEL">
            <string />
            <string />
            <string>베슬</string>
            <string />
            <string />
            <string />
            <string />
            <string />
        </key>
        <key name="FLOAST">
            <string />
            <string />
            <string>플로스트</string>
            <string />
            <string />
            <string />
            <string />
            <string />
        </key>
        <key name="UNBORN">
            <string />
            <string />
            <string>미출생아</string>
            <string />
            <string />
            <string />
            <string />
            <string />
        </key>
        <key name="PUSTULE">
            <string />
            <string />
            <string>농포</string>
            <string />
            <string />
            <string />
            <string />
            <string />
        </key>
        <key name="CYST">
            <string />
            <string />
            <string>낭포</string>
            <string />
            <string />
            <string />
            <string />
            <string />
        </key>
        <key name="MORNINGSTAR">
            <string />
            <string />
            <string>새벽별</string>
            <string />
            <string />
            <string />
            <string />
            <string />
        </key>
        <key name="MOCKULUS">
            <string />
            <string />
            <string>모큘러스</string>
            <string />
            <string />
            <string />
            <string />
            <string />
        </key>
        <key name="EVIS">
            <string />
            <string />
            <string>이비스</string>
            <string />
            <string />
            <string />
            <string />
            <string />
        </key>
        <key name="DARK_ESAU">
            <string />
            <string />
            <string>검은 에사우</string>
            <string />
            <string />
            <string />
            <string />
            <string />
        </key>
        <key name="DARKER_ESAU">
            <string />
            <string />
            <string>검은 에사우</string>
            <string />
            <string />
            <string />
            <string />
            <string />
        </key>
        <key name="MOTHERS_SHADOW">
            <string />
            <string />
            <string>어머니의 그림자</string>
            <string />
            <string />
            <string />
            <string />
            <string />
        </key>
        <key name="ARMY_FLY">
            <string />
            <string />
            <string>군단 파리</string>
            <string />
            <string />
            <string />
            <string />
            <string />
        </key>
        <key name="MIGRAINE">
            <string />
            <string />
            <string>편두통거미</string>
            <string />
            <string />
            <string />
            <string />
            <string />
        </key>
        <key name="DRIP">
            <string />
            <string />
            <string>드립</string>
            <string />
            <string />
            <string />
            <string />
            <string />
        </key>
        <key name="SPLURT">
            <string />
            <string />
            <string>끙가</string>
            <string />
            <string />
            <string />
            <string />
            <string />
        </key>
        <key name="CLOGGY">
            <string />
            <string />
            <string>똥고기</string>
            <string />
            <string />
            <string />
            <string />
            <string />
        </key>
        <key name="FLY_TRAP">
            <string />
            <string />
            <string>파리지옥</string>
            <string />
            <string />
            <string />
            <string />
            <string />
        </key>
        <key name="GAS_DWARF">
            <string />
            <string />
            <string>가스 멀리건</string>
            <string />
            <string />
            <string />
            <string />
            <string />
        </key>
        <key name="POOT_MINE">
            <string />
            <string />
            <string>풋 마인</string>
            <string />
            <string />
            <string />
            <string />
            <string />
        </key>
        <key name="DUMP">
            <string />
            <string />
            <string>똥덩어리</string>
            <string />
            <string />
            <string />
            <string />
            <string />
        </key>
        <key name="DUMP_HEAD">
            <string />
            <string />
            <string>똥덩머리</string>
            <string />
            <string />
            <string />
            <string />
            <string />
        </key>
        <key name="GRUDGE">
            <string />
            <string />
            <string>원한</string>
            <string />
            <string />
            <string />
            <string />
            <string />
        </key>
        <key name="BUTT_SLICKER">
            <string />
            <string />
            <string>벗슬리커</string>
            <string />
            <string />
            <string />
            <string />
            <string />
        </key>
        <key name="BLOATY">
            <string />
            <string />
            <string>블로티</string>
            <string />
            <string />
            <string />
            <string />
            <string />
        </key>
        <key name="FLESH_MAIDEN">
            <string />
            <string />
            <string>핏고기 숙녀</string>
            <string />
            <string />
            <string />
            <string />
            <string />
        </key>
        <key name="NEEDLE">
            <string />
            <string />
            <string>니들</string>
            <string />
            <string />
            <string />
            <string />
            <string />
        </key>
        <key name="PASTY">
            <string />
            <string />
            <string>페이스티</string>
            <string />
            <string />
            <string />
            <string />
            <string />
        </key>
        <key name="DUST">
            <string />
            <string />
            <string>더스트</string>
            <string />
            <string />
            <string />
            <string />
            <string />
        </key>
        <key name="BABY_BEGOTTEN">
            <string />
            <string />
            <string>아기 비가튼</string>
            <string />
            <string />
            <string />
            <string />
            <string />
        </key>
        <key name="SWARM_SPIDER">
            <string />
            <string />
            <string>거미 떼</string>
            <string />
            <string />
            <string />
            <string />
            <string />
        </key>
        <key name="CULTIST">
            <string />
            <string />
            <string>광신도</string>
            <string />
            <string />
            <string />
            <string />
            <string />
        </key>
        <key name="BLOOD_CULTIST">
            <string />
            <string />
            <string>피의 광신도</string>
            <string />
            <string />
            <string />
            <string />
            <string />
        </key>
        <key name="VIS_FATTY">
            <string />
            <string />
            <string>비스 뚱뚱보</string>
            <string />
            <string />
            <string />
            <string />
            <string />
        </key>
        <key name="FETAL_DEMON">
            <string />
            <string />
            <string>태아 악마</string>
            <string />
            <string />
            <string />
            <string />
            <string />
        </key>
        <key name="DUSTY_DEATHS_HEAD">
            <string />
            <string />
            <string>먼지 쌓인 죽음의 머리</string>
            <string />
            <string />
            <string />
            <string />
            <string />
        </key>
        <key name="SHADY">
            <string />
            <string />
            <string>어둠보</string>
            <string />
            <string />
            <string />
            <string />
            <string />
        </key>
        <key name="CLICKETY_CLACK">
            <string />
            <string />
            <string>딸깍딸깍</string>
            <string />
            <string />
            <string />
            <string />
            <string />
        </key>
        <key name="MAZE_ROAMER">
            <string />
            <string />
            <string>미궁의 미아</string>
            <string />
            <string />
            <string />
            <string />
            <string />
        </key>
        <key name="GOAT">
            <string />
            <string />
            <string>염소</string>
            <string />
            <string />
            <string />
            <string />
            <string />
        </key>
        <key name="BLACK_GOAT">
            <string />
            <string />
            <string>검은 염소</string>
            <string />
            <string />
            <string />
            <string />
            <string />
        </key>
        <key name="POOFER">
            <string />
            <string />
            <string>푸퍼</string>
            <string />
            <string />
            <string />
            <string />
            <string />
        </key>
        <key name="BALL_AND_CHAIN">
            <string />
            <string />
            <string>사슬공</string>
            <string />
            <string />
            <string />
            <string />
            <string />
        </key>
        <key name="REAP_CREEP">
            <string />
            <string />
            <string>융합 크리프</string>
            <string />
            <string />
            <string />
            <string />
            <string />
        </key>
        <key name="LIL_BLUB">
            <string />
            <string />
            <string>꼬마 퐁당</string>
            <string />
            <string />
            <string />
            <string />
            <string />
        </key>
        <key name="RAINMAKER">
            <string />
            <string />
            <string>기우사</string>
            <string />
            <string />
            <string />
            <string />
            <string />
        </key>
        <key name="THE_VISAGE">
            <string />
            <string />
            <string>안면</string>
            <string />
            <string />
            <string />
            <string />
            <string />
        </key>
        <key name="SIREN">
            <string />
            <string />
            <string>사이렌</string>
            <string />
            <string />
            <string />
            <string />
            <string />
        </key>
        <key name="THE_HERETIC">
            <string />
            <string />
            <string>이단자</string>
            <string />
            <string />
            <string />
            <string />
            <string />
        </key>
        <key name="HORNFEL">
            <string />
            <string />
            <string>혼펠</string>
            <string />
            <string />
            <string />
            <string />
            <string />
        </key>
        <key name="GREAT_GIDEON">
            <string />
            <string />
            <string>위대한 기드온</string>
            <string />
            <string />
            <string />
            <string />
            <string />
        </key>
        <key name="BABY_PLUM">
            <string />
            <string />
            <string>아기 플럼</string>
            <string />
            <string />
            <string />
            <string />
            <string />
        </key>
        <key name="THE_SCOURGE">
            <string />
            <string />
            <string>스커지</string>
            <string />
            <string />
            <string />
            <string />
            <string />
        </key>
        <key name="CHIMERA">
            <string />
            <string />
            <string>키메라</string>
            <string />
            <string />
            <string />
            <string />
            <string />
        </key>
        <key name="ROTGUT">
            <string />
            <string />
            <string>썩은내장</string>
            <string />
            <string />
            <string />
            <string />
            <string />
        </key>
        <key name="MOTHER">
            <string />
            <string />
            <string>어머니</string>
            <string />
            <string />
            <string />
            <string />
            <string />
        </key>
        <key name="DEAD_ISAAC">
            <string />
            <string />
            <string>죽은 아이작</string>
            <string />
            <string />
            <string />
            <string />
            <string />
        </key>
        <key name="MIN_MIN">
            <string />
            <string />
            <string>도깨비불</string>
            <string />
            <string />
            <string />
            <string />
            <string />
        </key>
        <key name="CLOG">
            <string />
            <string />
            <string>숙변</string>
            <string />
            <string />
            <string />
            <string />
            <string />
        </key>
        <key name="SINGE">
            <string />
            <string />
            <string>숯검댕이</string>
            <string />
            <string />
            <string />
            <string />
            <string />
        </key>
        <key name="BUMBINO">
            <string />
            <string />
            <string>범비노</string>
            <string />
            <string />
            <string />
            <string />
            <string />
        </key>
        <key name="COLOSTOMIA">
            <string />
            <string />
            <string>똥주머니</string>
            <string />
            <string />
            <string />
            <string />
            <string />
        </key>
        <key name="TURDLET">
            <string />
            <string />
            <string>긴똥</string>
            <string />
            <string />
            <string />
            <string />
            <string />
        </key>
        <key name="RAGLICH">
            <string />
            <string />
            <string>래글리치</string>
            <string />
            <string />
            <string />
            <string />
            <string />
        </key>
        <key name="HORNY_BOYS">
            <string />
            <string />
            <string>뿔딱 소년들</string>
            <string />
            <string />
            <string />
            <string />
            <string />
        </key>
        <key name="CLUTCH">
            <string />
            <string />
            <string>클러치</string>
            <string />
            <string />
            <string />
            <string />
            <string />
        </key>
        <key name="DOGMA">
            <string />
            <string />
            <string>도그마</string>
            <string />
            <string />
            <string />
            <string />
            <string />
        </key>
        <key name="THE_BEAST">
            <string />
            <string />
            <string>짐승</string>
            <string />
            <string />
            <string />
            <string />
            <string />
        </key>
        <key name="ULTRA_FAMINE">
            <string />
            <string />
            <string>왕 기근</string>
            <string />
            <string />
            <string />
            <string />
            <string />
        </key>
        <key name="ULTRA_PESTILENCE">
            <string />
            <string />
            <string>왕 역병</string>
            <string />
            <string />
            <string />
            <string />
            <string />
        </key>
        <key name="ULTRA_WAR">
            <string />
            <string />
            <string>왕 전쟁</string>
            <string />
            <string />
            <string />
            <string />
            <string />
        </key>
        <key name="ULTRA_DEATH">
            <string />
            <string />
            <string>왕 죽음</string>
            <string />
            <string />
            <string />
            <string />
            <string />
        </key>
    </category>
    <category name="Minibosses">
        <key name="SLOTH_NAME">
            <string />
            <string />
            <string>나태</string>
            <string />
            <string />
            <string />
            <string />
            <string />
        </key>
        <key name="LUST_NAME">
            <string />
            <string />
            <string>성욕</string>
            <string />
            <string />
            <string />
            <string />
            <string />
        </key>
        <key name="WRATH_NAME">
            <string />
            <string />
            <string>분노</string>
            <string />
            <string />
            <string />
            <string />
            <string />
        </key>
        <key name="GLUTTONY_NAME">
            <string />
            <string />
            <string>대식</string>
            <string />
            <string />
            <string />
            <string />
            <string />
        </key>
        <key name="GREED_NAME">
            <string />
            <string />
            <string>탐욕</string>
            <string />
            <string />
            <string />
            <string />
            <string />
        </key>
        <key name="ENVY_NAME">
            <string />
            <string />
            <string>질투</string>
            <string />
            <string />
            <string />
            <string />
            <string />
        </key>
        <key name="PRIDE_NAME">
            <string />
            <string />
            <string>교만</string>
            <string />
            <string />
            <string />
            <string />
            <string />
        </key>
        <key name="SUPER_SLOTH_NAME">
            <string />
            <string />
            <string>초 나태</string>
            <string />
            <string />
            <string />
            <string />
            <string />
        </key>
        <key name="SUPER_LUST_NAME">
            <string />
            <string />
            <string>초 성욕</string>
            <string />
            <string />
            <string />
            <string />
            <string />
        </key>
        <key name="SUPER_WRATH_NAME">
            <string />
            <string />
            <string>초 분노</string>
            <string />
            <string />
            <string />
            <string />
            <string />
        </key>
        <key name="SUPER_GLUTTONY_NAME">
            <string />
            <string />
            <string>초 대식</string>
            <string />
            <string />
            <string />
            <string />
            <string />
        </key>
        <key name="SUPER_GREED_NAME">
            <string />
            <string />
            <string>초 탐욕</string>
            <string />
            <string />
            <string />
            <string />
            <string />
        </key>
        <key name="SUPER_ENVY_NAME">
            <string />
            <string />
            <string>초 질투</string>
            <string />
            <string />
            <string />
            <string />
            <string />
        </key>
        <key name="SUPER_PRIDE_NAME">
            <string />
            <string />
            <string>초 교만</string>
            <string />
            <string />
            <string />
            <string />
            <string />
        </key>
        <key name="ULTRA_PRIDE_NAME">
            <string />
            <string />
            <string>왕 교만</string>
            <string />
            <string />
            <string />
            <string />
            <string />
        </key>
        <key name="KRAMPUS_NAME">
            <string />
            <string />
            <string>크람푸스</string>
            <string />
            <string />
            <string />
            <string />
            <string />
        </key>
    </category>
    <category name="Players">
        <key name="ISAAC_NAME">
            <string />
            <string />
            <string>아이작</string>
            <string />
            <string />
            <string />
            <string />
            <string />
        </key>
        <key name="ISAAC_BIRTHRIGHT">
            <string />
            <string />
            <string>추가 선택지</string>
            <string />
            <string />
            <string />
            <string />
            <string />
        </key>
        <key name="MAGDALENE_NAME">
            <string />
            <string />
            <string>막달레나</string>
            <string />
            <string />
            <string />
            <string />
            <string />
        </key>
        <key name="MAGDALENE_BIRTHRIGHT">
            <string />
            <string />
            <string>한계 돌파 + 체력 증가</string>
            <string />
            <string />
            <string />
            <string />
            <string />
        </key>
        <key name="CAIN_NAME">
            <string />
            <string />
            <string>카인</string>
            <string />
            <string />
            <string />
            <string />
            <string />
        </key>
        <key name="CAIN_BIRTHRIGHT">
            <string />
            <string />
            <string>더 재밌는 오락실 + 행운 증가</string>
            <string />
            <string />
            <string />
            <string />
            <string />
        </key>
        <key name="JUDAS_NAME">
            <string />
            <string />
            <string>유다</string>
            <string />
            <string />
            <string />
            <string />
            <string />
        </key>
        <key name="JUDAS_BIRTHRIGHT">
            <string />
            <string />
            <string>벨리알의 화신</string>
            <string />
            <string />
            <string />
            <string />
            <string />
        </key>
        <key name="BLUEBABY_NAME">
            <string />
            <string />
            <string>???</string>
            <string />
            <string />
            <string />
            <string />
            <string />
        </key>
        <key name="BLUEBABY_BIRTHRIGHT">
            <string />
            <string />
            <string>더 강한 영혼</string>
            <string />
            <string />
            <string />
            <string />
            <string />
        </key>
        <key name="EVE_NAME">
            <string />
            <string />
            <string>이브</string>
            <string />
            <string />
            <string />
            <string />
            <string />
        </key>
        <key name="EVE_BIRTHRIGHT">
            <string />
            <string />
            <string>영원한 저주</string>
            <string />
            <string />
            <string />
            <string />
            <string />
        </key>
        <key name="SAMSON_NAME">
            <string />
            <string />
            <string>삼손</string>
            <string />
            <string />
            <string />
            <string />
            <string />
        </key>
        <key name="SAMSON_BIRTHRIGHT">
            <string />
            <string />
            <string>분노 증가</string>
            <string />
            <string />
            <string />
            <string />
            <string />
        </key>
        <key name="AZAZEL_NAME">
            <string />
            <string />
            <string>아자젤</string>
            <string />
            <string />
            <string />
            <string />
            <string />
        </key>
        <key name="AZAZEL_BIRTHRIGHT">
            <string />
            <string />
            <string>더 넓은 입김</string>
            <string />
            <string />
            <string />
            <string />
            <string />
        </key>
        <key name="LAZARUS_NAME">
            <string />
            <string />
            <string>나사로</string>
            <string />
            <string />
            <string />
            <string />
            <string />
        </key>
        <key name="LAZARUS_BIRTHRIGHT">
            <string />
            <string />
            <string>강해져서 돌아오리라</string>
            <string />
            <string />
            <string />
            <string />
            <string />
        </key>
        <key name="EDEN_NAME">
            <string />
            <string />
            <string>에덴</string>
            <string />
            <string />
            <string />
            <string />
            <string />
        </key>
        <key name="EDEN_BIRTHRIGHT">
            <string />
            <string />
            <string>???</string>
            <string />
            <string />
            <string />
            <string />
            <string />
        </key>
        <key name="THE_LOST_NAME">
            <string />
            <string />
            <string>더 로스트</string>
            <string />
            <string />
            <string />
            <string />
            <string />
        </key>
        <key name="THE_LOST_BIRTHRIGHT">
            <string />
            <string />
            <string>더 나은 운명</string>
            <string />
            <string />
            <string />
            <string />
            <string />
        </key>
        <key name="LAZARUS2_NAME">
            <string />
            <string />
            <string>나사로</string>
            <string />
            <string />
            <string />
            <string />
            <string />
        </key>
        <key name="LAZARUS2_BIRTHRIGHT">
            <string />
            <string />
            <string>일시적 공격력 증가</string>
            <string />
            <string />
            <string />
            <string />
            <string />
        </key>
        <key name="BLACK_JUDAS_NAME">
            <string />
            <string />
            <string>블랙 유다</string>
            <string />
            <string />
            <string />
            <string />
            <string />
        </key>
        <key name="BLACK_JUDAS_BIRTHRIGHT">
            <string />
            <string />
            <string>벨리알의 화신</string>
            <string />
            <string />
            <string />
            <string />
            <string />
        </key>
        <key name="LILITH_NAME">
            <string />
            <string />
            <string>릴리트</string>
            <string />
            <string />
            <string />
            <string />
            <string />
        </key>
        <key name="LILITH_BIRTHRIGHT">
            <string />
            <string />
            <string>공격형 대형</string>
            <string />
            <string />
            <string />
            <string />
            <string />
        </key>
        <key name="KEEPER_NAME">
            <string />
            <string />
            <string>키퍼</string>
            <string />
            <string />
            <string />
            <string />
            <string />
        </key>
        <key name="KEEPER_BIRTHRIGHT">
            <string />
            <string />
            <string>동전 증가</string>
            <string />
            <string />
            <string />
            <string />
            <string />
        </key>
        <key name="APOLLYON_NAME">
            <string />
            <string />
            <string>아폴리온</string>
            <string />
            <string />
            <string />
            <string />
            <string />
        </key>
        <key name="APOLLYON_BIRTHRIGHT">
            <string />
            <string />
            <string>역류</string>
            <string />
            <string />
            <string />
            <string />
            <string />
        </key>
        <key name="THE_FORGOTTEN_NAME">
            <string />
            <string />
            <string>더 포가튼</string>
            <string />
            <string />
            <string />
            <string />
            <string />
        </key>
        <key name="THE_FORGOTTEN_BIRTHRIGHT">
            <string />
            <string />
            <string>풀려난 자</string>
            <string />
            <string />
            <string />
            <string />
            <string />
        </key>
        <key name="THE_SOUL_NAME">
            <string />
            <string />
            <string>더 소울</string>
            <string />
            <string />
            <string />
            <string />
            <string />
        </key>
        <key name="THE_SOUL_BIRTHRIGHT">
            <string />
            <string />
            <string>풀려난 자</string>
            <string />
            <string />
            <string />
            <string />
            <string />
        </key>
        <key name="BETHANY_NAME">
            <string />
            <string />
            <string>베다니</string>
            <string />
            <string />
            <string />
            <string />
            <string />
        </key>
        <key name="BETHANY_BIRTHRIGHT">
            <string />
            <string />
            <string>네 믿음을 보존하라</string>
            <string />
            <string />
            <string />
            <string />
            <string />
        </key>
        <key name="JACOB_NAME">
            <string />
            <string />
            <string>야곱</string>
            <string />
            <string />
            <string />
            <string />
            <string />
        </key>
        <key name="JACOB_BIRTHRIGHT">
            <string />
            <string />
            <string>네건 내거</string>
            <string />
            <string />
            <string />
            <string />
            <string />
        </key>
        <key name="ESAU_NAME">
            <string />
            <string />
            <string>에사우</string>
            <string />
            <string />
            <string />
            <string />
            <string />
        </key>
        <key name="ESAU_BIRTHRIGHT">
            <string />
            <string />
            <string>네건 내거</string>
            <string />
            <string />
            <string />
            <string />
            <string />
        </key>
        <key name="ISAAC_B_BIRTHRIGHT">
            <string />
            <string />
            <string>수집 공간 증가</string>
            <string />
            <string />
            <string />
            <string />
            <string />
        </key>
        <key name="MAGDALENE_B_BIRTHRIGHT">
            <string />
            <string />
            <string>체력 증가!</string>
            <string />
            <string />
            <string />
            <string />
            <string />
        </key>
        <key name="CAIN_B_BIRTHRIGHT">
            <string />
            <string />
            <string>싹쓸이</string>
            <string />
            <string />
            <string />
            <string />
            <string />
        </key>
        <key name="JUDAS_B_BIRTHRIGHT">
            <string />
            <string />
            <string>확장된 어둠</string>
            <string />
            <string />
            <string />
            <string />
            <string />
        </key>
        <key name="BLUEBABY_B_BIRTHRIGHT">
            <string />
            <string />
            <string>응아 증가</string>
            <string />
            <string />
            <string />
            <string />
            <string />
        </key>
        <key name="EVE_B_BIRTHRIGHT">
            <string />
            <string />
            <string>응고</string>
            <string />
            <string />
            <string />
            <string />
            <string />
        </key>
        <key name="SAMSON_B_BIRTHRIGHT">
            <string />
            <string />
            <string>멈출 수 없는 힘</string>
            <string />
            <string />
            <string />
            <string />
            <string />
        </key>
        <key name="AZAZEL_B_BIRTHRIGHT">
            <string />
            <string />
            <string>더 강한 재채기</string>
            <string />
            <string />
            <string />
            <string />
            <string />
        </key>
        <key name="LAZARUS_B_BIRTHRIGHT">
            <string />
            <string />
            <string>중첩</string>
            <string />
            <string />
            <string />
            <string />
            <string />
        </key>
        <key name="EDEN_B_BIRTHRIGHT">
            <string />
            <string />
            <string>영원</string>
            <string />
            <string />
            <string />
            <string />
            <string />
        </key>
        <key name="THE_LOST_B_BIRTHRIGHT">
            <string />
            <string />
            <string>추가 목숨</string>
            <string />
            <string />
            <string />
            <string />
            <string />
        </key>
        <key name="LILITH_B_BIRTHRIGHT">
            <string />
            <string />
            <string>샴쌍둥이</string>
            <string />
            <string />
            <string />
            <string />
            <string />
        </key>
        <key name="KEEPER_B_BIRTHRIGHT">
            <string />
            <string />
            <string>돈 돈 돈</string>
            <string />
            <string />
            <string />
            <string />
            <string />
        </key>
        <key name="APOLLYON_B_BIRTHRIGHT">
            <string />
            <string />
            <string>고통</string>
            <string />
            <string />
            <string />
            <string />
            <string />
        </key>
        <key name="THE_FORGOTTEN_B_BIRTHRIGHT">
            <string />
            <string />
            <string>되돌아오라</string>
            <string />
            <string />
            <string />
            <string />
            <string />
        </key>
        <key name="BETHANY_B_BIRTHRIGHT">
            <string />
            <string />
            <string>아티팩트</string>
            <string />
            <string />
            <string />
            <string />
            <string />
        </key>
        <key name="JACOB_B_BIRTHRIGHT">
            <string />
            <string />
            <string>이건 네 게 아니야</string>
            <string />
            <string />
            <string />
            <string />
            <string />
        </key>
    </category>
    <category name="PocketItems">
        <key name="THE_FOOL_NAME">
            <string />
            <string />
            <string>0 - 바보</string>
            <string />
            <string />
            <string />
            <string />
            <string />
        </key>
        <key name="THE_FOOL_DESCRIPTION">
            <string />
            <string />
            <string>여정이 시작되는 곳으로</string>
            <string />
            <string />
            <string />
            <string />
            <string />
        </key>
        <key name="THE_MAGICIAN_NAME">
            <string />
            <string />
            <string>I - 마술사</string>
            <string />
            <string />
            <string />
            <string />
            <string />
        </key>
        <key name="THE_MAGICIAN_DESCRIPTION">
            <string />
            <string />
            <string>목표를 놓치지 않게 되리라</string>
            <string />
            <string />
            <string />
            <string />
            <string />
        </key>
        <key name="THE_HIGH_PRIESTESS_NAME">
            <string />
            <string />
            <string>II - 여교황</string>
            <string />
            <string />
            <string />
            <string />
            <string />
        </key>
        <key name="THE_HIGH_PRIESTESS_DESCRIPTION">
            <string />
            <string />
            <string>어머니께서 지켜보시리라</string>
            <string />
            <string />
            <string />
            <string />
            <string />
        </key>
        <key name="THE_EMPRESS_NAME">
            <string />
            <string />
            <string>III - 여제</string>
            <string />
            <string />
            <string />
            <string />
            <string />
        </key>
        <key name="THE_EMPRESS_DESCRIPTION">
            <string />
            <string />
            <string>너의 분노가 힘이 되리라</string>
            <string />
            <string />
            <string />
            <string />
            <string />
        </key>
        <key name="THE_EMPEROR_NAME">
            <string />
            <string />
            <string>IV - 황제</string>
            <string />
            <string />
            <string />
            <string />
            <string />
        </key>
        <key name="THE_EMPEROR_DESCRIPTION">
            <string />
            <string />
            <string>덤벼라!</string>
            <string />
            <string />
            <string />
            <string />
            <string />
        </key>
        <key name="THE_HIEROPHANT_NAME">
            <string />
            <string />
            <string>V - 교황</string>
            <string />
            <string />
            <string />
            <string />
            <string />
        </key>
        <key name="THE_HIEROPHANT_DESCRIPTION">
            <string />
            <string />
            <string>잃은 자를 위한 두 기도</string>
            <string />
            <string />
            <string />
            <string />
            <string />
        </key>
        <key name="THE_LOVERS_NAME">
            <string />
            <string />
            <string>VI - 연인</string>
            <string />
            <string />
            <string />
            <string />
            <string />
        </key>
        <key name="THE_LOVERS_DESCRIPTION">
            <string />
            <string />
            <string>건강하고 번영하리라</string>
            <string />
            <string />
            <string />
            <string />
            <string />
        </key>
        <key name="THE_CHARIOT_NAME">
            <string />
            <string />
            <string>VII - 전차</string>
            <string />
            <string />
            <string />
            <string />
            <string />
        </key>
        <key name="THE_CHARIOT_DESCRIPTION">
            <string />
            <string />
            <string>너에게 대적할 이 없으리</string>
            <string />
            <string />
            <string />
            <string />
            <string />
        </key>
        <key name="JUSTICE_NAME">
            <string />
            <string />
            <string>VIII - 정의</string>
            <string />
            <string />
            <string />
            <string />
            <string />
        </key>
        <key name="JUSTICE_DESCRIPTION">
            <string />
            <string />
            <string>너의 앞날이 평안하리라</string>
            <string />
            <string />
            <string />
            <string />
            <string />
        </key>
        <key name="THE_HERMIT_NAME">
            <string />
            <string />
            <string>IX - 은둔자</string>
            <string />
            <string />
            <string />
            <string />
            <string />
        </key>
        <key name="THE_HERMIT_DESCRIPTION">
            <string />
            <string />
            <string>삶이 주는 것을 보게 되리라</string>
            <string />
            <string />
            <string />
            <string />
            <string />
        </key>
        <key name="WHEEL_OF_FORTUNE_NAME">
            <string />
            <string />
            <string>X - 운명의 수레바퀴</string>
            <string />
            <string />
            <string />
            <string />
            <string />
        </key>
        <key name="WHEEL_OF_FORTUNE_DESCRIPTION">
            <string />
            <string />
            <string>운명의 수레바퀴를 돌려라</string>
            <string />
            <string />
            <string />
            <string />
            <string />
        </key>
        <key name="STRENGTH_NAME">
            <string />
            <string />
            <string>XI - 힘</string>
            <string />
            <string />
            <string />
            <string />
            <string />
        </key>
        <key name="STRENGTH_DESCRIPTION">
            <string />
            <string />
            <string>힘이 분노가 되리라</string>
            <string />
            <string />
            <string />
            <string />
            <string />
        </key>
        <key name="THE_HANGED_MAN_NAME">
            <string />
            <string />
            <string>XII - 매달린 남자</string>
            <string />
            <string />
            <string />
            <string />
            <string />
        </key>
        <key name="THE_HANGED_MAN_DESCRIPTION">
            <string />
            <string />
            <string>깨우침을 얻게 되리라</string>
            <string />
            <string />
            <string />
            <string />
            <string />
        </key>
        <key name="DEATH_NAME">
            <string />
            <string />
            <string>XIII - 죽음</string>
            <string />
            <string />
            <string />
            <string />
            <string />
        </key>
        <key name="DEATH_DESCRIPTION">
            <string />
            <string />
            <string>대적하는 자들은 완전히 파괴되리라</string>
            <string />
            <string />
            <string />
            <string />
            <string />
        </key>
        <key name="TEMPERANCE_NAME">
            <string />
            <string />
            <string>XIV - 절제</string>
            <string />
            <string />
            <string />
            <string />
            <string />
        </key>
        <key name="TEMPERANCE_DESCRIPTION">
            <string />
            <string />
            <string>순수한 마음을 갖게 되리라</string>
            <string />
            <string />
            <string />
            <string />
            <string />
        </key>
        <key name="THE_DEVIL_NAME">
            <string />
            <string />
            <string>XV - 악마</string>
            <string />
            <string />
            <string />
            <string />
            <string />
        </key>
        <key name="THE_DEVIL_DESCRIPTION">
            <string />
            <string />
            <string>어둠의 힘을 만끽하라</string>
            <string />
            <string />
            <string />
            <string />
            <string />
        </key>
        <key name="THE_TOWER_NAME">
            <string />
            <string />
            <string>XVI - 탑</string>
            <string />
            <string />
            <string />
            <string />
            <string />
        </key>
        <key name="THE_TOWER_DESCRIPTION">
            <string />
            <string />
            <string>파괴가 창조를 가져오리라</string>
            <string />
            <string />
            <string />
            <string />
            <string />
        </key>
        <key name="THE_STARS_NAME">
            <string />
            <string />
            <string>XVII - 별</string>
            <string />
            <string />
            <string />
            <string />
            <string />
        </key>
        <key name="THE_STARS_DESCRIPTION">
            <string />
            <string />
            <string>열망하던 것을 찾게 되리라</string>
            <string />
            <string />
            <string />
            <string />
            <string />
        </key>
        <key name="THE_MOON_NAME">
            <string />
            <string />
            <string>XVIII - 달</string>
            <string />
            <string />
            <string />
            <string />
            <string />
        </key>
        <key name="THE_MOON_DESCRIPTION">
            <string />
            <string />
            <string>잃어버린 모든 걸 되찾게 되리라</string>
            <string />
            <string />
            <string />
            <string />
            <string />
        </key>
        <key name="THE_SUN_NAME">
            <string />
            <string />
            <string>XIX - 태양</string>
            <string />
            <string />
            <string />
            <string />
            <string />
        </key>
        <key name="THE_SUN_DESCRIPTION">
            <string />
            <string />
            <string>빛이 너를 치유하고 축복하리라</string>
            <string />
            <string />
            <string />
            <string />
            <string />
        </key>
        <key name="JUDGEMENT_NAME">
            <string />
            <string />
            <string>XX - 심판</string>
            <string />
            <string />
            <string />
            <string />
            <string />
        </key>
        <key name="JUDGEMENT_DESCRIPTION">
            <string />
            <string />
            <string>심판받지 않기 위해 심판하라</string>
            <string />
            <string />
            <string />
            <string />
            <string />
        </key>
        <key name="THE_WORLD_NAME">
            <string />
            <string />
            <string>XXI - 세계</string>
            <string />
            <string />
            <string />
            <string />
            <string />
        </key>
        <key name="THE_WORLD_DESCRIPTION">
            <string />
            <string />
            <string>눈을 뜨고 세상을 보아라</string>
            <string />
            <string />
            <string />
            <string />
            <string />
        </key>
        <key name="TWO_OF_CLUBS_NAME">
            <string />
            <string />
            <string>클럽 2</string>
            <string />
            <string />
            <string />
            <string />
            <string />
        </key>
        <key name="TWO_OF_CLUBS_DESCRIPTION">
            <string />
            <string />
            <string>아이템 두 배</string>
            <string />
            <string />
            <string />
            <string />
            <string />
        </key>
        <key name="TWO_OF_DIAMONDS_NAME">
            <string />
            <string />
            <string>다이아몬드 2</string>
            <string />
            <string />
            <string />
            <string />
            <string />
        </key>
        <key name="TWO_OF_DIAMONDS_DESCRIPTION">
            <string />
            <string />
            <string>아이템 두 배</string>
            <string />
            <string />
            <string />
            <string />
            <string />
        </key>
        <key name="TWO_OF_SPADES_NAME">
            <string />
            <string />
            <string>스페이드 2</string>
            <string />
            <string />
            <string />
            <string />
            <string />
        </key>
        <key name="TWO_OF_SPADES_DESCRIPTION">
            <string />
            <string />
            <string>아이템 두 배</string>
            <string />
            <string />
            <string />
            <string />
            <string />
        </key>
        <key name="TWO_OF_HEARTS_NAME">
            <string />
            <string />
            <string>하트 2</string>
            <string />
            <string />
            <string />
            <string />
            <string />
        </key>
        <key name="TWO_OF_HEARTS_DESCRIPTION">
            <string />
            <string />
            <string>아이템 두 배</string>
            <string />
            <string />
            <string />
            <string />
            <string />
        </key>
        <key name="ACE_OF_CLUBS_NAME">
            <string />
            <string />
            <string>클로버 에이스</string>
            <string />
            <string />
            <string />
            <string />
            <string />
        </key>
        <key name="ACE_OF_CLUBS_DESCRIPTION">
            <string />
            <string />
            <string>전부 변환</string>
            <string />
            <string />
            <string />
            <string />
            <string />
        </key>
        <key name="ACE_OF_DIAMONDS_NAME">
            <string />
            <string />
            <string>다이아몬드 에이스</string>
            <string />
            <string />
            <string />
            <string />
            <string />
        </key>
        <key name="ACE_OF_DIAMONDS_DESCRIPTION">
            <string />
            <string />
            <string>전부 변환</string>
            <string />
            <string />
            <string />
            <string />
            <string />
        </key>
        <key name="ACE_OF_SPADES_NAME">
            <string />
            <string />
            <string>스페이드 에이스</string>
            <string />
            <string />
            <string />
            <string />
            <string />
        </key>
        <key name="ACE_OF_SPADES_DESCRIPTION">
            <string />
            <string />
            <string>전부 변환</string>
            <string />
            <string />
            <string />
            <string />
            <string />
        </key>
        <key name="ACE_OF_HEARTS_NAME">
            <string />
            <string />
            <string>하트 에이스</string>
            <string />
            <string />
            <string />
            <string />
            <string />
        </key>
        <key name="ACE_OF_HEARTS_DESCRIPTION">
            <string />
            <string />
            <string>전부 변환</string>
            <string />
            <string />
            <string />
            <string />
            <string />
        </key>
        <key name="JOKER_NAME">
            <string />
            <string />
            <string>조커</string>
            <string />
            <string />
            <string />
            <string />
            <string />
        </key>
        <key name="JOKER_DESCRIPTION">
            <string />
            <string />
            <string>???</string>
            <string />
            <string />
            <string />
            <string />
            <string />
        </key>
        <key name="HAGALAZ_NAME">
            <string />
            <string />
            <string>하갈라즈</string>
            <string />
            <string />
            <string />
            <string />
            <string />
        </key>
        <key name="HAGALAZ_DESCRIPTION">
            <string />
            <string />
            <string>파괴</string>
            <string />
            <string />
            <string />
            <string />
            <string />
        </key>
        <key name="JERA_NAME">
            <string />
            <string />
            <string>제라</string>
            <string />
            <string />
            <string />
            <string />
            <string />
        </key>
        <key name="JERA_DESCRIPTION">
            <string />
            <string />
            <string>풍부</string>
            <string />
            <string />
            <string />
            <string />
            <string />
        </key>
        <key name="EHWAZ_NAME">
            <string />
            <string />
            <string>에와즈</string>
            <string />
            <string />
            <string />
            <string />
            <string />
        </key>
        <key name="EHWAZ_DESCRIPTION">
            <string />
            <string />
            <string>통로</string>
            <string />
            <string />
            <string />
            <string />
            <string />
        </key>
        <key name="DAGAZ_NAME">
            <string />
            <string />
            <string>다가즈</string>
            <string />
            <string />
            <string />
            <string />
            <string />
        </key>
        <key name="DAGAZ_DESCRIPTION">
            <string />
            <string />
            <string>정화</string>
            <string />
            <string />
            <string />
            <string />
            <string />
        </key>
        <key name="ANSUZ_NAME">
            <string />
            <string />
            <string>안수즈</string>
            <string />
            <string />
            <string />
            <string />
            <string />
        </key>
        <key name="ANSUZ_DESCRIPTION">
            <string />
            <string />
            <string>시야</string>
            <string />
            <string />
            <string />
            <string />
            <string />
        </key>
        <key name="PERTHRO_NAME">
            <string />
            <string />
            <string>페르트로</string>
            <string />
            <string />
            <string />
            <string />
            <string />
        </key>
        <key name="PERTHRO_DESCRIPTION">
            <string />
            <string />
            <string>체인지</string>
            <string />
            <string />
            <string />
            <string />
            <string />
        </key>
        <key name="BERKANO_NAME">
            <string />
            <string />
            <string>베르카노</string>
            <string />
            <string />
            <string />
            <string />
            <string />
        </key>
        <key name="BERKANO_DESCRIPTION">
            <string />
            <string />
            <string>동료</string>
            <string />
            <string />
            <string />
            <string />
            <string />
        </key>
        <key name="ALGIZ_NAME">
            <string />
            <string />
            <string>알기즈</string>
            <string />
            <string />
            <string />
            <string />
            <string />
        </key>
        <key name="ALGIZ_DESCRIPTION">
            <string />
            <string />
            <string>저항</string>
            <string />
            <string />
            <string />
            <string />
            <string />
        </key>
        <key name="BLANK_RUNE_NAME">
            <string />
            <string />
            <string>비어있는 룬</string>
            <string />
            <string />
            <string />
            <string />
            <string />
        </key>
        <key name="BLANK_RUNE_DESCRIPTION">
            <string />
            <string />
            <string>???</string>
            <string />
            <string />
            <string />
            <string />
            <string />
        </key>
        <key name="BLACK_RUNE_NAME">
            <string />
            <string />
            <string>검은 룬</string>
            <string />
            <string />
            <string />
            <string />
            <string />
        </key>
        <key name="BLACK_RUNE_DESCRIPTION">
            <string />
            <string />
            <string>보이드</string>
            <string />
            <string />
            <string />
            <string />
            <string />
        </key>
        <key name="CHAOS_CARD_NAME">
            <string />
            <string />
            <string>혼돈 카드</string>
            <string />
            <string />
            <string />
            <string />
            <string />
        </key>
        <key name="CHAOS_CARD_DESCRIPTION">
            <string />
            <string />
            <string>???</string>
            <string />
            <string />
            <string />
            <string />
            <string />
        </key>
        <key name="CREDIT_CARD_NAME">
            <string />
            <string />
            <string>신용카드</string>
            <string />
            <string />
            <string />
            <string />
            <string />
        </key>
        <key name="CREDIT_CARD_DESCRIPTION">
            <string />
            <string />
            <string>일단 긁어!</string>
            <string />
            <string />
            <string />
            <string />
            <string />
        </key>
        <key name="RULES_CARD_NAME">
            <string />
            <string />
            <string>규칙 카드</string>
            <string />
            <string />
            <string />
            <string />
            <string />
        </key>
        <key name="RULES_CARD_DESCRIPTION">
            <string />
            <string />
            <string>???</string>
            <string />
            <string />
            <string />
            <string />
            <string />
        </key>
        <key name="A_CARD_AGAINST_HUMANITY_NAME">
            <string />
            <string />
            <string>비인간적인 카드</string>
            <string />
            <string />
            <string />
            <string />
            <string />
        </key>
        <key name="A_CARD_AGAINST_HUMANITY_DESCRIPTION">
            <string />
            <string />
            <string>냄새...</string>
            <string />
            <string />
            <string />
            <string />
            <string />
        </key>
        <key name="SUICIDE_KING_NAME">
            <string />
            <string />
            <string>자살 왕</string>
            <string />
            <string />
            <string />
            <string />
            <string />
        </key>
        <key name="SUICIDE_KING_DESCRIPTION">
            <string />
            <string />
            <string>진짜 결말?</string>
            <string />
            <string />
            <string />
            <string />
            <string />
        </key>
        <key name="GET_OUT_OF_JAIL_FREE_CARD_NAME">
            <string />
            <string />
            <string>감옥 탈출 카드</string>
            <string />
            <string />
            <string />
            <string />
            <string />
        </key>
        <key name="GET_OUT_OF_JAIL_FREE_CARD_DESCRIPTION">
            <string />
            <string />
            <string>열려라 참깨</string>
            <string />
            <string />
            <string />
            <string />
            <string />
        </key>
        <key name="Q_CARD_NAME">
            <string />
            <string />
            <string>? 카드</string>
            <string />
            <string />
            <string />
            <string />
            <string />
        </key>
        <key name="Q_CARD_DESCRIPTION">
            <string />
            <string />
            <string>이중 액티브</string>
            <string />
            <string />
            <string />
            <string />
            <string />
        </key>
        <key name="DICE_SHARD_NAME">
            <string />
            <string />
            <string>주사위 파편</string>
            <string />
            <string />
            <string />
            <string />
            <string />
        </key>
        <key name="DICE_SHARD_DESCRIPTION">
            <string />
            <string />
            <string>6면체 + 20면체</string>
            <string />
            <string />
            <string />
            <string />
            <string />
        </key>
        <key name="EMERGENCY_CONTACT_NAME">
            <string />
            <string />
            <string>비상 연락처</string>
            <string />
            <string />
            <string />
            <string />
            <string />
        </key>
        <key name="EMERGENCY_CONTACT_DESCRIPTION">
            <string />
            <string />
            <string>도움의 손길</string>
            <string />
            <string />
            <string />
            <string />
            <string />
        </key>
        <key name="HOLY_CARD_NAME">
            <string />
            <string />
            <string>신성한 카드</string>
            <string />
            <string />
            <string />
            <string />
            <string />
        </key>
        <key name="HOLY_CARD_DESCRIPTION">
            <string />
            <string />
            <string>보호받는 느낌</string>
            <string />
            <string />
            <string />
            <string />
            <string />
        </key>
        <key name="HUGE_GROWTH_NAME">
            <string />
            <string />
            <string>거대한 성장</string>
            <string />
            <string />
            <string />
            <string />
            <string />
        </key>
        <key name="HUGE_GROWTH_DESCRIPTION">
            <string />
            <string />
            <string>커져라!</string>
            <string />
            <string />
            <string />
            <string />
            <string />
        </key>
        <key name="ANCIENT_RECALL_NAME">
            <string />
            <string />
            <string>고대의 부름</string>
            <string />
            <string />
            <string />
            <string />
            <string />
        </key>
        <key name="ANCIENT_RECALL_DESCRIPTION">
            <string />
            <string />
            <string>카드 3장 뽑기</string>
            <string />
            <string />
            <string />
            <string />
            <string />
        </key>
        <key name="ERA_WALK_NAME">
            <string />
            <string />
            <string>시간 여행</string>
            <string />
            <string />
            <string />
            <string />
            <string />
        </key>
        <key name="ERA_WALK_DESCRIPTION">
            <string />
            <string />
            <string>이 순간을 만끽하세요</string>
            <string />
            <string />
            <string />
            <string />
            <string />
        </key>
        <key name="RUNE_SHARD_NAME">
            <string />
            <string />
            <string>룬 파편</string>
            <string />
            <string />
            <string />
            <string />
            <string />
        </key>
        <key name="RUNE_SHARD_DESCRIPTION">
            <string />
            <string />
            <string>아직 희미하게 빛나고 있다</string>
            <string />
            <string />
            <string />
            <string />
            <string />
        </key>
        <key name="THE_FOOL_R_NAME">
            <string />
            <string />
            <string>0 - 바보?</string>
            <string />
            <string />
            <string />
            <string />
            <string />
        </key>
        <key name="THE_FOOL_R_DESCRIPTION">
            <string />
            <string />
            <string>그만 잊고 넘어가라</string>
            <string />
            <string />
            <string />
            <string />
            <string />
        </key>
        <key name="THE_MAGICIAN_R_NAME">
            <string />
            <string />
            <string>I - 마술사?</string>
            <string />
            <string />
            <string />
            <string />
            <string />
        </key>
        <key name="THE_MAGICIAN_R_DESCRIPTION">
            <string />
            <string />
            <string>아무런 해도 다가오지 않으리라</string>
            <string />
            <string />
            <string />
            <string />
            <string />
        </key>
        <key name="THE_HIGH_PRIESTESS_R_NAME">
            <string />
            <string />
            <string>II - 여교황?</string>
            <string />
            <string />
            <string />
            <string />
            <string />
        </key>
        <key name="THE_HIGH_PRIESTESS_R_DESCRIPTION">
            <string />
            <string />
            <string>도망쳐라</string>
            <string />
            <string />
            <string />
            <string />
            <string />
        </key>
        <key name="THE_EMPRESS_R_NAME">
            <string />
            <string />
            <string>III - 여제?</string>
            <string />
            <string />
            <string />
            <string />
            <string />
        </key>
        <key name="THE_EMPRESS_R_DESCRIPTION">
            <string />
            <string />
            <string>너의 사랑이 곧 방패가 되리라</string>
            <string />
            <string />
            <string />
            <string />
            <string />
        </key>
        <key name="THE_EMPEROR_R_NAME">
            <string />
            <string />
            <string>IV - 황제?</string>
            <string />
            <string />
            <string />
            <string />
            <string />
        </key>
        <key name="THE_EMPEROR_R_DESCRIPTION">
            <string />
            <string />
            <string>네게 걸맞은 적수를 만나리라</string>
            <string />
            <string />
            <string />
            <string />
            <string />
        </key>
        <key name="THE_HIEROPHANT_R_NAME">
            <string />
            <string />
            <string>V - 교황?</string>
            <string />
            <string />
            <string />
            <string />
            <string />
        </key>
        <key name="THE_HIEROPHANT_R_DESCRIPTION">
            <string />
            <string />
            <string>잊혀진 자를 위한 두 기도</string>
            <string />
            <string />
            <string />
            <string />
            <string />
        </key>
        <key name="THE_LOVERS_R_NAME">
            <string />
            <string />
            <string>VI - 연인?</string>
            <string />
            <string />
            <string />
            <string />
            <string />
        </key>
        <key name="THE_LOVERS_R_DESCRIPTION">
            <string />
            <string />
            <string>너의 마음이 산산조각 나리라</string>
            <string />
            <string />
            <string />
            <string />
            <string />
        </key>
        <key name="THE_CHARIOT_R_NAME">
            <string />
            <string />
            <string>VII - 전차?</string>
            <string />
            <string />
            <string />
            <string />
            <string />
        </key>
        <key name="THE_CHARIOT_R_DESCRIPTION">
            <string />
            <string />
            <string>그 무엇도 널 지나치지 않으리라</string>
            <string />
            <string />
            <string />
            <string />
            <string />
        </key>
        <key name="JUSTICE_R_NAME">
            <string />
            <string />
            <string>VIII - 정의?</string>
            <string />
            <string />
            <string />
            <string />
            <string />
        </key>
        <key name="JUSTICE_R_DESCRIPTION">
            <string />
            <string />
            <string>너의 죄악은 끝내 너를 괴롭히리라</string>
            <string />
            <string />
            <string />
            <string />
            <string />
        </key>
        <key name="THE_HERMIT_R_NAME">
            <string />
            <string />
            <string>IX - 은둔자?</string>
            <string />
            <string />
            <string />
            <string />
            <string />
        </key>
        <key name="THE_HERMIT_R_DESCRIPTION">
            <string />
            <string />
            <string>삶의 만물로부터 가치를 깨닫게 되리라</string>
            <string />
            <string />
            <string />
            <string />
            <string />
        </key>
        <key name="WHEEL_OF_FORTUNE_R_NAME">
            <string />
            <string />
            <string>X - 운명의 수레바퀴?</string>
            <string />
            <string />
            <string />
            <string />
            <string />
        </key>
        <key name="WHEEL_OF_FORTUNE_R_DESCRIPTION">
            <string />
            <string />
            <string>운명의 주사위를 던져라</string>
            <string />
            <string />
            <string />
            <string />
            <string />
        </key>
        <key name="STRENGTH_R_NAME">
            <string />
            <string />
            <string>XI - 힘?</string>
            <string />
            <string />
            <string />
            <string />
            <string />
        </key>
        <key name="STRENGTH_R_DESCRIPTION">
            <string />
            <string />
            <string>저들의 의지를 꺾어버려라</string>
            <string />
            <string />
            <string />
            <string />
            <string />
        </key>
        <key name="THE_HANGED_MAN_R_NAME">
            <string />
            <string />
            <string>XII - 매달린 남자?</string>
            <string />
            <string />
            <string />
            <string />
            <string />
        </key>
        <key name="THE_HANGED_MAN_R_DESCRIPTION">
            <string />
            <string />
            <string>너의 탐욕은 끝없이 번져가리라</string>
            <string />
            <string />
            <string />
            <string />
            <string />
        </key>
        <key name="DEATH_R_NAME">
            <string />
            <string />
            <string>XIII - 죽음?</string>
            <string />
            <string />
            <string />
            <string />
            <string />
        </key>
        <key name="DEATH_R_DESCRIPTION">
            <string />
            <string />
            <string>스러진 자들로부터 생명이 솟아나리라</string>
            <string />
            <string />
            <string />
            <string />
            <string />
        </key>
        <key name="TEMPERANCE_R_NAME">
            <string />
            <string />
            <string>XIV - 절제?</string>
            <string />
            <string />
            <string />
            <string />
            <string />
        </key>
        <key name="TEMPERANCE_R_DESCRIPTION">
            <string />
            <string />
            <string>네 허기가 채워지리라</string>
            <string />
            <string />
            <string />
            <string />
            <string />
        </key>
        <key name="THE_DEVIL_R_NAME">
            <string />
            <string />
            <string>XV - 악마?</string>
            <string />
            <string />
            <string />
            <string />
            <string />
        </key>
        <key name="THE_DEVIL_R_DESCRIPTION">
            <string />
            <string />
            <string>자비라는 빛 속에 잠기리라</string>
            <string />
            <string />
            <string />
            <string />
            <string />
        </key>
        <key name="THE_TOWER_R_NAME">
            <string />
            <string />
            <string>XVI - 탑?</string>
            <string />
            <string />
            <string />
            <string />
            <string />
        </key>
        <key name="THE_TOWER_R_DESCRIPTION">
            <string />
            <string />
            <string>창조가 파괴를 가져오리라</string>
            <string />
            <string />
            <string />
            <string />
            <string />
        </key>
        <key name="THE_STARS_R_NAME">
            <string />
            <string />
            <string>XVII - 별?</string>
            <string />
            <string />
            <string />
            <string />
            <string />
        </key>
        <key name="THE_STARS_R_DESCRIPTION">
            <string />
            <string />
            <string>상실이 행운을 불러오리라</string>
            <string />
            <string />
            <string />
            <string />
            <string />
        </key>
        <key name="THE_MOON_R_NAME">
            <string />
            <string />
            <string>XVIII - 달?</string>
            <string />
            <string />
            <string />
            <string />
            <string />
        </key>
        <key name="THE_MOON_R_DESCRIPTION">
            <string />
            <string />
            <string>잃어버린 기억을 떠올리게 되리라</string>
            <string />
            <string />
            <string />
            <string />
            <string />
        </key>
        <key name="THE_SUN_R_NAME">
            <string />
            <string />
            <string>XIX - 태양?</string>
            <string />
            <string />
            <string />
            <string />
            <string />
        </key>
        <key name="THE_SUN_R_DESCRIPTION">
            <string />
            <string />
            <string>어둠이 네 주위를 모두 집어 삼키리라</string>
            <string />
            <string />
            <string />
            <string />
            <string />
        </key>
        <key name="JUDGEMENT_R_NAME">
            <string />
            <string />
            <string>XX - 심판?</string>
            <string />
            <string />
            <string />
            <string />
            <string />
        </key>
        <key name="JUDGEMENT_R_DESCRIPTION">
            <string />
            <string />
            <string>네가 부족한 자들을 구제하리라</string>
            <string />
            <string />
            <string />
            <string />
            <string />
        </key>
        <key name="THE_WORLD_R_NAME">
            <string />
            <string />
            <string>XXI - 세계?</string>
            <string />
            <string />
            <string />
            <string />
            <string />
        </key>
        <key name="THE_WORLD_R_DESCRIPTION">
            <string />
            <string />
            <string>심연으로 걸어 들어가라</string>
            <string />
            <string />
            <string />
            <string />
            <string />
        </key>
        <key name="CRACKED_KEY_NAME">
            <string />
            <string />
            <string>금이 간 열쇠</string>
            <string />
            <string />
            <string />
            <string />
            <string />
        </key>
        <key name="CRACKED_KEY_DESCRIPTION">
            <string />
            <string />
            <string>???</string>
            <string />
            <string />
            <string />
            <string />
            <string />
        </key>
        <key name="QUEEN_OF_HEARTS_NAME">
            <string />
            <string />
            <string>하트 퀸</string>
            <string />
            <string />
            <string />
            <string />
            <string />
        </key>
        <key name="QUEEN_OF_HEARTS_DESCRIPTION">
            <string />
            <string />
            <string>&lt;3</string>
            <string />
            <string />
            <string />
            <string />
            <string />
        </key>
        <key name="WILD_CARD_NAME">
            <string />
            <string />
            <string>와일드 카드</string>
            <string />
            <string />
            <string />
            <string />
            <string />
        </key>
        <key name="WILD_CARD_DESCRIPTION">
            <string />
            <string />
            <string>한번 더</string>
            <string />
            <string />
            <string />
            <string />
            <string />
        </key>
        <key name="SOUL_OF_ISAAC_NAME">
            <string />
            <string />
            <string>아이작의 영혼</string>
            <string />
            <string />
            <string />
            <string />
            <string />
        </key>
        <key name="SOUL_OF_ISAAC_DESCRIPTION">
            <string />
            <string />
            <string>굴리거나... 말거나</string>
            <string />
            <string />
            <string />
            <string />
            <string />
        </key>
        <key name="SOUL_OF_MAGDALENE_NAME">
            <string />
            <string />
            <string>막달레나의 영혼</string>
            <string />
            <string />
            <string />
            <string />
            <string />
        </key>
        <key name="SOUL_OF_MAGDALENE_DESCRIPTION">
            <string />
            <string />
            <string>네 사랑을 줘!</string>
            <string />
            <string />
            <string />
            <string />
            <string />
        </key>
        <key name="SOUL_OF_CAIN_NAME">
            <string />
            <string />
            <string>카인의 영혼</string>
            <string />
            <string />
            <string />
            <string />
            <string />
        </key>
        <key name="SOUL_OF_CAIN_DESCRIPTION">
            <string />
            <string />
            <string>열 수 없는 것을 열라</string>
            <string />
            <string />
            <string />
            <string />
            <string />
        </key>
        <key name="SOUL_OF_JUDAS_NAME">
            <string />
            <string />
            <string>유다의 영혼</string>
            <string />
            <string />
            <string />
            <string />
            <string />
        </key>
        <key name="SOUL_OF_JUDAS_DESCRIPTION">
            <string />
            <string />
            <string>네 뒤에 있다</string>
            <string />
            <string />
            <string />
            <string />
            <string />
        </key>
        <key name="SOUL_OF_BLUEBABY_NAME">
            <string />
            <string />
            <string>???의 영혼</string>
            <string />
            <string />
            <string />
            <string />
            <string />
        </key>
        <key name="SOUL_OF_BLUEBABY_DESCRIPTION">
            <string />
            <string />
            <string>화학전</string>
            <string />
            <string />
            <string />
            <string />
            <string />
        </key>
        <key name="SOUL_OF_EVE_NAME">
            <string />
            <string />
            <string>이브의 영혼</string>
            <string />
            <string />
            <string />
            <string />
            <string />
        </key>
        <key name="SOUL_OF_EVE_DESCRIPTION">
            <string />
            <string />
            <string>바로 네가 저지른 살인</string>
            <string />
            <string />
            <string />
            <string />
            <string />
        </key>
        <key name="SOUL_OF_SAMSON_NAME">
            <string />
            <string />
            <string>삼손의 영혼</string>
            <string />
            <string />
            <string />
            <string />
            <string />
        </key>
        <key name="SOUL_OF_SAMSON_DESCRIPTION">
            <string />
            <string />
            <string>천 명을 쓰러뜨리다</string>
            <string />
            <string />
            <string />
            <string />
            <string />
        </key>
        <key name="SOUL_OF_AZAZEL_NAME">
            <string />
            <string />
            <string>아자젤의 영혼</string>
            <string />
            <string />
            <string />
            <string />
            <string />
        </key>
        <key name="SOUL_OF_AZAZEL_DESCRIPTION">
            <string />
            <string />
            <string>악마의 분노!</string>
            <string />
            <string />
            <string />
            <string />
            <string />
        </key>
        <key name="SOUL_OF_LAZARUS_NAME">
            <string />
            <string />
            <string>나사로의 영혼</string>
            <string />
            <string />
            <string />
            <string />
            <string />
        </key>
        <key name="SOUL_OF_LAZARUS_DESCRIPTION">
            <string />
            <string />
            <string>죽음 후의 삶</string>
            <string />
            <string />
            <string />
            <string />
            <string />
        </key>
        <key name="SOUL_OF_EDEN_NAME">
            <string />
            <string />
            <string>에덴의 영혼</string>
            <string />
            <string />
            <string />
            <string />
            <string />
        </key>
        <key name="SOUL_OF_EDEN_DESCRIPTION">
            <string />
            <string />
            <string>혼돈을 받아들여라</string>
            <string />
            <string />
            <string />
            <string />
            <string />
        </key>
        <key name="SOUL_OF_THE_LOST_NAME">
            <string />
            <string />
            <string>더 로스트의 영혼</string>
            <string />
            <string />
            <string />
            <string />
            <string />
        </key>
        <key name="SOUL_OF_THE_LOST_DESCRIPTION">
            <string />
            <string />
            <string>육신을 버려라</string>
            <string />
            <string />
            <string />
            <string />
            <string />
        </key>
        <key name="SOUL_OF_LILITH_NAME">
            <string />
            <string />
            <string>릴리트의 영혼</string>
            <string />
            <string />
            <string />
            <string />
            <string />
        </key>
        <key name="SOUL_OF_LILITH_DESCRIPTION">
            <string />
            <string />
            <string>모성</string>
            <string />
            <string />
            <string />
            <string />
            <string />
        </key>
        <key name="SOUL_OF_THE_KEEPER_NAME">
            <string />
            <string />
            <string>키퍼의 영혼</string>
            <string />
            <string />
            <string />
            <string />
            <string />
        </key>
        <key name="SOUL_OF_THE_KEEPER_DESCRIPTION">
            <string />
            <string />
            <string>$$$</string>
            <string />
            <string />
            <string />
            <string />
            <string />
        </key>
        <key name="SOUL_OF_APOLLYON_NAME">
            <string />
            <string />
            <string>아폴리온의 영혼</string>
            <string />
            <string />
            <string />
            <string />
            <string />
        </key>
        <key name="SOUL_OF_APOLLYON_DESCRIPTION">
            <string />
            <string />
            <string>재앙의 징조</string>
            <string />
            <string />
            <string />
            <string />
            <string />
        </key>
        <key name="SOUL_OF_THE_FORGOTTEN_NAME">
            <string />
            <string />
            <string>더 포가튼의 영혼</string>
            <string />
            <string />
            <string />
            <string />
            <string />
        </key>
        <key name="SOUL_OF_THE_FORGOTTEN_DESCRIPTION">
            <string />
            <string />
            <string>해골 수호자</string>
            <string />
            <string />
            <string />
            <string />
            <string />
        </key>
        <key name="SOUL_OF_BETHANY_NAME">
            <string />
            <string />
            <string>베다니의 영혼</string>
            <string />
            <string />
            <string />
            <string />
            <string />
        </key>
        <key name="SOUL_OF_BETHANY_DESCRIPTION">
            <string />
            <string />
            <string>저 너머의 친구</string>
            <string />
            <string />
            <string />
            <string />
            <string />
        </key>
        <key name="SOUL_OF_JACOB_AND_ESAU_NAME">
            <string />
            <string />
            <string>야곱과 에사우의 영혼</string>
            <string />
            <string />
            <string />
            <string />
            <string />
        </key>
        <key name="SOUL_OF_JACOB_AND_ESAU_DESCRIPTION">
            <string />
            <string />
            <string>피로 묶이다</string>
            <string />
            <string />
            <string />
            <string />
            <string />
        </key>
        <key name="BAD_GAS_NAME">
            <string />
            <string />
            <string>가스 배출</string>
            <string />
            <string />
            <string />
            <string />
            <string />
        </key>
        <key name="BAD_TRIP_NAME">
            <string />
            <string />
            <string>마약 환각</string>
            <string />
            <string />
            <string />
            <string />
            <string />
        </key>
        <key name="BALLS_OF_STEEL_NAME">
            <string />
            <string />
            <string>강철같은 알약</string>
            <string />
            <string />
            <string />
            <string />
            <string />
        </key>
        <key name="BOMBS_ARE_KEY_NAME">
            <string />
            <string />
            <string>폭탄은 곧 열쇠</string>
            <string />
            <string />
            <string />
            <string />
            <string />
        </key>
        <key name="EXPLOSIVE_DIARRHEA_NAME">
            <string />
            <string />
            <string>폭탄 설사</string>
            <string />
            <string />
            <string />
            <string />
            <string />
        </key>
        <key name="FULL_HEALTH_NAME">
            <string />
            <string />
            <string>체력 회복</string>
            <string />
            <string />
            <string />
            <string />
            <string />
        </key>
        <key name="HEALTH_DOWN_NAME">
            <string />
            <string />
            <string>체력 감소</string>
            <string />
            <string />
            <string />
            <string />
            <string />
        </key>
        <key name="HEALTH_UP_NAME">
            <string />
            <string />
            <string>체력 증가</string>
            <string />
            <string />
            <string />
            <string />
            <string />
        </key>
        <key name="I_FOUND_PILLS_NAME">
            <string />
            <string />
            <string>이상한 약을...</string>
            <string />
            <string />
            <string />
            <string />
            <string />
        </key>
        <key name="I_FOUND_PILLS_DESCRIPTION">
            <string />
            <string />
            <string>...먹어 버렸어</string>
            <string />
            <string />
            <string />
            <string />
            <string />
        </key>
        <key name="PUBERTY_NAME">
            <string />
            <string />
            <string>사춘기</string>
            <string />
            <string />
            <string />
            <string />
            <string />
        </key>
        <key name="PRETTY_FLY_NAME">
            <string />
            <string />
            <string>귀여운 파리</string>
            <string />
            <string />
            <string />
            <string />
            <string />
        </key>
        <key name="RANGE_DOWN_NAME">
            <string />
            <string />
            <string>사거리 감소</string>
            <string />
            <string />
            <string />
            <string />
            <string />
        </key>
        <key name="RANGE_UP_NAME">
            <string />
            <string />
            <string>사거리 증가</string>
            <string />
            <string />
            <string />
            <string />
            <string />
        </key>
        <key name="SPEED_DOWN_NAME">
            <string />
            <string />
            <string>이동 속도 감소</string>
            <string />
            <string />
            <string />
            <string />
            <string />
        </key>
        <key name="SPEED_UP_NAME">
            <string />
            <string />
            <string>이동 속도 증가</string>
            <string />
            <string />
            <string />
            <string />
            <string />
        </key>
        <key name="TEARS_DOWN_NAME">
            <string />
            <string />
            <string>공격 속도 감소</string>
            <string />
            <string />
            <string />
            <string />
            <string />
        </key>
        <key name="TEARS_UP_NAME">
            <string />
            <string />
            <string>공격 속도 증가</string>
            <string />
            <string />
            <string />
            <string />
            <string />
        </key>
        <key name="LUCK_DOWN_NAME">
            <string />
            <string />
            <string>행운 감소</string>
            <string />
            <string />
            <string />
            <string />
            <string />
        </key>
        <key name="LUCK_UP_NAME">
            <string />
            <string />
            <string>행운 증가</string>
            <string />
            <string />
            <string />
            <string />
            <string />
        </key>
        <key name="TELEPILLS_NAME">
            <string />
            <string />
            <string>순간이동약</string>
            <string />
            <string />
            <string />
            <string />
            <string />
        </key>
        <key name="48_HOUR_ENERGY_NAME">
            <string />
            <string />
            <string>날개를 펼쳐줘요!</string>
            <string />
            <string />
            <string />
            <string />
            <string />
        </key>
        <key name="HEMATEMESIS_NAME">
            <string />
            <string />
            <string>토혈</string>
            <string />
            <string />
            <string />
            <string />
            <string />
        </key>
        <key name="PARALYSIS_NAME">
            <string />
            <string />
            <string>마비</string>
            <string />
            <string />
            <string />
            <string />
            <string />
        </key>
        <key name="I_CAN_SEE_FOREVER_NAME">
            <string />
            <string />
            <string>모두 잘 보여!</string>
            <string />
            <string />
            <string />
            <string />
            <string />
        </key>
        <key name="PHEROMONES_NAME">
            <string />
            <string />
            <string>페로몬</string>
            <string />
            <string />
            <string />
            <string />
            <string />
        </key>
        <key name="AMNESIA_NAME">
            <string />
            <string />
            <string>건망증</string>
            <string />
            <string />
            <string />
            <string />
            <string />
        </key>
        <key name="LEMON_PARTY_NAME">
            <string />
            <string />
            <string>레몬 잔치</string>
            <string />
            <string />
            <string />
            <string />
            <string />
        </key>
        <key name="R_U_A_WIZARD_NAME">
            <string />
            <string />
            <string>님 마술43?</string>
            <string />
            <string />
            <string />
            <string />
            <string />
        </key>
        <key name="PERCS_NAME">
            <string />
            <string />
            <string>진통제!</string>
            <string />
            <string />
            <string />
            <string />
            <string />
        </key>
        <key name="ADDICTED_NAME">
            <string />
            <string />
            <string>과다 복용!</string>
            <string />
            <string />
            <string />
            <string />
            <string />
        </key>
        <key name="RELAX_NAME">
            <string />
            <string />
            <string>휴우-식</string>
            <string />
            <string />
            <string />
            <string />
            <string />
        </key>
        <key name="QUESTION_MARKS_NAME">
            <string />
            <string />
            <string>???</string>
            <string />
            <string />
            <string />
            <string />
            <string />
        </key>
        <key name="ONE_MAKES_YOU_LARGER_NAME">
            <string />
            <string />
            <string>커져라 알약</string>
            <string />
            <string />
            <string />
            <string />
            <string />
        </key>
        <key name="ONE_MAKES_YOU_SMALL_NAME">
            <string />
            <string />
            <string>작아져라 알약</string>
            <string />
            <string />
            <string />
            <string />
            <string />
        </key>
        <key name="INFESTED_NAME_1">
            <string />
            <string />
            <string>감염!</string>
            <string />
            <string />
            <string />
            <string />
            <string />
        </key>
        <key name="INFESTED_NAME_2">
            <string />
            <string />
            <string>감염?</string>
            <string />
            <string />
            <string />
            <string />
            <string />
        </key>
        <key name="POWER_PILL_NAME">
            <string />
            <string />
            <string>최강 알약!</string>
            <string />
            <string />
            <string />
            <string />
            <string />
        </key>
        <key name="RETRO_VISION_NAME">
            <string />
            <string />
            <string>전자오락 시야경</string>
            <string />
            <string />
            <string />
            <string />
            <string />
        </key>
        <key name="FRIENDS_TILL_THE_END_NAME">
            <string />
            <string />
            <string>마지막까지 친구야!</string>
            <string />
            <string />
            <string />
            <string />
            <string />
        </key>
        <key name="XLAX_NAME">
            <string />
            <string />
            <string>설사약</string>
            <string />
            <string />
            <string />
            <string />
            <string />
        </key>
        <key name="SOMETHINGS_WRONG_NAME">
            <string />
            <string />
            <string>뭔가 잘못됐는데...</string>
            <string />
            <string />
            <string />
            <string />
            <string />
        </key>
        <key name="IM_DROWSY_NAME">
            <string />
            <string />
            <string>완전 지루해...</string>
            <string />
            <string />
            <string />
            <string />
            <string />
        </key>
        <key name="IM_EXCITED_NAME">
            <string />
            <string />
            <string>완전 신나!!!</string>
            <string />
            <string />
            <string />
            <string />
            <string />
        </key>
        <key name="GULP_NAME">
            <string />
            <string />
            <string>꿀꺽!</string>
            <string />
            <string />
            <string />
            <string />
            <string />
        </key>
        <key name="HORF_NAME">
            <string />
            <string />
            <string>퉤엣!</string>
            <string />
            <string />
            <string />
            <string />
            <string />
        </key>
        <key name="FEELS_LIKE_IM_WALKING_ON_SUNSHINE_NAME">
            <string />
            <string />
            <string>햇살 위를 걷는 기분이야!</string>
            <string />
            <string />
            <string />
            <string />
            <string />
        </key>
        <key name="VURP_NAME">
            <string />
            <string />
            <string>꾸르억!</string>
            <string />
            <string />
            <string />
            <string />
            <string />
        </key>
        <key name="SHOT_SPEED_DOWN_NAME">
            <string />
            <string />
            <string>투사체 속도 감소</string>
            <string />
            <string />
            <string />
            <string />
            <string />
        </key>
        <key name="SHOT_SPEED_UP_NAME">
            <string />
            <string />
            <string>투사체 속도 증가</string>
            <string />
            <string />
            <string />
            <string />
            <string />
        </key>
        <key name="EXPERIMENTAL_PILL_NAME">
            <string />
            <string />
            <string>실험약</string>
            <string />
            <string />
            <string />
            <string />
            <string />
        </key>
    </category>
    <category name="SeedMenu">
        <key name="SEED_UNLOCKED">
            <string />
            <string />
            <string>이스터 에그 발견!</string>
            <string />
            <string />
            <string />
            <string />
            <string />
        </key>
        <key name="SEED_ENABLED">
            <string />
            <string />
            <string>이스터 에그 활성화됨</string>
            <string />
            <string />
            <string />
            <string />
            <string />
        </key>
        <key name="SEED_CONFIRM">
            <string />
            <string />
            <string>총 {numseeds} 개의 시드가 활성화됨</string>
            <string />
            <string />
            <string />
            <string />
            <string />
        </key>
        <key name="SEED_RESET">
            <string />
            <string />
            <string>모든 선택 해제</string>
            <string />
            <string />
            <string />
            <string />
            <string />
        </key>
        <key name="SEED_16">
            <string />
            <string />
            <string>무한 지하실</string>
            <string />
            <string />
            <string />
            <string />
            <string />
        </key>
        <key name="SEED_11">
            <string />
            <string />
            <string>나를 따르라</string>
            <string />
            <string />
            <string />
            <string />
            <string />
        </key>
        <key name="SEED_72">
            <string />
            <string />
            <string>획득 시간 제한</string>
            <string />
            <string />
            <string />
            <string />
            <string />
        </key>
        <key name="SEED_33">
            <string />
            <string />
            <string>부분 유료화</string>
            <string />
            <string />
            <string />
            <string />
            <string />
        </key>
        <key name="SEED_25">
            <string />
            <string />
            <string>평화주의</string>
            <string />
            <string />
            <string />
            <string />
            <string />
        </key>
        <key name="SEED_32">
            <string />
            <string />
            <string>적들이 부활함</string>
            <string />
            <string />
            <string />
            <string />
            <string />
        </key>
        <key name="SEED_71">
            <string />
            <string />
            <string>돌이킬 수 없는</string>
            <string />
            <string />
            <string />
            <string />
            <string />
        </key>
        <key name="SEED_24">
            <string />
            <string />
            <string>응아 기차</string>
            <string />
            <string />
            <string />
            <string />
            <string />
        </key>
        <key name="SEED_73">
            <string />
            <string />
            <string>겁쟁이들의 모드</string>
            <string />
            <string />
            <string />
            <string />
            <string />
        </key>
        <key name="SEED_55">
            <string />
            <string />
            <string>어린이용 협동 모드</string>
            <string />
            <string />
            <string />
            <string />
            <string />
        </key>
        <key name="SEED_56">
            <string />
            <string />
            <string>영원한 어둠</string>
            <string />
            <string />
            <string />
            <string />
            <string />
        </key>
        <key name="SEED_57">
            <string />
            <string />
            <string>벗어날 수 없는 미궁</string>
            <string />
            <string />
            <string />
            <string />
            <string />
        </key>
        <key name="SEED_58">
            <string />
            <string />
            <string>절망적인 방황</string>
            <string />
            <string />
            <string />
            <string />
            <string />
        </key>
        <key name="SEED_59">
            <string />
            <string />
            <string>영원한 미지</string>
            <string />
            <string />
            <string />
            <string />
            <string />
        </key>
        <key name="SEED_60">
            <string />
            <string />
            <string>끝없는 미로</string>
            <string />
            <string />
            <string />
            <string />
            <string />
        </key>
        <key name="SEED_61">
            <string />
            <string />
            <string>치료할 수 없는 실명</string>
            <string />
            <string />
            <string />
            <string />
            <string />
        </key>
        <key name="SEED_62">
            <string />
            <string />
            <string>끔찍한 저주</string>
            <string />
            <string />
            <string />
            <string />
            <string />
        </key>
        <key name="SEED_63">
            <string />
            <string />
            <string>어둠을 빛내리</string>
            <string />
            <string />
            <string />
            <string />
            <string />
        </key>
        <key name="SEED_64">
            <string />
            <string />
            <string>미궁 탈출</string>
            <string />
            <string />
            <string />
            <string />
            <string />
        </key>
        <key name="SEED_65">
            <string />
            <string />
            <string>더 이상 길을 잃지 않아</string>
            <string />
            <string />
            <string />
            <string />
            <string />
        </key>
        <key name="SEED_66">
            <string />
            <string />
            <string>미지를 알게 됨</string>
            <string />
            <string />
            <string />
            <string />
            <string />
        </key>
        <key name="SEED_67">
            <string />
            <string />
            <string>미로를 빠져나가자</string>
            <string />
            <string />
            <string />
            <string />
            <string />
        </key>
        <key name="SEED_68">
            <string />
            <string />
            <string>눈먼 자에게 치유를</string>
            <string />
            <string />
            <string />
            <string />
            <string />
        </key>
        <key name="SEED_70">
            <string />
            <string />
            <string>모든 저주 면제</string>
            <string />
            <string />
            <string />
            <string />
            <string />
        </key>
        <key name="SEED_47">
            <string />
            <string />
            <string>체력 한 칸 피해</string>
            <string />
            <string />
            <string />
            <string />
            <string />
        </key>
        <key name="SEED_48">
            <string />
            <string />
            <string>열 두 체력 피해</string>
            <string />
            <string />
            <string />
            <string />
            <string />
        </key>
        <key name="SEED_26">
            <string />
            <string />
            <string>움직임을 멈추지 마라</string>
            <string />
            <string />
            <string />
            <string />
            <string />
        </key>
        <key name="SEED_27">
            <string />
            <string />
            <string>카운트다운</string>
            <string />
            <string />
            <string />
            <string />
            <string />
        </key>
        <key name="SEED_28">
            <string />
            <string />
            <string>30분 제한</string>
            <string />
            <string />
            <string />
            <string />
            <string />
        </key>
        <key name="SEED_52">
            <string />
            <string />
            <string>빙판길</string>
            <string />
            <string />
            <string />
            <string />
            <string />
        </key>
        <key name="SEED_74">
            <string />
            <string />
            <string>용감하게</string>
            <string />
            <string />
            <string />
            <string />
            <string />
        </key>
        <key name="SEED_75">
            <string />
            <string />
            <string>소심하게</string>
            <string />
            <string />
            <string />
            <string />
            <string />
        </key>
        <key name="SEED_12">
            <string />
            <string />
            <string>조작 반전</string>
            <string />
            <string />
            <string />
            <string />
            <string />
        </key>
        <key name="SEED_76">
            <string />
            <string />
            <string>직선으로만 조작</string>
            <string />
            <string />
            <string />
            <string />
            <string />
        </key>
        <key name="SEED_3">
            <string />
            <string />
            <string>위장한 플레이어</string>
            <string />
            <string />
            <string />
            <string />
            <string />
        </key>
        <key name="SEED_4">
            <string />
            <string />
            <string>위장한 적</string>
            <string />
            <string />
            <string />
            <string />
            <string />
        </key>
        <key name="SEED_5">
            <string />
            <string />
            <string>위장한 물품</string>
            <string />
            <string />
            <string />
            <string />
            <string />
        </key>
        <key name="SEED_6">
            <string />
            <string />
            <string>모든 것이 위장됨!</string>
            <string />
            <string />
            <string />
            <string />
            <string />
        </key>
        <key name="SEED_14">
            <string />
            <string />
            <string>투명한 플레이어</string>
            <string />
            <string />
            <string />
            <string />
            <string />
        </key>
        <key name="SEED_15">
            <string />
            <string />
            <string>투명한 적</string>
            <string />
            <string />
            <string />
            <string />
            <string />
        </key>
        <key name="SEED_46">
            <string />
            <string />
            <string>빈 얼굴</string>
            <string />
            <string />
            <string />
            <string />
            <string />
        </key>
        <key name="SEED_53">
            <string />
            <string />
            <string>회색조</string>
            <string />
            <string />
            <string />
            <string />
            <string />
        </key>
        <key name="SEED_54">
            <string />
            <string />
            <string>크리스마스</string>
            <string />
            <string />
            <string />
            <string />
            <string />
        </key>
        <key name="SEED_35">
            <string />
            <string />
            <string>대두 모드</string>
            <string />
            <string />
            <string />
            <string />
            <string />
        </key>
        <key name="SEED_36">
            <string />
            <string />
            <string>소두 모드</string>
            <string />
            <string />
            <string />
            <string />
            <string />
        </key>
        <key name="SEED_37">
            <string />
            <string />
            <string>검은 몸</string>
            <string />
            <string />
            <string />
            <string />
            <string />
        </key>
        <key name="SEED_38">
            <string />
            <string />
            <string>빛나는 눈물</string>
            <string />
            <string />
            <string />
            <string />
            <string />
        </key>
        <key name="SEED_23">
            <string />
            <string />
            <string>더 많은 피</string>
            <string />
            <string />
            <string />
            <string />
            <string />
        </key>
        <key name="SEED_8">
            <string />
            <string />
            <string>브라운관 화면!</string>
            <string />
            <string />
            <string />
            <string />
            <string />
        </key>
        <key name="SEED_9">
            <string />
            <string />
            <string>난독증</string>
            <string />
            <string />
            <string />
            <string />
            <string />
        </key>
        <key name="SEED_10">
            <string />
            <string />
            <string>HUD 없음</string>
            <string />
            <string />
            <string />
            <string />
            <string />
        </key>
        <key name="SEED_29">
            <string />
            <string />
            <string>수수께끼의 알약</string>
            <string />
            <string />
            <string />
            <string />
            <string />
        </key>
        <key name="SEED_30">
            <string />
            <string />
            <string>수수께끼의 카드</string>
            <string />
            <string />
            <string />
            <string />
            <string />
        </key>
        <key name="SEED_13">
            <string />
            <string />
            <string>챔피언 적</string>
            <string />
            <string />
            <string />
            <string />
            <string />
        </key>
        <key name="SEED_17">
            <string />
            <string />
            <string>매혹적인 적</string>
            <string />
            <string />
            <string />
            <string />
            <string />
        </key>
        <key name="SEED_18">
            <string />
            <string />
            <string>혼란스러운 적</string>
            <string />
            <string />
            <string />
            <string />
            <string />
        </key>
        <key name="SEED_19">
            <string />
            <string />
            <string>겁쟁이 적</string>
            <string />
            <string />
            <string />
            <string />
            <string />
        </key>
        <key name="SEED_20">
            <string />
            <string />
            <string>개구쟁이 적</string>
            <string />
            <string />
            <string />
            <string />
            <string />
        </key>
        <key name="SEED_21">
            <string />
            <string />
            <string>비사교적인 적</string>
            <string />
            <string />
            <string />
            <string />
            <string />
        </key>
        <key name="SEED_7">
            <string />
            <string />
            <string>방귀스런 소리</string>
            <string />
            <string />
            <string />
            <string />
            <string />
        </key>
        <key name="SEED_1">
            <string />
            <string />
            <string>움직임 템포</string>
            <string />
            <string />
            <string />
            <string />
            <string />
        </key>
        <key name="SEED_2">
            <string />
            <string />
            <string>체력 템포</string>
            <string />
            <string />
            <string />
            <string />
            <string />
        </key>
        <key name="SEED_41">
            <string />
            <string />
            <string>템포 다운</string>
            <string />
            <string />
            <string />
            <string />
            <string />
        </key>
        <key name="SEED_42">
            <string />
            <string />
            <string>템포 다운--</string>
            <string />
            <string />
            <string />
            <string />
            <string />
        </key>
        <key name="SEED_43">
            <string />
            <string />
            <string>템포 업</string>
            <string />
            <string />
            <string />
            <string />
            <string />
        </key>
        <key name="SEED_44">
            <string />
            <string />
            <string>템포 업++</string>
            <string />
            <string />
            <string />
            <string />
            <string />
        </key>
        <key name="SEED_77">
            <string />
            <string />
            <string>슈퍼 핫</string>
            <string />
            <string />
            <string />
            <string />
            <string />
        </key>
        <key name="SEED_78">
            <string />
            <string />
            <string>전자오락 시야경</string>
            <string />
            <string />
            <string />
            <string />
            <string />
        </key>
        <key name="SEED_79">
            <string />
            <string />
            <string>G FUEL!</string>
            <string />
            <string />
            <string />
            <string />
            <string />
        </key>
    </category>
    <category name="Stages">
        <key name="SPECIAL_ROOMS_NAME">
            <string />
            <string />
            <string>특수 방</string>
            <string />
            <string />
            <string />
            <string />
            <string />
        </key>
        <key name="BASEMENT_NAME">
            <string />
            <string />
            <string>지하실</string>
            <string />
            <string />
            <string />
            <string />
            <string />
        </key>
        <key name="CELLAR_NAME">
            <string />
            <string />
            <string>지하 창고</string>
            <string />
            <string />
            <string />
            <string />
            <string />
        </key>
        <key name="BURNING_BASEMENT_NAME">
            <string />
            <string />
            <string>불타는 지하실</string>
            <string />
            <string />
            <string />
            <string />
            <string />
        </key>
        <key name="CAVES_NAME">
            <string />
            <string />
            <string>동굴</string>
            <string />
            <string />
            <string />
            <string />
            <string />
        </key>
        <key name="CATACOMBS_NAME">
            <string />
            <string />
            <string>지하 묘지</string>
            <string />
            <string />
            <string />
            <string />
            <string />
        </key>
        <key name="FLOODED_CAVES_NAME">
            <string />
            <string />
            <string>침수된 동굴</string>
            <string />
            <string />
            <string />
            <string />
            <string />
        </key>
        <key name="DEPTHS_NAME">
            <string />
            <string />
            <string>나락</string>
            <string />
            <string />
            <string />
            <string />
            <string />
        </key>
        <key name="NECROPOLIS_NAME">
            <string />
            <string />
            <string>공동묘지</string>
            <string />
            <string />
            <string />
            <string />
            <string />
        </key>
        <key name="DANK_DEPTHS_NAME">
            <string />
            <string />
            <string>습한 나락</string>
            <string />
            <string />
            <string />
            <string />
            <string />
        </key>
        <key name="WOMB_NAME">
            <string />
            <string />
            <string>자궁</string>
            <string />
            <string />
            <string />
            <string />
            <string />
        </key>
        <key name="UTERO_NAME">
            <string />
            <string />
            <string>자궁 속</string>
            <string />
            <string />
            <string />
            <string />
            <string />
        </key>
        <key name="SCARRED_WOMB_NAME">
            <string />
            <string />
            <string>상처난 자궁</string>
            <string />
            <string />
            <string />
            <string />
            <string />
        </key>
        <key name="BLUE_WOMB_NAME">
            <string />
            <string />
            <string>???</string>
            <string />
            <string />
            <string />
            <string />
            <string />
        </key>
        <key name="SHEOL_NAME">
            <string />
            <string />
            <string>저승</string>
            <string />
            <string />
            <string />
            <string />
            <string />
        </key>
        <key name="CATHEDRAL_NAME">
            <string />
            <string />
            <string>대성당</string>
            <string />
            <string />
            <string />
            <string />
            <string />
        </key>
        <key name="DARK_ROOM_NAME">
            <string />
            <string />
            <string>어두운 방</string>
            <string />
            <string />
            <string />
            <string />
            <string />
        </key>
        <key name="CHEST_NAME">
            <string />
            <string />
            <string>상자</string>
            <string />
            <string />
            <string />
            <string />
            <string />
        </key>
        <key name="THE_SHOP_NAME">
            <string />
            <string />
            <string>상점</string>
            <string />
            <string />
            <string />
            <string />
            <string />
        </key>
        <key name="ULTRA_GREED_NAME">
            <string />
            <string />
            <string>왕 탐욕</string>
            <string />
            <string />
            <string />
            <string />
            <string />
        </key>
        <key name="THE_VOID_NAME">
            <string />
            <string />
            <string>공허</string>
            <string />
            <string />
            <string />
            <string />
            <string />
        </key>
        <key name="DOWNPOUR_NAME">
            <string />
            <string />
            <string>폭우</string>
            <string />
            <string />
            <string />
            <string />
            <string />
        </key>
        <key name="DROSS_NAME">
            <string />
            <string />
            <string>찌꺼기</string>
            <string />
            <string />
            <string />
            <string />
            <string />
        </key>
        <key name="MINES_NAME">
            <string />
            <string />
            <string>광산</string>
            <string />
            <string />
            <string />
            <string />
            <string />
        </key>
        <key name="ASHPIT_NAME">
            <string />
            <string />
            <string>잿구덩이</string>
            <string />
            <string />
            <string />
            <string />
            <string />
        </key>
        <key name="MAUSOLEUM_NAME">
            <string />
            <string />
            <string>영묘</string>
            <string />
            <string />
            <string />
            <string />
            <string />
        </key>
        <key name="GEHENNA_NAME">
            <string />
            <string />
            <string>게헨나</string>
            <string />
            <string />
            <string />
            <string />
            <string />
        </key>
        <key name="CORPSE_NAME">
            <string />
            <string />
            <string>시체</string>
            <string />
            <string />
            <string />
            <string />
            <string />
        </key>
        <key name="HOME_NAME">
            <string />
            <string />
            <string>집</string>
            <string />
            <string />
            <string />
            <string />
            <string />
        </key>
        <key name="BACKWARDS_NAME">
            <string />
            <string />
            <string>?</string>
            <string />
            <string />
            <string />
            <string />
            <string />
        </key>
    </category>
    <category name="Fortune_General">
        <key name="Entry_1">
            <string />
            <string />
            <string>달님을 쳐다보라</string>
            <string />
            <string />
            <string />
            <string />
            <string />
        </key>
        <key name="Entry_2">
            <string />
            <string />
            <string>오늘은 집을|떠나지 말라</string>
            <string />
            <string />
            <string />
            <string />
            <string />
        </key>
        <key name="Entry_3">
            <string />
            <string />
            <string>우리는 모두|한 날에 죽을 것이다</string>
            <string />
            <string />
            <string />
            <string />
            <string />
        </key>
        <key name="Entry_4">
            <string />
            <string />
            <string>너는 목숨을|내다버리고 있다</string>
            <string />
            <string />
            <string />
            <string />
            <string />
        </key>
        <key name="Entry_5">
            <string />
            <string />
            <string>바깥에 나가!</string>
            <string />
            <string />
            <string />
            <string />
            <string />
        </key>
        <key name="Entry_6">
            <string />
            <string />
            <string>포기해!</string>
            <string />
            <string />
            <string />
            <string />
            <string />
        </key>
        <key name="Entry_7">
            <string />
            <string />
            <string>너는 혼자 죽을 것이다</string>
            <string />
            <string />
            <string />
            <string />
            <string />
        </key>
        <key name="Entry_8">
            <string />
            <string />
            <string>다시 물어보아라</string>
            <string />
            <string />
            <string />
            <string />
            <string />
        </key>
        <key name="Entry_9">
            <string />
            <string />
            <string>일어나</string>
            <string />
            <string />
            <string />
            <string />
            <string />
        </key>
        <key name="Entry_10">
            <string />
            <string />
            <string>너는 태양신을|숭배하고 있다</string>
            <string />
            <string />
            <string />
            <string />
            <string />
        </key>
        <key name="Entry_11">
            <string />
            <string />
            <string>잠들어 있어라</string>
            <string />
            <string />
            <string />
            <string />
            <string />
        </key>
        <key name="Entry_12">
            <string />
            <string />
            <string>결혼과 번식</string>
            <string />
            <string />
            <string />
            <string />
            <string />
        </key>
        <key name="Entry_13">
            <string />
            <string />
            <string>권위에 의문을 품어라</string>
            <string />
            <string />
            <string />
            <string />
            <string />
        </key>
        <key name="Entry_14">
            <string />
            <string />
            <string>자신 스스로 생각하라</string>
            <string />
            <string />
            <string />
            <string />
            <string />
        </key>
        <key name="Entry_15">
            <string />
            <string />
            <string>스티븐은 살아 있다</string>
            <string />
            <string />
            <string />
            <string />
            <string />
        </key>
        <key name="Entry_16">
            <string />
            <string />
            <string>그에게 사진을 가져다주어라</string>
            <string />
            <string />
            <string />
            <string />
            <string />
        </key>
        <key name="Entry_17">
            <string />
            <string />
            <string>너의 영혼은|어둠 속에|숨겨져 있다</string>
            <string />
            <string />
            <string />
            <string />
            <string />
        </key>
        <key name="Entry_18">
            <string />
            <string />
            <string>너는 잘못 태어났다</string>
            <string />
            <string />
            <string />
            <string />
            <string />
        </key>
        <key name="Entry_19">
            <string />
            <string />
            <string>네 안은 어둡다</string>
            <string />
            <string />
            <string />
            <string />
            <string />
        </key>
        <key name="Entry_20">
            <string />
            <string />
            <string>너는 결코|용서받지 못할 것이다</string>
            <string />
            <string />
            <string />
            <string />
            <string />
        </key>
        <key name="Entry_21">
            <string />
            <string />
            <string>인생이 레몬처럼|시큼하다면|갈아버려!</string>
            <string />
            <string />
            <string />
            <string />
            <string />
        </key>
        <key name="Entry_22">
            <string />
            <string />
            <string>홀로 가는 것은|위험한 행동이다</string>
            <string />
            <string />
            <string />
            <string />
            <string />
        </key>
        <key name="Entry_23">
            <string />
            <string />
            <string>다음 방으로 가라</string>
            <string />
            <string />
            <string />
            <string />
            <string />
        </key>
        <key name="Entry_24">
            <string />
            <string />
            <string>죽을 지어다</string>
            <string />
            <string />
            <string />
            <string />
            <string />
        </key>
        <key name="Entry_25">
            <string />
            <string />
            <string>왜 그렇게 우울해?</string>
            <string />
            <string />
            <string />
            <string />
            <string />
        </key>
        <key name="Entry_26">
            <string />
            <string />
            <string>공주님은|다른 성에 있어요</string>
            <string />
            <string />
            <string />
            <string />
            <string />
        </key>
        <key name="Entry_27">
            <string />
            <string />
            <string>사람이|실수를 하는 건|당연한 일이다</string>
            <string />
            <string />
            <string />
            <string />
            <string />
        </key>
        <key name="Entry_28">
            <string />
            <string />
            <string>매달린 남자가|오늘 너에게|불행을</string>
            <string />
            <string />
            <string />
            <string />
            <string />
        </key>
        <key name="Entry_29">
            <string />
            <string />
            <string>변장한 악마</string>
            <string />
            <string />
            <string />
            <string />
            <string />
        </key>
        <key name="Entry_30">
            <string />
            <string />
            <string>그 누가|너의 괴로움을|알아줄까</string>
            <string />
            <string />
            <string />
            <string />
            <string />
        </key>
        <key name="Entry_31">
            <string />
            <string />
            <string>상처받지 말라|다른 이들에게도|골칫거리는 있다</string>
            <string />
            <string />
            <string />
            <string />
            <string />
        </key>
        <key name="Entry_32">
            <string />
            <string />
            <string>너는 항상|망상에 빠져 있다</string>
            <string />
            <string />
            <string />
            <string />
            <string />
        </key>
        <key name="Entry_33">
            <string />
            <string />
            <string>이성을 잃지 말라</string>
            <string />
            <string />
            <string />
            <string />
            <string />
        </key>
        <key name="Entry_34">
            <string />
            <string />
            <string>이미 엎질러진|눈물이다</string>
            <string />
            <string />
            <string />
            <string />
            <string />
        </key>
        <key name="Entry_35">
            <string />
            <string />
            <string>음 그거|별로였어</string>
            <string />
            <string />
            <string />
            <string />
            <string />
        </key>
        <key name="Entry_36">
            <string />
            <string />
            <string>네 작은 얼굴에|햇빛이</string>
            <string />
            <string />
            <string />
            <string />
            <string />
        </key>
        <key name="Entry_37">
            <string />
            <string />
            <string>출구를|본 적 있는가?</string>
            <string />
            <string />
            <string />
            <string />
            <string />
        </key>
        <key name="Entry_38">
            <string />
            <string />
            <string>항상 긍정적으로|생각하라</string>
            <string />
            <string />
            <string />
            <string />
            <string />
        </key>
        <key name="Entry_39">
            <string />
            <string />
            <string>애완동물을 길러라|힘이 날 것이다</string>
            <string />
            <string />
            <string />
            <string />
            <string />
        </key>
        <key name="Entry_40">
            <string />
            <string />
            <string>사람을 만날 때|선입견을 갖지 말라</string>
            <string />
            <string />
            <string />
            <string />
            <string />
        </key>
        <key name="Entry_41">
            <string />
            <string />
            <string>죄인일 뿐이다</string>
            <string />
            <string />
            <string />
            <string />
            <string />
        </key>
        <key name="Entry_42">
            <string />
            <string />
            <string>그가 보는 대로|그가 하는 대로</string>
            <string />
            <string />
            <string />
            <string />
            <string />
        </key>
        <key name="Entry_43">
            <string />
            <string />
            <string>거짓말들</string>
            <string />
            <string />
            <string />
            <string />
            <string />
        </key>
        <key name="Entry_44">
            <string />
            <string />
            <string>행운의 숫자|16 31 64 70 74</string>
            <string />
            <string />
            <string />
            <string />
            <string />
        </key>
        <key name="Entry_45">
            <string />
            <string />
            <string>감옥으로 가라</string>
            <string />
            <string />
            <string />
            <string />
            <string />
        </key>
        <key name="Entry_46">
            <string />
            <string />
            <string>리버스 개발은 취소됐어요</string>
            <string />
            <string />
            <string />
            <string />
            <string />
        </key>
        <key name="Entry_47">
            <string />
            <string />
            <string>고양이 말을 들어</string>
            <string />
            <string />
            <string />
            <string />
            <string />
        </key>
        <key name="Entry_48">
            <string />
            <string />
            <string>뚱뚱하시네요|운동을|하셔야겠어요</string>
            <string />
            <string />
            <string />
            <string />
            <string />
        </key>
        <key name="Entry_49">
            <string />
            <string />
            <string>약을 복용해라</string>
            <string />
            <string />
            <string />
            <string />
            <string />
        </key>
        <key name="Entry_50">
            <string />
            <string />
            <string>두 갈래 길|갈 곳을 고르는 건|너 자신이다</string>
            <string />
            <string />
            <string />
            <string />
            <string />
        </key>
        <key name="Entry_51">
            <string />
            <string />
            <string>진정으로 믿어라</string>
            <string />
            <string />
            <string />
            <string />
            <string />
        </key>
        <key name="Entry_52">
            <string />
            <string />
            <string>아무도 믿지 마라</string>
            <string />
            <string />
            <string />
            <string />
            <string />
        </key>
        <key name="Entry_53">
            <string />
            <string />
            <string>착한 사람을 믿어라</string>
            <string />
            <string />
            <string />
            <string />
            <string />
        </key>
        <key name="Entry_54">
            <string />
            <string />
            <string>개 말을 들어</string>
            <string />
            <string />
            <string />
            <string />
            <string />
        </key>
        <key name="Entry_55">
            <string />
            <string />
            <string>얼룩말 말을 들어</string>
            <string />
            <string />
            <string />
            <string />
            <string />
        </key>
        <key name="Entry_56">
            <string />
            <string />
            <string>오늘은 무얼|하고 싶은가</string>
            <string />
            <string />
            <string />
            <string />
            <string />
        </key>
        <key name="Entry_57">
            <string />
            <string />
            <string>폭탄을 현명하게 쓰라</string>
            <string />
            <string />
            <string />
            <string />
            <string />
        </key>
        <key name="Entry_58">
            <string />
            <string />
            <string>죽기 위해 살다</string>
            <string />
            <string />
            <string />
            <string />
            <string />
        </key>
        <key name="Entry_59">
            <string />
            <string />
            <string>참 못한다|내가 할 테니까|비켜</string>
            <string />
            <string />
            <string />
            <string />
            <string />
        </key>
        <key name="Entry_60">
            <string />
            <string />
            <string>자신의 길을 직접 선택하라</string>
            <string />
            <string />
            <string />
            <string />
            <string />
        </key>
        <key name="Entry_61">
            <string />
            <string />
            <string>예전의 삶은|이미 사라졌다</string>
            <string />
            <string />
            <string />
            <string />
            <string />
        </key>
        <key name="Entry_62">
            <string />
            <string />
            <string>피곤해!!!</string>
            <string />
            <string />
            <string />
            <string />
            <string />
        </key>
        <key name="Entry_63">
            <string />
            <string />
            <string>네 골칫거리는|한둘이 아닐 것이다</string>
            <string />
            <string />
            <string />
            <string />
            <string />
        </key>
        <key name="Entry_64">
            <string />
            <string />
            <string>타인을 탓하지 말고|자신을 탓해라</string>
            <string />
            <string />
            <string />
            <string />
            <string />
        </key>
    </category>
    <category name="Fortune_Rules">
        <key name="Entry_1">
            <string />
            <string />
            <string>방은 생각보다|넓을 수 있다|시행착오가 필요하다</string>
            <string />
            <string />
            <string />
            <string />
            <string />
        </key>
        <key name="Entry_2">
            <string />
            <string />
            <string>어떤 문들은|축복받은 자에게만|열릴 것이다</string>
            <string />
            <string />
            <string />
            <string />
            <string />
        </key>
        <key name="Entry_3">
            <string />
            <string />
            <string>시간이 갈 수록|그 벽은 두꺼워져 간다|빠르게 이동하라</string>
            <string />
            <string />
            <string />
            <string />
            <string />
        </key>
        <key name="Entry_4">
            <string />
            <string />
            <string>잠든 문지기들은|큰 소리가 나면|깨어날 것이다</string>
            <string />
            <string />
            <string />
            <string />
            <string />
        </key>
        <key name="Entry_5">
            <string />
            <string />
            <string>종이 조각이|너를 이끌 것이다</string>
            <string />
            <string />
            <string />
            <string />
            <string />
        </key>
        <key name="Entry_6">
            <string />
            <string />
            <string>그와 계약하지 않으면|보상이 있을 것이다</string>
            <string />
            <string />
            <string />
            <string />
            <string />
        </key>
        <key name="Entry_7">
            <string />
            <string />
            <string>너의 발 밑에|암시장이 숨겨져 있다</string>
            <string />
            <string />
            <string />
            <string />
            <string />
        </key>
        <key name="Entry_8">
            <string />
            <string />
            <string>처브는 폭탄을 싫어해!</string>
            <string />
            <string />
            <string />
            <string />
            <string />
        </key>
    </category>
    <category name="Fortune_Seeds">
        <key name="Entry_1">
            <string />
            <string />
            <string>SL0W 4ME2</string>
            <string />
            <string />
            <string />
            <string />
            <string />
        </key>
        <key name="Entry_2">
            <string />
            <string />
            <string>HART BEAT</string>
            <string />
            <string />
            <string />
            <string />
            <string />
        </key>
        <key name="Entry_3">
            <string />
            <string />
            <string>CAM0 K1DD</string>
            <string />
            <string />
            <string />
            <string />
            <string />
        </key>
        <key name="Entry_4">
            <string />
            <string />
            <string>CAM0 F0ES</string>
            <string />
            <string />
            <string />
            <string />
            <string />
        </key>
        <key name="Entry_5">
            <string />
            <string />
            <string>CAM0 DR0P</string>
            <string />
            <string />
            <string />
            <string />
            <string />
        </key>
        <key name="Entry_6">
            <string />
            <string />
            <string>FART SNDS</string>
            <string />
            <string />
            <string />
            <string />
            <string />
        </key>
        <key name="Entry_7">
            <string />
            <string />
            <string>B00B T00B</string>
            <string />
            <string />
            <string />
            <string />
            <string />
        </key>
        <key name="Entry_8">
            <string />
            <string />
            <string>DYSL EX1A</string>
            <string />
            <string />
            <string />
            <string />
            <string />
        </key>
        <key name="Entry_9">
            <string />
            <string />
            <string>KEEP TRAK</string>
            <string />
            <string />
            <string />
            <string />
            <string />
        </key>
        <key name="Entry_10">
            <string />
            <string />
            <string>KEEP AWAY</string>
            <string />
            <string />
            <string />
            <string />
            <string />
        </key>
        <key name="Entry_11">
            <string />
            <string />
            <string>DRAW KCAB</string>
            <string />
            <string />
            <string />
            <string />
            <string />
        </key>
        <key name="Entry_12">
            <string />
            <string />
            <string>CHAM P10N</string>
            <string />
            <string />
            <string />
            <string />
            <string />
        </key>
        <key name="Entry_13">
            <string />
            <string />
            <string>1MN0 B0DY</string>
            <string />
            <string />
            <string />
            <string />
            <string />
        </key>
        <key name="Entry_14">
            <string />
            <string />
            <string>BL1N DEYE</string>
            <string />
            <string />
            <string />
            <string />
            <string />
        </key>
        <key name="Entry_15">
            <string />
            <string />
            <string>BASE MENT</string>
            <string />
            <string />
            <string />
            <string />
            <string />
        </key>
        <key name="Entry_16">
            <string />
            <string />
            <string>C0CK FGHT</string>
            <string />
            <string />
            <string />
            <string />
            <string />
        </key>
        <key name="Entry_17">
            <string />
            <string />
            <string>C0NF ETT1</string>
            <string />
            <string />
            <string />
            <string />
            <string />
        </key>
        <key name="Entry_18">
            <string />
            <string />
            <string>FEAR M1NT</string>
            <string />
            <string />
            <string />
            <string />
            <string />
        </key>
        <key name="Entry_19">
            <string />
            <string />
            <string>CLST RPH0</string>
            <string />
            <string />
            <string />
            <string />
            <string />
        </key>
        <key name="Entry_20">
            <string />
            <string />
            <string>FRA1 DN0T</string>
            <string />
            <string />
            <string />
            <string />
            <string />
        </key>
        <key name="Entry_21">
            <string />
            <string />
            <string>BL00 00DY</string>
            <string />
            <string />
            <string />
            <string />
            <string />
        </key>
        <key name="Entry_22">
            <string />
            <string />
            <string>BRWN SNKE</string>
            <string />
            <string />
            <string />
            <string />
            <string />
        </key>
        <key name="Entry_23">
            <string />
            <string />
            <string>PAC1 F1SM</string>
            <string />
            <string />
            <string />
            <string />
            <string />
        </key>
        <key name="Entry_24">
            <string />
            <string />
            <string>D0NT ST0P</string>
            <string />
            <string />
            <string />
            <string />
            <string />
        </key>
        <key name="Entry_25">
            <string />
            <string />
            <string>THEG H0ST</string>
            <string />
            <string />
            <string />
            <string />
            <string />
        </key>
        <key name="Entry_26">
            <string />
            <string />
            <string>30M1 N1TS</string>
            <string />
            <string />
            <string />
            <string />
            <string />
        </key>
        <key name="Entry_27">
            <string />
            <string />
            <string>MED1 C1NE</string>
            <string />
            <string />
            <string />
            <string />
            <string />
        </key>
        <key name="Entry_28">
            <string />
            <string />
            <string>FACE D0WN</string>
            <string />
            <string />
            <string />
            <string />
            <string />
        </key>
        <key name="Entry_29">
            <string />
            <string />
            <string>C0ME BACK</string>
            <string />
            <string />
            <string />
            <string />
            <string />
        </key>
        <key name="Entry_30">
            <string />
            <string />
            <string>FREE 2PAY</string>
            <string />
            <string />
            <string />
            <string />
            <string />
        </key>
        <key name="Entry_31">
            <string />
            <string />
            <string>PAY2 PLAY</string>
            <string />
            <string />
            <string />
            <string />
            <string />
        </key>
        <key name="Entry_32">
            <string />
            <string />
            <string>T0PH EAVY</string>
            <string />
            <string />
            <string />
            <string />
            <string />
        </key>
        <key name="Entry_33">
            <string />
            <string />
            <string>T1NY D0ME</string>
            <string />
            <string />
            <string />
            <string />
            <string />
        </key>
        <key name="Entry_34">
            <string />
            <string />
            <string>PTCH BLCK</string>
            <string />
            <string />
            <string />
            <string />
            <string />
        </key>
        <key name="Entry_35">
            <string />
            <string />
            <string>TEAR GL0W</string>
            <string />
            <string />
            <string />
            <string />
            <string />
        </key>
        <key name="Entry_36">
            <string />
            <string />
            <string>ANDA NTE</string>
            <string />
            <string />
            <string />
            <string />
            <string />
        </key>
        <key name="Entry_37">
            <string />
            <string />
            <string>LARG HET0</string>
            <string />
            <string />
            <string />
            <string />
            <string />
        </key>
        <key name="Entry_38">
            <string />
            <string />
            <string>ALLE GR0</string>
            <string />
            <string />
            <string />
            <string />
            <string />
        </key>
        <key name="Entry_39">
            <string />
            <string />
            <string>PRES T0</string>
            <string />
            <string />
            <string />
            <string />
            <string />
        </key>
        <key name="Entry_40">
            <string />
            <string />
            <string>THEB LANK</string>
            <string />
            <string />
            <string />
            <string />
            <string />
        </key>
        <key name="Entry_41">
            <string />
            <string />
            <string>HARD HARD</string>
            <string />
            <string />
            <string />
            <string />
            <string />
        </key>
        <key name="Entry_42">
            <string />
            <string />
            <string>BRTL B0NS</string>
            <string />
            <string />
            <string />
            <string />
            <string />
        </key>
        <key name="Entry_43">
            <string />
            <string />
            <string>KAPP A</string>
            <string />
            <string />
            <string />
            <string />
            <string />
        </key>
        <key name="Entry_44">
            <string />
            <string />
            <string>CHRS TMAS</string>
            <string />
            <string />
            <string />
            <string />
            <string />
        </key>
        <key name="Entry_45">
            <string />
            <string />
            <string>H0H0 H0H0</string>
            <string />
            <string />
            <string />
            <string />
            <string />
        </key>
        <key name="Entry_46">
            <string />
            <string />
            <string>K1DS M0DE</string>
            <string />
            <string />
            <string />
            <string />
            <string />
        </key>
        <key name="Entry_47">
            <string />
            <string />
            <string>1CES KATE</string>
            <string />
            <string />
            <string />
            <string />
            <string />
        </key>
        <key name="Entry_48">
            <string />
            <string />
            <string>DARK NESS</string>
            <string />
            <string />
            <string />
            <string />
            <string />
        </key>
        <key name="Entry_49">
            <string />
            <string />
            <string>LABY RNTH</string>
            <string />
            <string />
            <string />
            <string />
            <string />
        </key>
        <key name="Entry_50">
            <string />
            <string />
            <string>L0ST</string>
            <string />
            <string />
            <string />
            <string />
            <string />
        </key>
        <key name="Entry_51">
            <string />
            <string />
            <string>VNKN 0WN</string>
            <string />
            <string />
            <string />
            <string />
            <string />
        </key>
        <key name="Entry_52">
            <string />
            <string />
            <string>MAZE</string>
            <string />
            <string />
            <string />
            <string />
            <string />
        </key>
        <key name="Entry_53">
            <string />
            <string />
            <string>BL1N D</string>
            <string />
            <string />
            <string />
            <string />
            <string />
        </key>
        <key name="Entry_54">
            <string />
            <string />
            <string>CVRS ED</string>
            <string />
            <string />
            <string />
            <string />
            <string />
        </key>
        <key name="Entry_55">
            <string />
            <string />
            <string>N1TE L1TE</string>
            <string />
            <string />
            <string />
            <string />
            <string />
        </key>
        <key name="Entry_56">
            <string />
            <string />
            <string>THRE AD</string>
            <string />
            <string />
            <string />
            <string />
            <string />
        </key>
        <key name="Entry_57">
            <string />
            <string />
            <string>F0VN D</string>
            <string />
            <string />
            <string />
            <string />
            <string />
        </key>
        <key name="Entry_58">
            <string />
            <string />
            <string>N0W1 KN0W</string>
            <string />
            <string />
            <string />
            <string />
            <string />
        </key>
        <key name="Entry_59">
            <string />
            <string />
            <string>BRA1 LLE</string>
            <string />
            <string />
            <string />
            <string />
            <string />
        </key>
        <key name="Entry_60">
            <string />
            <string />
            <string>PATH F1ND</string>
            <string />
            <string />
            <string />
            <string />
            <string />
        </key>
        <key name="Entry_61">
            <string />
            <string />
            <string>BLCK CNDL</string>
            <string />
            <string />
            <string />
            <string />
            <string />
        </key>
        <key name="Entry_62">
            <string />
            <string />
            <string>N0RE TVRN</string>
            <string />
            <string />
            <string />
            <string />
            <string />
        </key>
        <key name="Entry_63">
            <string />
            <string />
            <string>G0NE S00N</string>
            <string />
            <string />
            <string />
            <string />
            <string />
        </key>
        <key name="Entry_64">
            <string />
            <string />
            <string>ALM1 GHTY</string>
            <string />
            <string />
            <string />
            <string />
            <string />
        </key>
        <key name="Entry_65">
            <string />
            <string />
            <string>BRAV ERY</string>
            <string />
            <string />
            <string />
            <string />
            <string />
        </key>
        <key name="Entry_66">
            <string />
            <string />
            <string>C0WR D1CE</string>
            <string />
            <string />
            <string />
            <string />
            <string />
        </key>
        <key name="Entry_67">
            <string />
            <string />
            <string>AX1S ALGN</string>
            <string />
            <string />
            <string />
            <string />
            <string />
        </key>
        <key name="Entry_68">
            <string />
            <string />
            <string>SVPE RH0T</string>
            <string />
            <string />
            <string />
            <string />
            <string />
        </key>
        <key name="Entry_69">
            <string />
            <string />
            <string>M0DE SEVN</string>
            <string />
            <string />
            <string />
            <string />
            <string />
        </key>
    </category>
    <category name="RunStatus">
        <key name="ROOM_MEGA_SATAN">
            <string />
            <string />
            <string>메가 사탄과 싸우는 중</string>
            <string />
            <string />
            <string />
            <string />
            <string />
        </key>
        <key name="ROOM_BOSS">
            <string />
            <string />
            <string>%s에서 보스와 싸우는 중</string>
            <string />
            <string />
            <string />
            <string />
            <string />
        </key>
        <key name="ROOM_MINIBOSS">
            <string />
            <string />
            <string>%s에서 미니 보스와 싸우는 중</string>
            <string />
            <string />
            <string />
            <string />
            <string />
        </key>
        <key name="ROOM_ARCADE">
            <string />
            <string />
            <string>%s에서 오락실 게임 중</string>
            <string />
            <string />
            <string />
            <string />
            <string />
        </key>
        <key name="ROOM_DEVIL">
            <string />
            <string />
            <string>%s에서 악마와 거래 중</string>
            <string />
            <string />
            <string />
            <string />
            <string />
        </key>
        <key name="ROOM_ANGEL">
            <string />
            <string />
            <string>%s에서 천사에게 기도 중</string>
            <string />
            <string />
            <string />
            <string />
            <string />
        </key>
        <key name="ROOM_BARREN">
            <string />
            <string />
            <string>%s 속 아이작의 방에서 노는 중</string>
            <string />
            <string />
            <string />
            <string />
            <string />
        </key>
        <key name="ROOM_ISAACS">
            <string />
            <string />
            <string>%s 속 아이작의 방에서 노는 중</string>
            <string />
            <string />
            <string />
            <string />
            <string />
        </key>
        <key name="ROOM_SHOP">
            <string />
            <string />
            <string>%s에서 쇼핑 중</string>
            <string />
            <string />
            <string />
            <string />
            <string />
        </key>
        <key name="ROOM_BLACK_MARKET">
            <string />
            <string />
            <string>%s 속 암시장에서 쇼핑 중</string>
            <string />
            <string />
            <string />
            <string />
            <string />
        </key>
        <key name="ROOM_ERROR">
            <string />
            <string />
            <string>%s에서 오류</string>
            <string />
            <string />
            <string />
            <string />
            <string />
        </key>
        <key name="ROOM_BOSSRUSH">
            <string />
            <string />
            <string>보스 러시 중</string>
            <string />
            <string />
            <string />
            <string />
            <string />
        </key>
        <key name="ROOM_CURSE">
            <string />
            <string />
            <string>%s에서 저주받음!</string>
            <string />
            <string />
            <string />
            <string />
            <string />
        </key>
        <key name="ROOM_CHALLENGE">
            <string />
            <string />
            <string>%s에서 도전 중</string>
            <string />
            <string />
            <string />
            <string />
            <string />
        </key>
        <key name="ROOM_DICE">
            <string />
            <string />
            <string>%s에서 리롤할지 고민 중</string>
            <string />
            <string />
            <string />
            <string />
            <string />
        </key>
        <key name="ROOM_LIBRARY">
            <string />
            <string />
            <string>%s에서 책 읽는 중</string>
            <string />
            <string />
            <string />
            <string />
            <string />
        </key>
        <key name="ROOM_SACRIFICE">
            <string />
            <string />
            <string>%s에서 자기희생 중</string>
            <string />
            <string />
            <string />
            <string />
            <string />
        </key>
        <key name="ROOM_TREASURE">
            <string />
            <string />
            <string>%s에서 보물 수집 중</string>
            <string />
            <string />
            <string />
            <string />
            <string />
        </key>
        <key name="ROOM_CHEST">
            <string />
            <string />
            <string>%s에서 금고 약탈 중</string>
            <string />
            <string />
            <string />
            <string />
            <string />
        </key>
        <key name="ROOM_SECRET">
            <string />
            <string />
            <string>%s에서 비밀을 발견</string>
            <string />
            <string />
            <string />
            <string />
            <string />
        </key>
        <key name="ROOM_SUPERSECRET">
            <string />
            <string />
            <string>%s에서 일급 비밀을 발견</string>
            <string />
            <string />
            <string />
            <string />
            <string />
        </key>
        <key name="ROOM_DUNGEON">
            <string />
            <string />
            <string>%s 아래를 뒤지는 중</string>
            <string />
            <string />
            <string />
            <string />
            <string />
        </key>
        <key name="ROOM_PLANETARIUM">
            <string />
            <string />
            <string>%s에서 별을 바라보는 중</string>
            <string />
            <string />
            <string />
            <string />
            <string />
        </key>
        <key name="CHALLENGE_RUN">
            <string />
            <string />
            <string>%s에서 챌린지 플레이 중</string>
            <string />
            <string />
            <string />
            <string />
            <string />
        </key>
        <key name="CUSTOM_SEED">
            <string />
            <string />
            <string>%s에서 커스텀 시드로 플레이 중</string>
            <string />
            <string />
            <string />
            <string />
            <string />
        </key>
        <key name="NORMAL_RUN">
            <string />
            <string />
            <string>%s 탐색 중</string>
            <string />
            <string />
            <string />
            <string />
            <string />
        </key>
    </category>
    <category name="Online">
        <key name="GAME_STARTING_COUNTDOWN">
            <string />
            <string />
            <string>게임 시작까지... %d</string>
            <string />
            <string />
            <string />
            <string />
            <string />
        </key>
        <key name="GAME_IN_PROGRESS">
            <string />
            <string />
            <string>게임 진행 중</string>
            <string />
            <string />
            <string />
            <string />
            <string />
        </key>
        <key name="CONFIRM_LEAVE_LOBBY">
            <string />
            <string />
            <string>정말 로비에서 나가시겠습니까?</string>
            <string />
            <string />
            <string />
            <string />
            <string />
        </key>
        <key name="ONLINE_VERSION_MISMATCH">
            <string />
            <string />
            <string>멀티플레이 로비에 입장할 수 없습니다. 게임 버전이 일치하지 않습니다. \n (%s 대 %s)</string>
            <string />
            <string />
            <string />
            <string />
            <string />
        </key>
        <key name="NO_ONLINE_FRIENDS">
            <string />
            <string />
            <string>온라인인 친구가 없습니다</string>
            <string />
            <string />
            <string />
            <string />
            <string />
        </key>
        <key name="NO_FRIEND_LOBBIES">
            <string />
            <string />
            <string>친구 로비를 찾지 못했습니다</string>
            <string />
            <string />
            <string />
            <string />
            <string />
        </key>
        <key name="NO_PUBLIC_LOBBIES">
            <string />
            <string />
            <string>공개 로비를 찾지 못했습니다</string>
            <string />
            <string />
            <string />
            <string />
            <string />
        </key>
        <key name="NO_LOBBIES">
            <string />
            <string />
            <string>로비를 찾지 못했습니다</string>
            <string />
            <string />
            <string />
            <string />
            <string />
        </key>
        <key name="IN_LOBBY">
            <string />
            <string />
            <string>로비</string>
            <string />
            <string />
            <string />
            <string />
            <string />
        </key>
        <key name="IN_DEATHMATCH">
            <string />
            <string />
            <string>데스매치</string>
            <string />
            <string />
            <string />
            <string />
            <string />
        </key>
        <key name="SEARCHING_FOR_LOBBIES">
            <string />
            <string />
            <string>로비를 찾는 중...</string>
            <string />
            <string />
            <string />
            <string />
            <string />
        </key>
        <key name="NO_LOBBIES_FOUND">
            <string />
            <string />
            <string>로비를 찾지 못했습니다. 새로 만드시겠습니까?</string>
            <string />
            <string />
            <string />
            <string />
            <string />
        </key>
        <key name="CREATING_LOBBY">
            <string />
            <string />
            <string>로비 만드는 중</string>
            <string />
            <string />
            <string />
            <string />
            <string />
        </key>
        <key name="JOINING_LOBBY">
            <string />
            <string />
            <string>로비 입장 중</string>
            <string />
            <string />
            <string />
            <string />
            <string />
        </key>
        <key name="ERROR_NOT_CONNECTED">
            <string />
            <string />
            <string>네트워크에 연결되어 있지 않습니다</string>
            <string />
            <string />
            <string />
            <string />
            <string />
        </key>
        <key name="ERROR_TIMED_OUT">
            <string />
            <string />
            <string>처리 시간이 초과되었습니다</string>
            <string />
            <string />
            <string />
            <string />
            <string />
        </key>
        <key name="ERROR_ACCESS_DENIED">
            <string />
            <string />
            <string>엑세스가 거부되었습니다</string>
            <string />
            <string />
            <string />
            <string />
            <string />
        </key>
        <key name="ERROR_LIMIT_REACHED">
            <string />
            <string />
            <string>처리 한도가 초과되었습니다</string>
            <string />
            <string />
            <string />
            <string />
            <string />
        </key>
        <key name="ERROR_REQUEST_BLOCKED">
            <string />
            <string />
            <string>요청이 차단되었습니다</string>
            <string />
            <string />
            <string />
            <string />
            <string />
        </key>
        <key name="ERROR_USER_BANNED">
            <string />
            <string />
            <string>처리 중 차단되었습니다</string>
            <string />
            <string />
            <string />
            <string />
            <string />
        </key>
        <key name="ERROR_LOBBY_DOESNT_EXIST">
            <string />
            <string />
            <string>로비가 존재하지 않습니다</string>
            <string />
            <string />
            <string />
            <string />
            <string />
        </key>
        <key name="ERROR_LOBBY_FULL">
            <string />
            <string />
            <string>로비가 가득 찼습니다</string>
            <string />
            <string />
            <string />
            <string />
            <string />
        </key>
        <key name="ERROR_UNKNOWN">
            <string />
            <string />
            <string>알 수 없는 오류</string>
            <string />
            <string />
            <string />
            <string />
            <string />
        </key>
        <key name="LOBBY_CREATE_FAILED">
            <string />
            <string />
            <string>로비 만들기에 실패했습니다</string>
            <string />
            <string />
            <string />
            <string />
            <string />
        </key>
        <key name="LOBBY_JOIN_FAILED">
            <string />
            <string />
            <string>로비 입장에 실패했습니다</string>
            <string />
            <string />
            <string />
            <string />
            <string />
        </key>
        <key name="LOBBY_JOIN_DAILY_FAILED">
            <string />
            <string />
            <string>일일 도전 로비 입장에 실패했습니다</string>
            <string />
            <string />
            <string />
            <string />
            <string />
        </key>
        <key name="LOBBY_JOIN_DAILY_DENIED">
            <string />
            <string />
            <string>일일 도전에 참가할 조건이 충족되지 않았습니다</string>
            <string />
            <string />
            <string />
            <string />
            <string />
        </key>
        <key name="LOBBY_JOIN_DAILY_IN_PROGRESS">
            <string />
            <string />
            <string>진행 중인 일일 도전에는 입장할 수 없습니다</string>
            <string />
            <string />
            <string />
            <string />
            <string />
        </key>
        <key name="LOBBY_JOIN_DAILY_CHECK">
            <string />
            <string />
            <string>일일 도전 조건 확인 중...</string>
            <string />
            <string />
            <string />
            <string />
            <string />
        </key>
        <key name="LOBBY_JOIN_PASS_CHECK">
            <string />
            <string />
            <string>비밀번호를 입력하세요</string>
            <string />
            <string />
            <string />
            <string />
            <string />
        </key>
        <key name="LOBBY_JOIN_PASS_WRONG_PASS">
            <string />
            <string />
            <string>비밀번호가 일치하지 않습니다!</string>
            <string />
            <string />
            <string />
            <string />
            <string />
        </key>
        <key name="LOBBY_KICKED">
            <string />
            <string />
            <string>로비에서 추방되었습니다!</string>
            <string />
            <string />
            <string />
            <string />
            <string />
        </key>
        <key name="MATCH_ENDED">
            <string />
            <string />
            <string>게임이 종료되었습니다!</string>
            <string />
            <string />
            <string />
            <string />
            <string />
        </key>
        <key name="ONLY_FOUND_JOIN_IN_PROGRESS">
            <string />
            <string />
            <string>게임이 진행 중인 로비만 찾았습니다. 새 로비를 만드시겠습니까, 아니면 진행 중인 로비에 입장하시겠습니까?</string>
            <string />
            <string />
            <string />
            <string />
            <string />
        </key>
        <key name="CREATE_NEW_LOBBY">
            <string />
            <string />
            <string>새 로비 만들기</string>
            <string />
            <string />
            <string />
            <string />
            <string />
        </key>
        <key name="JOIN_LOBBY_IN_PROGRESS">
            <string />
            <string />
            <string>진행 중인 로비에 입장하기</string>
            <string />
            <string />
            <string />
            <string />
            <string />
        </key>
        <key name="DEATHMATCH_WINNER">
            <string />
            <string />
            <string>%s 승리!</string>
            <string />
            <string />
            <string />
            <string />
            <string />
        </key>
        <key name="DEATHMATCH_DRAW">
            <string />
            <string />
            <string>무승부!</string>
            <string />
            <string />
            <string />
            <string />
            <string />
        </key>
        <key name="DEATHMATCH_NAME">
            <string />
            <string />
            <string>데스매치!</string>
            <string />
            <string />
            <string />
            <string />
            <string />
        </key>
        <key name="ONLINE_QUICK_DESCRIPTOR">
            <string />
            <string />
            <string>가장 빠르게 온라인 매치에 뛰어드세요!</string>
            <string />
            <string />
            <string />
            <string />
            <string />
        </key>
        <key name="ONLINE_PUBLIC_DESCRIPTOR">
            <string />
            <string />
            <string>공개 매치를 둘러보거나 직접 매치를 만드세요!</string>
            <string />
            <string />
            <string />
            <string />
            <string />
        </key>
        <key name="ONLINE_FRIEND_DESCRIPTOR">
            <string />
            <string />
            <string>친구들과 함께 온라인 매치를 만들고 플레이하세요!</string>
            <string />
            <string />
            <string />
            <string />
            <string />
        </key>
        <key name="ONLINE_DAILY_DESCRIPTOR">
            <string />
            <string />
            <string>솔로 또는 그룹으로 매일 순위를 겨루세요!</string>
            <string />
            <string />
            <string />
            <string />
            <string />
        </key>
        <key name="ONLINE_OPTIONS_DESCRIPTOR">
            <string />
            <string />
            <string>설정입니다!</string>
            <string />
            <string />
            <string />
            <string />
            <string />
        </key>
        <key name="COOP_AWARD_GREEDY">
            <string />
            <string />
            <string>욕심쟁이</string>
            <string />
            <string />
            <string />
            <string />
            <string />
        </key>
        <key name="COOP_AWARD_GREEDY_DESC">
            <string />
            <string />
            <string>가장 많이 동전을 주움</string>
            <string />
            <string />
            <string />
            <string />
            <string />
        </key>
        <key name="COOP_AWARD_PRIDEFUL">
            <string />
            <string />
            <string>오만함</string>
            <string />
            <string />
            <string />
            <string />
            <string />
        </key>
        <key name="COOP_AWARD_PRIDEFUL_DESC">
            <string />
            <string />
            <string>가장 아이템을 적게 얻음</string>
            <string />
            <string />
            <string />
            <string />
            <string />
        </key>
        <key name="COOP_AWARD_LUSTFUL">
            <string />
            <string />
            <string>욕정</string>
            <string />
            <string />
            <string />
            <string />
            <string />
        </key>
        <key name="COOP_AWARD_LUSTFUL_DESC">
            <string />
            <string />
            <string>가장 많이 피해를 입음</string>
            <string />
            <string />
            <string />
            <string />
            <string />
        </key>
        <key name="COOP_AWARD_ENVIOUS">
            <string />
            <string />
            <string>질투심</string>
            <string />
            <string />
            <string />
            <string />
            <string />
        </key>
        <key name="COOP_AWARD_ENVIOUS_DESC">
            <string />
            <string />
            <string>헌혈, 거지 또는 악마와의 거래로 인해 사망함</string>
            <string />
            <string />
            <string />
            <string />
            <string />
        </key>
        <key name="COOP_AWARD_MYSTIC">
            <string />
            <string />
            <string>신비주의자</string>
            <string />
            <string />
            <string />
            <string />
            <string />
        </key>
        <key name="COOP_AWARD_MYSTIC_DESC">
            <string />
            <string />
            <string>가장 많이 카드를 사용함 (최소 5회)</string>
            <string />
            <string />
            <string />
            <string />
            <string />
        </key>
        <key name="COOP_AWARD_PILL_POPPER">
            <string />
            <string />
            <string>약물 남용</string>
            <string />
            <string />
            <string />
            <string />
            <string />
        </key>
        <key name="COOP_AWARD_PILL_POPPER_DESC">
            <string />
            <string />
            <string>가장 많이 알약을 먹음 (최소 5회)</string>
            <string />
            <string />
            <string />
            <string />
            <string />
        </key>
        <key name="COOP_AWARD_HEARTLESS">
            <string />
            <string />
            <string>무심함</string>
            <string />
            <string />
            <string />
            <string />
            <string />
        </key>
        <key name="COOP_AWARD_HEARTLESS_DESC">
            <string />
            <string />
            <string>아무 체력도 획득하지 않음</string>
            <string />
            <string />
            <string />
            <string />
            <string />
        </key>
        <key name="COOP_AWARD_EXPRESSIVE">
            <string />
            <string />
            <string>표현적</string>
            <string />
            <string />
            <string />
            <string />
            <string />
        </key>
        <key name="COOP_AWARD_EXPRESSIVE_DESC">
            <string />
            <string />
            <string>가장 많이 감정표헌을 함 (최소 10회)</string>
            <string />
            <string />
            <string />
            <string />
            <string />
        </key>
        <key name="COOP_AWARD_ESCAPE_ARTIST">
            <string />
            <string />
            <string>탈출가</string>
            <string />
            <string />
            <string />
            <string />
            <string />
        </key>
        <key name="COOP_AWARD_ESCAPE_ARTIST_DESC">
            <string />
            <string />
            <string>도전방, 보스 러시, 오류방, 저주방에서 순간이동으로 탈출함 (최소 2회)</string>
            <string />
            <string />
            <string />
            <string />
            <string />
        </key>
        <key name="COOP_AWARD_DRESSED_UP">
            <string />
            <string />
            <string>차려입기</string>
            <string />
            <string />
            <string />
            <string />
            <string />
        </key>
        <key name="COOP_AWARD_DRESSED_UP_DESC">
            <string />
            <string />
            <string>가장 많이 변신함 (최소 2회)</string>
            <string />
            <string />
            <string />
            <string />
            <string />
        </key>
        <key name="COOP_AWARD_GAMBLER">
            <string />
            <string />
            <string>도박사</string>
            <string />
            <string />
            <string />
            <string />
            <string />
        </key>
        <key name="COOP_AWARD_GAMBLER_DESC">
            <string />
            <string />
            <string>가장 많이 슬롯머신, 인형 뽑기, 해골 야바위로 도박함 (최소 20회)</string>
            <string />
            <string />
            <string />
            <string />
            <string />
        </key>
        <key name="COOP_AWARD_SAVIOR">
            <string />
            <string />
            <string>구원자</string>
            <string />
            <string />
            <string />
            <string />
            <string />
        </key>
        <key name="COOP_AWARD_SAVIOR_DESC">
            <string />
            <string />
            <string>가장 많이 동료를 부활시킴 (최소 3회)</string>
            <string />
            <string />
            <string />
            <string />
            <string />
        </key>
        <key name="COOP_AWARD_BIG_SPENDER">
            <string />
            <string />
            <string>큰손</string>
            <string />
            <string />
            <string />
            <string />
            <string />
        </key>
        <key name="COOP_AWARD_BIG_SPENDER_DESC">
            <string />
            <string />
            <string>상점에서 가장 많이 돈을 소비함</string>
            <string />
            <string />
            <string />
            <string />
            <string />
        </key>
        <key name="COOP_AWARD_JANITOR">
            <string />
            <string />
            <string>청소부</string>
            <string />
            <string />
            <string />
            <string />
            <string />
        </key>
        <key name="COOP_AWARD_JANITOR_DESC">
            <string />
            <string />
            <string>가장 많이 똥과 불을 제거함 (최소 10회)</string>
            <string />
            <string />
            <string />
            <string />
            <string />
        </key>
        <key name="COOP_AWARD_WRATHFUL">
            <string />
            <string />
            <string>격노</string>
            <string />
            <string />
            <string />
            <string />
            <string />
        </key>
        <key name="COOP_AWARD_WRATHFUL_DESC">
            <string />
            <string />
            <string>가장 많이 피해를 입힘</string>
            <string />
            <string />
            <string />
            <string />
            <string />
        </key>
        <key name="COOP_AWARD_RECKLESS">
            <string />
            <string />
            <string>거침없음</string>
            <string />
            <string />
            <string />
            <string />
            <string />
        </key>
        <key name="COOP_AWARD_RECKLESS_DESC">
            <string />
            <string />
            <string>다른 플레이어에게 피해를 입힘 (최소 3회)</string>
            <string />
            <string />
            <string />
            <string />
            <string />
        </key>
        <key name="COOP_AWARD_SLOTHFUL">
            <string />
            <string />
            <string>나태함</string>
            <string />
            <string />
            <string />
            <string />
            <string />
        </key>
        <key name="COOP_AWARD_SLOTHFUL_DESC">
            <string />
            <string />
            <string>가장 적게 몬스터를 처치 함</string>
            <string />
            <string />
            <string />
            <string />
            <string />
        </key>
        <key name="COOP_AWARD_GLUTTONOUS">
            <string />
            <string />
            <string>과식함</string>
            <string />
            <string />
            <string />
            <string />
            <string />
        </key>
        <key name="COOP_AWARD_GLUTTONOUS_DESC">
            <string />
            <string />
            <string>다른 플레이어의 체력이 적을 때 심장을 획득함</string>
            <string />
            <string />
            <string />
            <string />
            <string />
        </key>
        <key name="COOP_AWARD_EXPLORER">
            <string />
            <string />
            <string>탐험가</string>
            <string />
            <string />
            <string />
            <string />
            <string />
        </key>
        <key name="COOP_AWARD_EXPLORER_DESC">
            <string />
            <string />
            <string>가장 많이 비밀방을 엶 (최소 3회)</string>
            <string />
            <string />
            <string />
            <string />
            <string />
        </key>
        <key name="COOP_AWARD_BIG_BOSS">
            <string />
            <string />
            <string>두목 행세</string>
            <string />
            <string />
            <string />
            <string />
            <string />
        </key>
        <key name="COOP_AWARD_BIG_BOSS_DESC">
            <string />
            <string />
            <string>가장 많이 보스에게 마지막 일격을 날림 (최소 5회)</string>
            <string />
            <string />
            <string />
            <string />
            <string />
        </key>
        <key name="COOP_AWARD_ETERNAL">
            <string />
            <string />
            <string>영원함</string>
            <string />
            <string />
            <string />
            <string />
            <string />
        </key>
        <key name="COOP_AWARD_ETERNAL_DESC">
            <string />
            <string />
            <string>유령일 때 보스를 처치함</string>
            <string />
            <string />
            <string />
            <string />
            <string />
        </key>
        <key name="WAITING_FOR_PLAYERS">
            <string />
            <string />
            <string>다른 플레이어를 기다리는 중</string>
            <string />
            <string />
            <string />
            <string />
            <string />
        </key>
        <key name="VOTE_COUNT_STRING">
            <string />
            <string />
            <string>%d / %d 투표함</string>
            <string />
            <string />
            <string />
            <string />
            <string />
        </key>
        <key name="NO_CONNECTION_TO_HOST">
            <string />
            <string />
            <string>게임 호스트와의 연결이 끊어졌습니다. 보안/방화벽 설정을 확인하고 다시 시도하세요.</string>
            <string />
            <string />
            <string />
            <string />
            <string />
        </key>
        <key name="ONLINE_CHALLENGE_BLOCKED">
            <string />
            <string />
            <string>로비에 입장할 수 없습니다. 해당 챌린지를 해금하지 않았습니다.</string>
            <string />
            <string />
            <string />
            <string />
            <string />
        </key>
        <key name="ONLINE_USER_BANNED">
            <string />
            <string />
            <string>로비에 입장할 수 없습니다. 호스트로부터 차단되었습니다.</string>
            <string />
            <string />
            <string />
            <string />
            <string />
        </key>
    </category>
</stringtable>